# Blender 5.1.0
# www.blender.org
mtllib Obstacle_C.mtl
o barricada_barricada_0
v -0.349600 0.306786 0.000385
v -0.549524 0.314201 0.015042
v -0.347758 0.316670 0.010646
v -0.347078 0.115542 0.926882
v -0.329727 0.114578 0.909391
v -0.332469 0.118600 0.905069
v -0.286928 0.116431 0.891020
v -0.262362 0.119839 0.890343
v -0.286988 0.120762 0.885759
v -0.241713 0.102932 0.995142
v -0.259602 0.104347 1.012692
v -0.237919 0.106046 0.997962
v -0.240941 0.117950 0.904110
v -0.263549 0.115673 0.895267
v -0.243445 0.113912 0.908158
v -0.224299 0.108140 0.951477
v -0.224001 0.108747 0.976498
v -0.219716 0.112039 0.951310
v -0.285473 0.103873 1.018282
v -0.261829 0.101399 1.008656
v -0.285605 0.100865 1.013653
v -0.343172 0.105538 0.976156
v -0.344985 0.104772 0.952578
v -0.347901 0.108211 0.952773
v -0.228597 0.105359 0.975031
v -0.225901 0.115137 0.925730
v -0.327519 0.099313 0.993666
v -0.309366 0.102035 1.008973
v -0.308167 0.097951 1.005924
v -0.263080 0.097753 1.005871
v -0.285783 0.095466 1.001810
v -0.285648 0.097137 1.010598
v -0.329742 0.103370 0.995961
v -0.340377 0.101991 0.974826
v -0.321819 0.097610 0.987364
v -0.332492 0.100488 0.971045
v -0.302906 0.092887 0.992678
v -0.305198 0.096009 0.998024
v -0.256118 0.087872 0.981044
v -0.269660 -0.086219 0.990310
v -0.269783 0.086260 0.990029
v -0.328592 0.092941 0.952302
v -0.325106 -0.095834 0.936486
v -0.325133 0.095833 0.936475
v -0.285851 -0.085573 0.993867
v -0.302138 0.086101 0.990882
v -0.285850 0.085580 0.993855
v -0.243909 0.093094 0.951490
v -0.246902 -0.090287 0.967510
v -0.247109 0.090307 0.967432
v -0.316122 0.087681 0.981963
v -0.325287 -0.090108 0.968339
v -0.325189 0.090121 0.968300
v -0.244482 -0.093146 0.951531
v -0.247556 0.095920 0.935644
v -0.248284 -0.095999 0.936001
v -0.302779 -0.099806 0.913713
v -0.286681 0.100410 0.910605
v -0.302596 0.099863 0.914178
v -0.257275 -0.098371 0.922725
v -0.256940 0.098316 0.922391
v -0.270628 -0.099846 0.913494
v -0.270702 0.099874 0.913684
v -0.316290 -0.098350 0.922876
v -0.315790 0.098433 0.923414
v -0.285850 0.085580 0.993855
v -0.243935 0.099412 0.993067
v -0.266408 0.096111 0.997696
v -0.310137 0.116154 0.895873
v -0.311415 0.119945 0.890788
v -0.231363 0.101730 0.973806
v -0.227230 0.104676 0.951351
v -0.239591 0.100176 0.970127
v -0.232450 0.107739 0.929195
v -0.236120 0.103006 0.950974
v -0.229667 0.111278 0.927969
v -0.245478 0.110199 0.910535
v -0.240373 0.106293 0.932224
v -0.264583 0.111801 0.898318
v -0.251413 0.108885 0.916406
v -0.286913 0.112699 0.894383
v -0.267746 0.110365 0.906006
v -0.309041 0.112405 0.899247
v -0.286809 0.111079 0.902469
v -0.321843 0.109271 0.917291
v -0.327572 0.110702 0.911991
v -0.332500 0.106500 0.933193
v -0.340481 0.107742 0.930345
v -0.343157 0.111102 0.929175
v -0.336355 0.103278 0.952085
v -0.250191 0.098066 0.986496
v 0.324613 -0.095875 0.936708
v 0.316189 0.098328 0.922993
v 0.315697 -0.098428 0.923500
v -0.316122 0.087681 0.981963
v -0.302138 0.086101 0.990882
v -0.347835 0.109143 0.977893
v -0.528741 0.079743 1.155947
v -0.352676 0.112528 0.952643
v -0.556163 0.172239 0.470065
v -0.333431 0.106263 0.999156
v 0.000000 0.176526 0.470842
v 0.000000 0.084424 1.156809
v 0.000000 0.117429 0.929821
v -0.264881 0.315971 0.181466
v 0.000000 0.315975 0.180808
v -0.285749 0.092374 0.995796
v -0.268944 0.093240 0.991977
v -0.245140 0.096982 0.968080
v -0.256118 0.087872 0.981044
v -0.269783 0.086260 0.990029
v -0.254690 0.095012 0.982399
v -0.245976 0.102485 0.934749
v -0.243909 0.093094 0.951490
v -0.247109 0.090307 0.967432
v -0.242091 0.099632 0.951260
v -0.270073 0.106778 0.912027
v -0.256940 0.098316 0.922391
v -0.247556 0.095920 0.935644
v -0.255832 0.105053 0.921071
v -0.286659 0.107282 0.908789
v -0.305779 0.110895 0.906527
v -0.303316 0.106962 0.912402
v -0.286681 0.100410 0.910605
v -0.270702 0.099874 0.913684
v -0.317326 0.105469 0.921832
v -0.326923 0.102930 0.935738
v -0.302596 0.099863 0.914178
v -0.315790 0.098433 0.923414
v -0.330312 0.100109 0.952282
v -0.326921 0.097133 0.968888
v -0.325133 0.095833 0.936475
v -0.328592 0.092941 0.952302
v -0.325189 0.090121 0.968300
v -0.317574 0.094162 0.983216
v -0.311412 0.104888 1.013363
v -0.534427 0.074677 1.154395
v -0.556163 0.172239 0.470065
v -0.566660 0.160964 0.466842
v -0.549524 0.314201 0.015042
v -0.552203 0.300273 0.001360
v -0.562647 0.299797 0.012289
v 0.000000 0.316656 0.098155
v -0.238015 0.318132 0.097231
v -0.278291 0.318284 0.088751
v -0.292708 0.318776 0.078932
v -0.550065 0.312564 0.180445
v 0.000000 0.084424 1.156809
v -0.526854 0.072695 1.161311
v -0.000120 0.077229 1.163931
v -0.528741 0.079743 1.155947
v -0.534427 0.074677 1.154395
v -0.302171 -0.086096 0.990954
v -0.000000 -0.000000 0.080377
v -0.262261 0.000031 0.075485
v -0.235217 0.309305 0.085026
v -0.564326 0.300341 0.178989
v -0.550065 0.312564 0.180445
v -0.335440 0.307554 0.007201
v -0.280797 0.310649 0.069633
v -0.269843 0.310323 0.078720
v -0.280797 0.310649 0.069633
v -0.257061 0.309866 0.083273
v -0.261063 0.317751 0.094022
v 0.262678 0.000034 0.076995
v 0.235217 0.309641 0.084344
v -0.269843 0.310323 0.078720
v 0.000000 0.307929 0.087358
v -0.235217 0.309305 0.085026
v -0.561854 -0.000000 0.002708
v -0.526486 -0.072452 1.161070
v -0.549549 -0.000000 -0.002874
v 0.000002 -0.075615 1.164245
v 0.526639 0.072614 1.161766
v -0.257061 0.309866 0.083273
v -0.565188 -0.160732 0.466740
v -0.349600 0.306786 0.000385
v -0.549549 -0.000000 -0.002874
v -0.552203 0.300273 0.001360
v -0.255974 -0.087844 0.981189
v 0.349723 0.306630 0.000951
v 0.549608 0.314735 0.014957
v 0.552220 0.300283 0.001278
v 0.347019 0.115772 0.926939
v 0.330356 0.114038 0.908709
v 0.342992 0.111190 0.929260
v 0.262470 0.121189 0.890724
v 0.286932 0.116545 0.891213
v 0.286993 0.121012 0.885826
v 0.259764 0.105812 1.012606
v 0.243005 0.103944 0.994048
v 0.238175 0.108095 0.997966
v 0.241208 0.119843 0.904646
v 0.263982 0.116293 0.896324
v 0.224206 0.111168 0.976567
v 0.226466 0.109475 0.951605
v 0.220085 0.114156 0.951556
v 0.285485 0.104527 1.018170
v 0.262337 0.102050 1.007711
v 0.344704 0.105286 0.952642
v 0.342364 0.106097 0.975853
v 0.347475 0.108474 0.952800
v 0.230577 0.106614 0.974351
v 0.226215 0.116628 0.926102
v 0.244352 0.114593 0.909287
v 0.309080 0.102575 1.008286
v 0.326862 0.100778 0.993255
v 0.307948 0.098879 1.005448
v 0.263466 0.099144 1.005302
v 0.285763 0.096564 1.001623
v 0.266569 0.097644 0.997498
v 0.285626 0.101287 1.012962
v 0.285667 0.098020 1.010149
v 0.329060 0.104141 0.995243
v 0.339872 0.102941 0.974670
v 0.321398 0.099470 0.987228
v 0.332295 0.101501 0.971107
v 0.302465 0.093821 0.991649
v 0.285827 0.093231 0.994851
v 0.270037 -0.086335 0.989528
v 0.256831 0.087935 0.980376
v 0.269997 0.086327 0.989542
v 0.325031 0.095845 0.936521
v 0.328116 -0.092982 0.952305
v 0.328074 0.092992 0.952292
v 0.301774 0.086192 0.989993
v 0.285875 -0.085634 0.993220
v 0.285872 0.085715 0.992717
v 0.248548 0.090447 0.966925
v 0.244424 -0.093150 0.951495
v 0.245773 0.093322 0.951551
v 0.324312 0.090195 0.967906
v 0.315839 -0.087719 0.981680
v 0.315213 0.087784 0.981033
v 0.248877 0.096085 0.936294
v 0.247505 -0.095916 0.935636
v 0.302712 0.099820 0.913912
v 0.286676 -0.100441 0.910890
v 0.302460 -0.099897 0.914501
v 0.257697 0.098414 0.923172
v 0.270686 -0.099866 0.913637
v 0.286692 0.100457 0.911033
v 0.270938 0.099937 0.914281
v 0.324887 -0.090147 0.968183
v 0.285875 -0.085634 0.993220
v 0.285872 0.085715 0.992717
v 0.244853 0.101471 0.992593
v 0.250498 0.099905 0.986507
v 0.332625 0.117900 0.904833
v 0.310278 0.115884 0.895472
v 0.232689 0.103999 0.973426
v 0.228657 0.107073 0.951589
v 0.239894 0.102106 0.970218
v 0.236331 0.105192 0.951287
v 0.233019 0.109028 0.929655
v 0.240367 0.107872 0.932502
v 0.245910 0.111749 0.911148
v 0.251467 0.110278 0.916577
v 0.230715 0.111952 0.928522
v 0.264799 0.113021 0.899002
v 0.267769 0.111304 0.906143
v 0.286807 0.111421 0.902520
v 0.286914 0.112858 0.894457
v 0.305768 0.110040 0.906359
v 0.309144 0.111511 0.898832
v 0.321943 0.108121 0.917062
v 0.327804 0.109602 0.911628
v 0.332523 0.106197 0.933134
v 0.340471 0.107765 0.930352
v 0.336322 0.103649 0.952164
v 0.311403 0.120086 0.890841
v 0.315213 0.087784 0.981033
v 0.301774 0.086192 0.989993
v 0.347718 0.109864 0.977888
v 0.352649 0.112643 0.952658
v 0.528340 0.080410 1.156205
v 0.556806 0.171591 0.469521
v 0.333285 0.107416 0.999132
v 0.264881 0.316022 0.181480
v 0.285872 0.085715 0.992717
v 0.269311 0.093975 0.991248
v 0.246846 0.098243 0.967585
v 0.255882 0.096019 0.981425
v 0.256831 0.087935 0.980376
v 0.269997 0.086327 0.989542
v 0.247569 0.103478 0.935648
v 0.244206 0.100854 0.951506
v 0.245773 0.093322 0.951551
v 0.248548 0.090447 0.966925
v 0.270313 0.107290 0.912742
v 0.256654 0.105923 0.922065
v 0.257697 0.098414 0.923172
v 0.248877 0.096085 0.936294
v 0.286644 0.107570 0.909233
v 0.303445 0.106615 0.912027
v 0.286692 0.100457 0.911033
v 0.270938 0.099937 0.914281
v 0.317750 0.104955 0.921357
v 0.326943 0.102932 0.935753
v 0.302712 0.099820 0.913912
v 0.329840 0.100412 0.952357
v 0.325649 0.098023 0.968499
v 0.325031 0.095845 0.936521
v 0.316189 0.098328 0.922993
v 0.305007 0.097354 0.997815
v 0.324312 0.090195 0.967906
v 0.316225 0.095443 0.982073
v 0.328074 0.092992 0.952292
v 0.311364 0.105661 1.013322
v 0.556806 0.171591 0.469521
v 0.535171 0.074998 1.154999
v 0.565031 0.160645 0.466709
v 0.549608 0.314735 0.014957
v 0.562079 0.303397 0.012374
v 0.552220 0.300283 0.001278
v 0.238017 0.318067 0.097253
v 0.278294 0.318247 0.088757
v 0.550771 0.312088 0.180401
v 0.292702 0.318828 0.078928
v 0.535171 0.074998 1.154999
v 0.528340 0.080410 1.156205
v 0.349811 -0.306476 0.001370
v 0.336407 0.306855 0.008272
v 0.349723 0.306630 0.000951
v 0.564530 0.300389 0.179002
v 0.550771 0.312088 0.180401
v 0.336407 0.306855 0.008272
v 0.280932 0.310485 0.069765
v 0.347882 0.315891 0.010980
v 0.269811 0.310378 0.078669
v 0.280932 0.310485 0.069765
v 0.257037 0.309959 0.083119
v 0.235217 0.309641 0.084344
v -0.335440 0.307554 0.007201
v -0.349610 -0.306771 0.000429
v 0.269811 0.310378 0.078669
v 0.261065 0.317718 0.094033
v 0.000000 0.307929 0.087358
v 0.565797 0.000458 0.007767
v 0.535024 -0.074956 1.154862
v -0.262261 0.000031 0.075485
v -0.336781 -0.309569 0.008070
v 0.257037 0.309959 0.083119
v 0.535024 -0.074956 1.154862
v 0.565281 -0.160690 0.466781
v 0.552220 0.300283 0.001278
v 0.556259 0.000777 -0.002067
v 0.256793 -0.098303 0.922221
v 0.248014 -0.090440 0.967083
v 0.256815 -0.088004 0.980338
v 0.563935 -0.300253 0.178969
v -0.352750 -0.316650 0.009155
v -0.552540 -0.305166 0.001846
v -0.349610 -0.306771 0.000429
v -0.347206 -0.115131 0.926780
v -0.330141 -0.114238 0.908942
v -0.343377 -0.110978 0.929067
v -0.262377 -0.119995 0.890405
v -0.286931 -0.116315 0.890799
v -0.286987 -0.120530 0.885660
v -0.259655 -0.104813 1.012619
v -0.242181 -0.103290 0.994722
v -0.238120 -0.106959 0.997849
v -0.241039 -0.118323 0.904274
v -0.263502 -0.115574 0.895145
v -0.224162 -0.109312 0.976491
v -0.224882 -0.108486 0.951536
v -0.219947 -0.112680 0.951396
v -0.285473 -0.103905 1.018278
v -0.261899 -0.101506 1.008520
v -0.344952 -0.104840 0.952584
v -0.343187 -0.105527 0.976162
v -0.347919 -0.108199 0.952773
v -0.229092 -0.105676 0.974852
v -0.225985 -0.115381 0.925790
v -0.243530 -0.113989 0.908262
v -0.309471 -0.101802 1.009246
v -0.327409 -0.099563 0.993568
v -0.308158 -0.097999 1.005903
v -0.263168 -0.098062 1.005730
v -0.285748 -0.095757 1.001722
v -0.266424 -0.096443 0.997619
v -0.285605 -0.100834 1.013696
v -0.285649 -0.097324 1.010507
v -0.329740 -0.103372 0.995959
v -0.340423 -0.101905 0.974835
v -0.321692 -0.097947 0.987322
v -0.332492 -0.100473 0.971021
v -0.302939 -0.093031 0.992589
v -0.285822 -0.092451 0.995853
v -0.244214 -0.100009 0.992853
v -0.250202 -0.098357 0.986538
v -0.332541 -0.118135 0.904917
v -0.310388 -0.115722 0.895200
v -0.231736 -0.102429 0.973728
v -0.227623 -0.105426 0.951475
v -0.239685 -0.100898 0.970159
v -0.236243 -0.103971 0.951134
v -0.232561 -0.108039 0.929283
v -0.240404 -0.106695 0.932316
v -0.245549 -0.110484 0.910659
v -0.251413 -0.108914 0.916410
v -0.229808 -0.111368 0.928042
v -0.264576 -0.111744 0.898290
v -0.267743 -0.110424 0.906011
v -0.286919 -0.112262 0.894204
v -0.286813 -0.110938 0.902443
v -0.305762 -0.110113 0.906409
v -0.309175 -0.111326 0.898820
v -0.321870 -0.108555 0.917210
v -0.327776 -0.109878 0.911681
v -0.332531 -0.106005 0.933102
v -0.340614 -0.107404 0.930233
v -0.336338 -0.103367 0.952128
v -0.311463 -0.119421 0.890613
v -0.315977 -0.087707 0.981818
v -0.302171 -0.086096 0.990954
v -0.347910 -0.108852 0.977892
v -0.352812 -0.111992 0.952583
v -0.528115 -0.079695 1.155793
v -0.557239 -0.172289 0.469765
v -0.333430 -0.106265 0.999155
v -0.000015 -0.177170 0.471047
v 0.000001 -0.084415 1.156802
v -0.000008 -0.115592 0.929565
v -0.264882 -0.316411 0.181594
v -0.000015 -0.316380 0.180921
v -0.285851 -0.085573 0.993867
v -0.268854 -0.093228 0.992144
v -0.245390 -0.097233 0.967976
v -0.254644 -0.095067 0.982464
v -0.255974 -0.087844 0.981189
v -0.269660 -0.086219 0.990310
v -0.246705 -0.103178 0.935231
v -0.242820 -0.100151 0.951375
v -0.244482 -0.093146 0.951531
v -0.246902 -0.090287 0.967510
v -0.269965 -0.106559 0.911766
v -0.256072 -0.105374 0.921367
v -0.257275 -0.098371 0.922725
v -0.248284 -0.095999 0.936001
v -0.286643 -0.107113 0.908556
v -0.303460 -0.106742 0.912040
v -0.286690 -0.100385 0.910192
v -0.270628 -0.099846 0.913494
v -0.317623 -0.105205 0.921515
v -0.326894 -0.102862 0.935761
v -0.302779 -0.099806 0.913713
v -0.330305 -0.100089 0.952274
v -0.326911 -0.097103 0.968887
v -0.325106 -0.095834 0.936486
v -0.316290 -0.098350 0.922876
v -0.305140 -0.096283 0.998010
v -0.325287 -0.090108 0.968339
v -0.317277 -0.094562 0.982996
v -0.328488 -0.092952 0.952296
v -0.311421 -0.104799 1.013370
v -0.557239 -0.172289 0.469765
v -0.534347 -0.074660 1.154644
v -0.551754 -0.314315 0.013422
v -0.562364 -0.303091 0.010992
v -0.552540 -0.305166 0.001846
v 0.000009 -0.317261 0.097926
v -0.238017 -0.318321 0.097169
v -0.278221 -0.318565 0.088656
v -0.550862 -0.312654 0.180548
v -0.292452 -0.319785 0.078781
v 0.000001 -0.084415 1.156802
v -0.534347 -0.074660 1.154644
v -0.528115 -0.079695 1.155793
v -0.564818 -0.300447 0.179003
v -0.550862 -0.312654 0.180548
v -0.336781 -0.309569 0.008070
v -0.280237 -0.311092 0.069068
v -0.269561 -0.310616 0.078285
v -0.280237 -0.311092 0.069068
v -0.257004 -0.310025 0.083009
v -0.235206 -0.309382 0.084845
v -0.269561 -0.310616 0.078285
v -0.261059 -0.317783 0.094009
v -0.551754 -0.314315 0.013422
v -0.235206 -0.309382 0.084845
v 0.000030 -0.307755 0.086528
v 0.000030 -0.307755 0.086528
v -0.257004 -0.310025 0.083009
v 0.349811 -0.306476 0.001370
v 0.551600 -0.315167 0.013966
v 0.347997 -0.315832 0.011050
v 0.346798 -0.117333 0.927363
v 0.328816 -0.115231 0.910396
v 0.332273 -0.120614 0.905478
v 0.286902 -0.116945 0.892128
v 0.262405 -0.120609 0.890568
v 0.286924 -0.122108 0.886129
v 0.242105 -0.103244 0.994790
v 0.259669 -0.104945 1.012632
v 0.238058 -0.106853 0.997927
v 0.241137 -0.118906 0.904405
v 0.263708 -0.115888 0.895704
v 0.243776 -0.114141 0.908518
v 0.225089 -0.108544 0.951521
v 0.224196 -0.109710 0.976566
v 0.220069 -0.113132 0.951445
v 0.285480 -0.104417 1.018245
v 0.261995 -0.101636 1.008301
v 0.285618 -0.101236 1.013043
v 0.342480 -0.105945 0.975903
v 0.344550 -0.105709 0.952769
v 0.347229 -0.108547 0.952839
v 0.229332 -0.105808 0.974778
v 0.226189 -0.116060 0.925957
v 0.327193 -0.100076 0.993493
v 0.309381 -0.102014 1.009003
v 0.308141 -0.098072 1.005871
v 0.263209 -0.098262 1.005628
v 0.285754 -0.096511 1.001655
v 0.285651 -0.098070 1.010123
v 0.329487 -0.103570 0.995755
v 0.339938 -0.102858 0.974738
v 0.321542 -0.098770 0.987212
v 0.332261 -0.101707 0.971123
v 0.302630 -0.093578 0.992000
v 0.305010 -0.096898 0.997891
v 0.244186 -0.099941 0.992882
v 0.266458 -0.096790 0.997541
v 0.309658 -0.116729 0.896954
v 0.311345 -0.121842 0.891245
v 0.231868 -0.102619 0.973702
v 0.227688 -0.105514 0.951451
v 0.239729 -0.100982 0.970175
v 0.232588 -0.108085 0.929294
v 0.236238 -0.103894 0.951126
v 0.229976 -0.111437 0.928123
v 0.245643 -0.110783 0.910769
v 0.240390 -0.106646 0.932310
v 0.264631 -0.112279 0.898546
v 0.251420 -0.109166 0.916459
v 0.286868 -0.113721 0.894884
v 0.267727 -0.110913 0.906100
v 0.308821 -0.113523 0.899715
v 0.286749 -0.112043 0.902638
v 0.327102 -0.112372 0.912617
v 0.305753 -0.112293 0.906730
v 0.332446 -0.108110 0.933547
v 0.339757 -0.109530 0.930993
v 0.341867 -0.111925 0.929931
v 0.336204 -0.104562 0.952312
v 0.250263 -0.098370 0.986560
v 0.315839 -0.087719 0.981680
v 0.301993 -0.086138 0.990526
v 0.347696 -0.109939 0.977923
v 0.528497 -0.080720 1.156306
v 0.352574 -0.113104 0.952727
v 0.556984 -0.171856 0.469611
v 0.333322 -0.106872 0.999165
v 0.264932 -0.317087 0.181818
v 0.285829 -0.093165 0.994940
v 0.269213 -0.093841 0.991428
v 0.246102 -0.097727 0.967797
v 0.256815 -0.088004 0.980338
v 0.270037 -0.086335 0.989528
v 0.255156 -0.095531 0.982016
v 0.246237 -0.102854 0.934969
v 0.244424 -0.093150 0.951495
v 0.248014 -0.090440 0.967083
v 0.242907 -0.100190 0.951382
v 0.270182 -0.106995 0.912379
v 0.256793 -0.098303 0.922221
v 0.247505 -0.095916 0.935636
v 0.255961 -0.105299 0.921233
v 0.286622 -0.107667 0.909588
v 0.302885 -0.107499 0.913509
v 0.286676 -0.100441 0.910890
v 0.270686 -0.099866 0.913637
v 0.316503 -0.106064 0.922788
v 0.325693 -0.103619 0.936390
v 0.302460 -0.099897 0.914501
v 0.315697 -0.098428 0.923500
v 0.321789 -0.111013 0.917618
v 0.329473 -0.100611 0.952379
v 0.326127 -0.097739 0.968687
v 0.324613 -0.095875 0.936708
v 0.328116 -0.092982 0.952305
v 0.324887 -0.090147 0.968183
v 0.316828 -0.095003 0.982620
v 0.311409 -0.104940 1.013359
v 0.556984 -0.171856 0.469611
v 0.551600 -0.315167 0.013966
v 0.552746 -0.305806 0.001538
v 0.563503 -0.303003 0.011958
v 0.237649 -0.318482 0.098424
v 0.278203 -0.318733 0.088614
v 0.292592 -0.319573 0.078845
v 0.550802 -0.312298 0.180454
v 0.526771 -0.072745 1.162503
v 0.528497 -0.080720 1.156306
v 0.550802 -0.312298 0.180454
v 0.336593 -0.307056 0.008524
v 0.280399 -0.308748 0.069242
v 0.269482 -0.309525 0.078163
v 0.280399 -0.308748 0.069242
v 0.257080 -0.309803 0.083358
v 0.261541 -0.318698 0.095747
v 0.269482 -0.309525 0.078163
v 0.235229 -0.309142 0.085331
v 0.235229 -0.309142 0.085331
v 0.556259 0.000777 -0.002067
v 0.257080 -0.309803 0.083358
v 0.552746 -0.305806 0.001538
v 0.336593 -0.307056 0.008524
v 0.280399 -0.308748 0.069242
v 0.262678 0.000034 0.076995
v -0.552203 0.300273 0.001360
v -0.328488 -0.092952 0.952296
v -0.315977 -0.087707 0.981818
v -0.286690 -0.100385 0.910192
v -0.285851 -0.085573 0.993867
v -0.285850 0.085580 0.993855
v -0.528741 0.079743 1.155947
v 0.301993 -0.086138 0.990526
v 0.528340 0.080410 1.156205
v -0.280797 0.310649 0.069633
v -0.280237 -0.311092 0.069068
v -0.528115 -0.079695 1.155793
v -0.552540 -0.305166 0.001846
v 0.552746 -0.305806 0.001538
v 0.285875 -0.085634 0.993220
v 0.528497 -0.080720 1.156306
v 0.280932 0.310485 0.069765
v -0.337077 0.006961 1.206264
v -0.365338 0.004309 1.159392
v -0.363063 0.000735 1.158276
v -0.334934 0.003376 1.204942
v -0.090160 -0.006922 1.162068
v -0.115429 -0.001633 1.204426
v -0.116808 -0.005775 1.204057
v -0.091574 -0.011057 1.161755
v -0.119387 -0.009086 1.202800
v -0.094225 -0.014353 1.160614
v -0.122774 -0.011061 1.200845
v -0.097710 -0.016308 1.158818
v -0.126454 -0.011400 1.198490
v -0.101499 -0.016625 1.156640
v -0.129865 -0.010051 1.196094
v -0.105015 -0.015255 1.154413
v -0.132489 -0.007220 1.194022
v -0.107722 -0.012406 1.152476
v -0.133926 -0.003337 1.192588
v -0.109209 -0.008513 1.151123
v -0.133957 0.001006 1.192012
v -0.109249 -0.004168 1.150560
v -0.109249 -0.004168 1.150560
v -0.133957 0.001006 1.192012
v -0.132578 0.005148 1.192381
v -0.107835 -0.000033 1.150873
v -0.129998 0.008459 1.193638
v -0.105184 0.003263 1.152015
v -0.126611 0.010434 1.195593
v -0.101699 0.005218 1.153811
v -0.122932 0.010773 1.197948
v -0.097910 0.005535 1.155988
v -0.119521 0.009424 1.200344
v -0.094394 0.004165 1.158215
v -0.116897 0.006593 1.202416
v -0.091687 0.001316 1.160152
v -0.115460 0.002710 1.203850
v -0.090200 -0.002577 1.161505
v -0.337957 0.011235 1.206663
v -0.366280 0.008577 1.159694
v -0.124751 0.000072 1.217345
v -0.126034 -0.004088 1.216847
v -0.128413 -0.007435 1.215318
v -0.131524 -0.009459 1.212991
v -0.134896 -0.009854 1.210220
v -0.138013 -0.008557 1.207428
v -0.140403 -0.005768 1.205039
v -0.141700 -0.001910 1.203417
v -0.141708 0.002429 1.202809
v -0.141708 0.002429 1.202809
v -0.140425 0.006588 1.203308
v -0.138047 0.009935 1.204837
v -0.134935 0.011960 1.207164
v -0.131564 0.012354 1.209934
v -0.128446 0.011058 1.212726
v -0.126057 0.008269 1.215115
v -0.124759 0.004411 1.216737
v -0.134184 -0.002879 1.225036
v -0.136183 -0.006282 1.223132
v -0.138774 -0.008383 1.220292
v -0.141564 -0.008863 1.216948
v -0.144128 -0.007648 1.213609
v -0.146075 -0.004923 1.210783
v -0.147109 -0.001104 1.208901
v -0.147072 0.003229 1.208250
v -0.147072 0.003229 1.208250
v -0.145971 0.007415 1.208928
v -0.143973 0.010817 1.210831
v -0.141381 0.012918 1.213672
v -0.138591 0.013398 1.217016
v -0.136028 0.012183 1.220355
v -0.134081 0.009458 1.223180
v -0.133047 0.005639 1.225062
v -0.133083 0.001307 1.225713
v -0.143783 0.002522 1.232381
v -0.144583 -0.001699 1.231517
v -0.145951 -0.005172 1.229224
v -0.147678 -0.007371 1.225851
v -0.149503 -0.007960 1.221912
v -0.151147 -0.006848 1.218005
v -0.152360 -0.004207 1.214727
v -0.152957 -0.000437 1.212575
v -0.152847 0.003887 1.211879
v -0.152847 0.003887 1.211879
v -0.152047 0.008107 1.212742
v -0.150679 0.011581 1.215035
v -0.148951 0.013780 1.218408
v -0.147126 0.014368 1.222348
v -0.145483 0.013257 1.226254
v -0.144270 0.010616 1.229533
v -0.143673 0.006846 1.231684
v -0.155911 -0.000736 1.235016
v -0.156691 -0.004260 1.232533
v -0.157614 -0.006528 1.228899
v -0.158538 -0.007195 1.224669
v -0.159325 -0.006158 1.220485
v -0.159853 -0.003575 1.216985
v -0.160042 0.000159 1.214702
v -0.159863 0.004478 1.213983
v -0.159863 0.004478 1.213983
v -0.159345 0.008722 1.214938
v -0.158565 0.012247 1.217421
v -0.157642 0.014515 1.221054
v -0.156717 0.015181 1.225284
v -0.155931 0.014144 1.229468
v -0.155403 0.011562 1.232968
v -0.155214 0.007827 1.235251
v -0.155392 0.003509 1.235970
v -0.166525 0.000009 1.236567
v -0.167030 -0.003535 1.234040
v -0.167576 -0.005830 1.230348
v -0.168079 -0.006526 1.226052
v -0.168464 -0.005517 1.221806
v -0.168671 -0.002958 1.218256
v -0.168670 0.000763 1.215943
v -0.168459 0.005079 1.215219
v -0.168459 0.005079 1.215219
v -0.168072 0.009333 1.216194
v -0.167568 0.012877 1.218720
v -0.167022 0.015172 1.222412
v -0.166518 0.015868 1.226708
v -0.166134 0.014860 1.230955
v -0.165926 0.012300 1.234505
v -0.165928 0.008579 1.236818
v -0.166138 0.004263 1.237542
v -0.176731 0.000664 1.237384
v -0.177103 -0.002888 1.234847
v -0.177468 -0.005195 1.231140
v -0.177770 -0.005904 1.226827
v -0.177962 -0.004908 1.222565
v -0.178016 -0.002358 1.219002
v -0.177923 0.001357 1.216681
v -0.177697 0.005672 1.215956
v -0.177697 0.005672 1.215956
v -0.177373 0.009930 1.216936
v -0.177000 0.013483 1.219473
v -0.176635 0.015789 1.223181
v -0.176334 0.016498 1.227494
v -0.176142 0.015502 1.231756
v -0.176088 0.012953 1.235319
v -0.176181 0.009237 1.237639
v -0.176407 0.004922 1.238365
v -0.280693 0.006562 1.237169
v -0.280723 0.002989 1.234632
v -0.280619 0.000656 1.230925
v -0.280396 -0.000083 1.226612
v -0.280089 0.000885 1.222350
v -0.279744 0.003412 1.218787
v -0.279413 0.007113 1.216467
v -0.279148 0.011426 1.215741
v -0.279148 0.011426 1.215741
v -0.278988 0.015694 1.216722
v -0.278957 0.019266 1.219259
v -0.279061 0.021599 1.222966
v -0.279284 0.022338 1.227278
v -0.279591 0.021370 1.231541
v -0.279936 0.018843 1.235103
v -0.280267 0.015142 1.237424
v -0.280532 0.010829 1.238149
v -0.290952 0.007071 1.236345
v -0.290837 0.003491 1.233821
v -0.290534 0.001148 1.230131
v -0.290088 0.000398 1.225837
v -0.289569 0.001356 1.221593
v -0.289054 0.003874 1.218045
v -0.288622 0.007571 1.215733
v -0.288340 0.011883 1.215009
v -0.288340 0.011883 1.215009
v -0.288249 0.016154 1.215984
v -0.288364 0.019733 1.218508
v -0.288668 0.022076 1.222198
v -0.289113 0.022826 1.226492
v -0.289633 0.021869 1.230736
v -0.290148 0.019350 1.234283
v -0.290579 0.015653 1.236595
v -0.290862 0.011341 1.237319
v -0.301899 0.007529 1.234532
v -0.301407 0.003934 1.232076
v -0.300587 0.001570 1.228479
v -0.299564 0.000797 1.224289
v -0.298494 0.001732 1.220145
v -0.297540 0.004233 1.216676
v -0.296847 0.007919 1.214411
v -0.296521 0.012229 1.213695
v -0.296521 0.012229 1.213695
v -0.296610 0.016507 1.214637
v -0.297103 0.020102 1.217093
v -0.297923 0.022466 1.220690
v -0.298945 0.023239 1.224880
v -0.300015 0.022304 1.229024
v -0.300969 0.019803 1.232493
v -0.301662 0.016117 1.234758
v -0.301989 0.011807 1.235474
v -0.313930 0.012052 1.230696
v -0.313487 0.007767 1.229897
v -0.312256 0.004157 1.227740
v -0.310425 0.001773 1.224552
v -0.308272 0.000977 1.220820
v -0.306125 0.001890 1.217112
v -0.304311 0.004374 1.213991
v -0.303106 0.008050 1.211934
v -0.302693 0.012358 1.211253
v -0.302693 0.012358 1.211253
v -0.303136 0.016643 1.212052
v -0.304367 0.020253 1.214209
v -0.306198 0.022637 1.217396
v -0.308351 0.023433 1.221128
v -0.310498 0.022520 1.224837
v -0.312313 0.020036 1.227957
v -0.313518 0.016360 1.230015
v -0.323701 0.011948 1.223429
v -0.323020 0.007665 1.222804
v -0.321293 0.004060 1.221010
v -0.318781 0.001682 1.218320
v -0.315867 0.000893 1.215145
v -0.312995 0.001814 1.211967
v -0.310602 0.004303 1.209269
v -0.309053 0.007982 1.207464
v -0.308582 0.012291 1.206825
v -0.308582 0.012291 1.206825
v -0.309263 0.016574 1.207450
v -0.310990 0.020178 1.209244
v -0.313502 0.022556 1.211933
v -0.316416 0.023345 1.215109
v -0.319288 0.022425 1.218287
v -0.321681 0.019936 1.220985
v -0.323230 0.016257 1.222790
v -0.331489 0.011644 1.215209
v -0.330678 0.007366 1.214720
v -0.328678 0.003771 1.213210
v -0.325794 0.001408 1.210910
v -0.322464 0.000635 1.208169
v -0.319195 0.001570 1.205406
v -0.316486 0.004071 1.203040
v -0.314748 0.007758 1.201431
v -0.314245 0.012068 1.200826
v -0.314245 0.012068 1.200826
v -0.315056 0.016346 1.201315
v -0.317056 0.019940 1.202824
v -0.319940 0.022304 1.205124
v -0.323270 0.023077 1.207865
v -0.326539 0.022141 1.210629
v -0.329249 0.019640 1.212995
v -0.330987 0.015954 1.214603
v -0.331852 0.001024 1.202900
v -0.328302 0.000265 1.200447
v -0.324823 0.001213 1.197958
v -0.321946 0.003725 1.195811
v -0.320108 0.007417 1.194333
v -0.319589 0.011729 1.193749
v -0.319589 0.011729 1.193749
v -0.320468 0.016002 1.194149
v -0.322612 0.019588 1.195470
v -0.325694 0.021939 1.197512
v -0.329244 0.022698 1.199965
v -0.332723 0.021750 1.202454
v -0.335600 0.019238 1.204601
v -0.337438 0.015546 1.206079
v -0.359802 -0.001602 1.156514
v -0.356051 -0.002344 1.154375
v -0.352381 -0.001379 1.152185
v -0.349351 0.001145 1.150276
v -0.347422 0.004846 1.148940
v -0.346888 0.009158 1.148381
v -0.346888 0.009158 1.148381
v -0.347830 0.013426 1.148682
v -0.350105 0.017001 1.149799
v -0.353366 0.019337 1.151560
v -0.357118 0.020079 1.153699
v -0.360787 0.019114 1.155890
v -0.363817 0.016590 1.157798
v -0.365746 0.012890 1.159134
v 0.095171 -0.021839 1.204248
v 0.067319 -0.022312 1.157061
v 0.069942 -0.025503 1.155597
v 0.097664 -0.025032 1.202579
v 0.342234 -0.006236 1.161467
v 0.316563 -0.008020 1.203874
v 0.315607 -0.012217 1.203056
v 0.341243 -0.010435 1.160704
v 0.313373 -0.015616 1.201429
v 0.338937 -0.013840 1.159192
v 0.310201 -0.017701 1.199240
v 0.335665 -0.015932 1.157163
v 0.306574 -0.018154 1.196824
v 0.331927 -0.016392 1.154924
v 0.303045 -0.016906 1.194548
v 0.328291 -0.015151 1.152817
v 0.300150 -0.014147 1.192758
v 0.325312 -0.012398 1.151163
v 0.298330 -0.010297 1.191727
v 0.323442 -0.008551 1.150212
v 0.297863 -0.005942 1.191612
v 0.322966 -0.004197 1.150111
v 0.322966 -0.004197 1.150111
v 0.297863 -0.005942 1.191612
v 0.298820 -0.001745 1.192430
v 0.323957 0.000002 1.150874
v 0.301054 0.001654 1.194058
v 0.326264 0.003407 1.152385
v 0.304225 0.003739 1.196246
v 0.329536 0.005499 1.154414
v 0.307852 0.004192 1.198662
v 0.333274 0.005959 1.156653
v 0.311382 0.002944 1.200939
v 0.336909 0.004718 1.158760
v 0.314276 0.000185 1.202729
v 0.339889 0.001965 1.160415
v 0.316096 -0.003665 1.203760
v 0.341759 -0.001882 1.161365
v 0.093867 -0.017742 1.205087
v 0.065954 -0.018216 1.157801
v 0.307116 -0.008635 1.216801
v 0.306257 -0.012825 1.215853
v 0.304227 -0.016211 1.213954
v 0.301334 -0.018278 1.211393
v 0.298020 -0.018711 1.208561
v 0.294787 -0.017444 1.205888
v 0.292130 -0.014669 1.203782
v 0.290452 -0.010810 1.202562
v 0.290008 -0.006454 1.202416
v 0.290008 -0.006454 1.202416
v 0.290867 -0.002263 1.203364
v 0.292898 0.001123 1.205263
v 0.295790 0.003190 1.207824
v 0.299105 0.003623 1.210656
v 0.302337 0.002356 1.213329
v 0.304995 -0.000419 1.215435
v 0.306673 -0.004278 1.216655
v 0.298027 -0.013312 1.224037
v 0.296380 -0.016676 1.221763
v 0.294013 -0.018712 1.218690
v 0.291285 -0.019110 1.215284
v 0.288613 -0.017810 1.212065
v 0.286402 -0.015009 1.209522
v 0.284990 -0.011134 1.208043
v 0.284591 -0.006775 1.207853
v 0.284591 -0.006775 1.207853
v 0.285266 -0.002595 1.208980
v 0.286913 0.000769 1.211254
v 0.289280 0.002805 1.214327
v 0.292008 0.003203 1.217733
v 0.294681 0.001902 1.220952
v 0.296891 -0.000898 1.223495
v 0.298304 -0.004773 1.224974
v 0.298702 -0.009132 1.225164
v 0.287935 -0.009706 1.231808
v 0.287563 -0.013869 1.230495
v 0.286551 -0.017199 1.227834
v 0.285052 -0.019189 1.224230
v 0.283296 -0.019536 1.220231
v 0.281548 -0.018186 1.216446
v 0.280077 -0.015346 1.213452
v 0.279104 -0.011448 1.211704
v 0.278779 -0.007085 1.211469
v 0.278779 -0.007085 1.211469
v 0.279151 -0.002921 1.212782
v 0.280164 0.000409 1.215443
v 0.281662 0.002399 1.219048
v 0.283419 0.002745 1.223047
v 0.285166 0.001396 1.226831
v 0.286638 -0.001445 1.229825
v 0.287610 -0.005343 1.231573
v 0.276195 -0.014419 1.233955
v 0.275773 -0.017720 1.231106
v 0.275083 -0.019671 1.227244
v 0.274229 -0.019973 1.222957
v 0.273343 -0.018582 1.218898
v 0.272558 -0.015709 1.215685
v 0.271995 -0.011791 1.213807
v 0.271739 -0.007424 1.213549
v 0.271739 -0.007424 1.213549
v 0.271829 -0.003274 1.214952
v 0.272251 0.000027 1.217801
v 0.272942 0.001978 1.221663
v 0.273795 0.002280 1.225950
v 0.274681 0.000889 1.230009
v 0.275466 -0.001985 1.233222
v 0.276029 -0.005903 1.235101
v 0.276285 -0.010269 1.235358
v 0.265560 -0.014906 1.235463
v 0.265413 -0.018195 1.232572
v 0.265101 -0.020128 1.228652
v 0.264669 -0.020411 1.224301
v 0.264185 -0.019001 1.220181
v 0.263722 -0.016113 1.216919
v 0.263350 -0.012186 1.215012
v 0.263126 -0.007818 1.214750
v 0.263126 -0.007818 1.214750
v 0.263084 -0.003675 1.216173
v 0.263231 -0.000386 1.219064
v 0.263543 0.001547 1.222983
v 0.263974 0.001831 1.227334
v 0.264458 0.000421 1.231454
v 0.264922 -0.002467 1.234716
v 0.265294 -0.006394 1.236623
v 0.265518 -0.010762 1.236886
v 0.255340 -0.015363 1.236236
v 0.255326 -0.018646 1.233335
v 0.255194 -0.020571 1.229401
v 0.254965 -0.020845 1.225034
v 0.254674 -0.019427 1.220899
v 0.254365 -0.016532 1.217625
v 0.254084 -0.012601 1.215711
v 0.253876 -0.008232 1.215447
v 0.253876 -0.008232 1.215447
v 0.253771 -0.004091 1.216875
v 0.253785 -0.000809 1.219777
v 0.253916 0.001117 1.223710
v 0.254145 0.001391 1.228077
v 0.254436 -0.000028 1.232212
v 0.254746 -0.002923 1.235486
v 0.255026 -0.006854 1.237401
v 0.255235 -0.011222 1.237664
v 0.151311 -0.019885 1.235537
v 0.151640 -0.023153 1.232637
v 0.151977 -0.025057 1.228706
v 0.152273 -0.025309 1.224342
v 0.152482 -0.023868 1.220209
v 0.152571 -0.020956 1.216937
v 0.152529 -0.017015 1.215024
v 0.152360 -0.012644 1.214761
v 0.152360 -0.012644 1.214761
v 0.152091 -0.008511 1.216188
v 0.151762 -0.005243 1.219088
v 0.151425 -0.003338 1.223019
v 0.151129 -0.003087 1.227383
v 0.150921 -0.004527 1.231516
v 0.150831 -0.007439 1.234788
v 0.150874 -0.011381 1.236701
v 0.151042 -0.015751 1.236964
v 0.141052 -0.020318 1.234662
v 0.141526 -0.023580 1.231776
v 0.142063 -0.025476 1.227863
v 0.142582 -0.025718 1.223519
v 0.143003 -0.024269 1.219406
v 0.143262 -0.021349 1.216149
v 0.143320 -0.017404 1.214245
v 0.143169 -0.013033 1.213983
v 0.143169 -0.013033 1.213983
v 0.142830 -0.008902 1.215404
v 0.142356 -0.005640 1.218291
v 0.141819 -0.003744 1.222204
v 0.141300 -0.003502 1.226547
v 0.140879 -0.004951 1.230661
v 0.140620 -0.007870 1.233917
v 0.140562 -0.011816 1.235821
v 0.140713 -0.016187 1.236083
v 0.130115 -0.020765 1.232791
v 0.130966 -0.024011 1.229975
v 0.132019 -0.025887 1.226158
v 0.133114 -0.026105 1.221921
v 0.134085 -0.024634 1.217910
v 0.134783 -0.021696 1.214735
v 0.135102 -0.017740 1.212879
v 0.134994 -0.013367 1.212626
v 0.134994 -0.013367 1.212626
v 0.134475 -0.009244 1.214013
v 0.133625 -0.005997 1.216830
v 0.132572 -0.004122 1.220647
v 0.131476 -0.003904 1.224883
v 0.130506 -0.005375 1.228895
v 0.129808 -0.008312 1.232070
v 0.129488 -0.012269 1.233925
v 0.129596 -0.016641 1.234179
v 0.117691 -0.017084 1.229326
v 0.118561 -0.021194 1.228084
v 0.120148 -0.024414 1.225571
v 0.122210 -0.026252 1.222170
v 0.124432 -0.026428 1.218398
v 0.126476 -0.024917 1.214830
v 0.128032 -0.021948 1.212008
v 0.128862 -0.017973 1.210363
v 0.128840 -0.013597 1.210145
v 0.128840 -0.013597 1.210145
v 0.127969 -0.009486 1.211387
v 0.126382 -0.006267 1.213900
v 0.124320 -0.004429 1.217301
v 0.122098 -0.004252 1.221074
v 0.120054 -0.005764 1.224642
v 0.118498 -0.008733 1.227463
v 0.117668 -0.012708 1.229108
v 0.107980 -0.017392 1.221985
v 0.109087 -0.021495 1.220919
v 0.111168 -0.024698 1.218773
v 0.113906 -0.026515 1.215875
v 0.116884 -0.026667 1.212665
v 0.119649 -0.025133 1.209632
v 0.121780 -0.022145 1.207238
v 0.122952 -0.018159 1.205848
v 0.122987 -0.013781 1.205673
v 0.122987 -0.013781 1.205673
v 0.121880 -0.009679 1.206739
v 0.119799 -0.006475 1.208885
v 0.117061 -0.004659 1.211783
v 0.114083 -0.004506 1.214993
v 0.111318 -0.006040 1.218026
v 0.109187 -0.009028 1.220420
v 0.108015 -0.013014 1.221810
v 0.100262 -0.017598 1.213696
v 0.101498 -0.021697 1.212767
v 0.103848 -0.024894 1.210908
v 0.106955 -0.026700 1.208402
v 0.110346 -0.026842 1.205631
v 0.113504 -0.025297 1.203017
v 0.115949 -0.022301 1.200957
v 0.117308 -0.018310 1.199765
v 0.117375 -0.013931 1.199623
v 0.117375 -0.013931 1.199623
v 0.116139 -0.009832 1.200553
v 0.113789 -0.006635 1.202412
v 0.110682 -0.004829 1.204917
v 0.107291 -0.004687 1.207689
v 0.104132 -0.006232 1.210303
v 0.101688 -0.009228 1.212363
v 0.100328 -0.013219 1.213555
v 0.100966 -0.026834 1.200332
v 0.104575 -0.026971 1.197851
v 0.107941 -0.025421 1.195513
v 0.110551 -0.022422 1.193674
v 0.112009 -0.018428 1.192614
v 0.112093 -0.014049 1.192494
v 0.112093 -0.014049 1.192494
v 0.110789 -0.009951 1.193333
v 0.108296 -0.006758 1.195002
v 0.104994 -0.004956 1.197248
v 0.101385 -0.004820 1.199730
v 0.098019 -0.006369 1.202068
v 0.095409 -0.009369 1.203907
v 0.093951 -0.013363 1.204967
v 0.073421 -0.027302 1.153633
v 0.077227 -0.027435 1.151468
v 0.080782 -0.025882 1.149431
v 0.083543 -0.022879 1.147832
v 0.085091 -0.018884 1.146915
v 0.085189 -0.014505 1.146819
v 0.085189 -0.014505 1.146819
v 0.083823 -0.010408 1.147559
v 0.081201 -0.007217 1.149022
v 0.077722 -0.005419 1.150986
v 0.073915 -0.005286 1.153152
v 0.070361 -0.006839 1.155189
v 0.067600 -0.009841 1.156788
v 0.066052 -0.013836 1.157705
vn 0.0514 0.0312 -0.9982
vn -0.0801 0.9943 -0.0700
vn -0.0082 0.9982 -0.0601
vn -0.0243 0.9906 0.1347
vn 0.4331 0.7359 0.5205
vn 0.0022 0.9919 0.1273
vn 0.0109 0.7383 0.6743
vn 0.0042 0.9897 0.1428
vn -0.0069 0.9916 0.1293
vn -0.4928 0.7701 -0.4051
vn 0.0030 0.9937 0.1124
vn -0.0010 0.9928 0.1197
vn -0.0111 0.9915 0.1300
vn -0.2201 0.7251 0.6525
vn -0.4408 0.7176 0.5392
vn -0.6860 0.7197 0.1066
vn -0.0101 0.9904 0.1380
vn -0.0251 0.9917 0.1259
vn -0.0083 0.9878 0.1554
vn -0.2729 0.7690 -0.5781
vn 0.0066 0.7619 -0.6476
vn 0.6288 0.7566 -0.1792
vn 0.4448 0.8884 0.1137
vn 0.6992 0.7098 0.0849
vn -0.6347 0.7546 -0.1667
vn -0.0246 0.9902 0.1371
vn 0.3955 0.8691 -0.2970
vn 0.2660 0.7724 -0.5767
vn 0.2206 0.8696 -0.4417
vn -0.2136 0.8929 -0.3964
vn -0.0021 0.9611 -0.2762
vn 0.0032 0.8955 -0.4450
vn 0.4790 0.7727 -0.4165
vn 0.4529 0.8884 -0.0758
vn 0.2878 0.9474 -0.1401
vn 0.3129 0.9495 0.0215
vn 0.3078 0.6509 -0.6939
vn 0.1601 0.9487 -0.2726
vn -0.7183 0.0098 -0.6957
vn -0.4002 -0.0119 -0.9164
vn -0.4026 0.0101 -0.9153
vn 0.9995 0.0092 0.0316
vn 0.9156 -0.0100 0.4020
vn 0.9047 0.0082 0.4261
vn -0.0195 -0.0113 -0.9997
vn 0.3731 0.0108 -0.9277
vn -0.0264 0.0099 -0.9996
vn -0.9990 0.0116 0.0420
vn -0.9408 -0.0078 -0.3389
vn -0.9323 0.0104 -0.3617
vn 0.7140 0.0104 -0.7000
vn 0.9305 -0.0087 -0.3661
vn 0.9291 0.0096 -0.3696
vn -0.9977 -0.0053 0.0675
vn -0.9019 0.0124 0.4317
vn -0.9065 -0.0052 0.4223
vn 0.3863 -0.0117 0.9223
vn 0.0150 0.0080 0.9999
vn 0.3927 0.0073 0.9196
vn -0.6980 -0.0066 0.7161
vn -0.6759 0.0097 0.7369
vn -0.3817 -0.0097 0.9242
vn -0.3611 0.0082 0.9325
vn 0.6995 -0.0116 0.7146
vn 0.6924 0.0080 0.7215
vn -0.0265 0.0099 -0.9996
vn -0.3574 0.9022 -0.2415
vn -0.1561 0.9633 -0.2185
vn 0.2341 0.7637 0.6017
vn 0.0054 0.9920 0.1261
vn -0.4479 0.8915 -0.0683
vn -0.4472 0.8852 0.1280
vn -0.3003 0.9538 0.0121
vn -0.3662 0.8864 0.2831
vn -0.2887 0.9454 0.1516
vn -0.6056 0.7131 0.3533
vn -0.2566 0.8878 0.3820
vn -0.2176 0.9429 0.2520
vn -0.1252 0.8838 0.4509
vn -0.1284 0.9507 0.2824
vn 0.0179 0.8831 0.4688
vn -0.0576 0.9534 0.2962
vn 0.1555 0.8821 0.4447
vn 0.0179 0.9448 0.3271
vn 0.1464 0.9432 0.2981
vn 0.2696 0.8774 0.3968
vn 0.2006 0.9479 0.2476
vn 0.3506 0.8939 0.2794
vn 0.6256 0.6948 0.3548
vn 0.2725 0.9515 0.1429
vn -0.2512 0.9624 -0.1035
vn -0.9096 -0.0030 0.4155
vn -0.6973 0.0149 0.7167
vn -0.6976 -0.0021 0.7165
vn 0.7140 0.0104 -0.7001
vn 0.3731 0.0109 -0.9277
vn -0.0099 0.9906 0.1362
vn -0.0557 0.9833 0.1734
vn -0.0307 0.9929 0.1148
vn -0.0488 0.9631 0.2648
vn -0.0143 0.9910 0.1330
vn 0.0001 0.9641 0.2655
vn -0.0030 0.9786 0.2057
vn -0.0044 0.9912 0.1326
vn -0.0068 0.9236 0.3834
vn -0.0001 0.9361 0.3517
vn -0.0265 0.6512 -0.7585
vn -0.3307 0.6752 -0.6594
vn -0.7247 0.6600 -0.1980
vn -0.7183 0.0099 -0.6957
vn -0.4026 0.0102 -0.9153
vn -0.5824 0.6598 -0.4749
vn -0.6522 0.6360 0.4125
vn -0.9323 0.0104 -0.3616
vn -0.7499 0.6496 0.1255
vn -0.2455 0.6533 0.7161
vn -0.6760 0.0098 0.7369
vn -0.9019 0.0125 0.4317
vn -0.4668 0.6408 0.6095
vn 0.0165 0.6493 0.7604
vn 0.0872 0.9431 0.3209
vn 0.2725 0.6368 0.7213
vn 0.0149 0.0081 0.9999
vn -0.3611 0.0083 0.9325
vn 0.4786 0.6506 0.5896
vn 0.6586 0.6385 0.3983
vn 0.3927 0.0074 0.9197
vn 0.6924 0.0081 0.7215
vn 0.7637 0.6363 0.1089
vn 0.7525 0.6292 -0.1943
vn 0.9047 0.0082 0.4260
vn 0.9995 0.0093 0.0316
vn 0.9291 0.0097 -0.3696
vn 0.5928 0.6432 -0.4846
vn -0.0025 0.9886 0.1508
vn -0.9981 0.0263 0.0555
vn -0.0488 0.9631 0.2649
vn -0.9994 0.0197 0.0267
vn -0.0553 0.0529 -0.9971
vn -0.9971 0.0371 -0.0668
vn -0.0002 0.9972 -0.0745
vn 0.0055 0.9989 -0.0472
vn 0.0192 0.9990 0.0407
vn 0.0014 0.9998 -0.0173
vn -0.0534 0.9393 0.3389
vn -0.0030 0.9786 0.2058
vn -0.0190 0.0376 0.9991
vn -0.0008 0.0467 0.9989
vn -0.9981 0.0263 0.0554
vn 0.3801 -0.0099 -0.9249
vn 0.0016 0.0002 -1.0000
vn 0.3120 -0.0007 -0.9501
vn 0.0191 0.0637 -0.9978
vn -0.9991 0.0432 0.0049
vn -0.0534 0.9393 0.3390
vn 0.6702 0.0463 -0.7407
vn 0.7339 0.0778 -0.6748
vn 0.5056 0.0682 -0.8601
vn 0.7338 0.0777 -0.6749
vn 0.1808 0.0617 -0.9816
vn -0.0087 0.9999 0.0101
vn -0.3098 -0.0012 -0.9508
vn -0.0162 0.0626 -0.9979
vn -0.0018 0.0560 -0.9984
vn 0.0192 0.0637 -0.9978
vn -0.9989 -0.0007 -0.0459
vn -0.0186 -0.0385 0.9991
vn -0.0054 -0.0005 -1.0000
vn -0.0011 -0.0443 0.9990
vn 0.0177 0.0434 0.9989
vn -0.9995 -0.0213 0.0251
vn -0.0053 -0.0005 -1.0000
vn -0.7205 -0.0114 -0.6933
vn -0.0547 0.0287 -0.9981
vn 0.0611 0.9959 -0.0664
vn 0.0590 0.0494 -0.9970
vn 0.0227 0.9910 0.1320
vn -0.4663 0.7104 0.5271
vn -0.6445 0.6864 0.3369
vn 0.0257 0.9922 0.1223
vn 0.0187 0.7323 0.6808
vn 0.0102 0.9919 0.1267
vn 0.0149 0.9888 0.1482
vn 0.4836 0.7965 -0.3629
vn 0.0093 0.9903 0.1389
vn 0.0065 0.9916 0.1290
vn 0.2483 0.7276 0.6395
vn 0.0030 0.9902 0.1393
vn 0.6265 0.7743 0.0888
vn 0.0197 0.9939 0.1084
vn 0.0074 0.9874 0.1581
vn 0.2886 0.7843 -0.5492
vn -0.4427 0.8922 0.0894
vn -0.5942 0.7841 -0.1791
vn -0.6674 0.7414 0.0708
vn 0.5992 0.7885 -0.1387
vn 0.0208 0.9904 0.1364
vn 0.4485 0.7073 0.5464
vn -0.2644 0.7969 -0.5432
vn -0.3596 0.8962 -0.2598
vn -0.2241 0.8867 -0.4043
vn 0.2235 0.9097 -0.3500
vn 0.0082 0.9627 -0.2703
vn 0.1920 0.9525 -0.2362
vn -0.0015 0.7860 -0.6182
vn 0.0066 0.9101 -0.4144
vn -0.4521 0.8063 -0.3814
vn -0.4277 0.8996 -0.0884
vn -0.2776 0.9514 -0.1334
vn -0.2944 0.9556 -0.0117
vn -0.3342 0.6361 -0.6955
vn 0.0134 0.6537 -0.7566
vn 0.4144 -0.0111 -0.9100
vn 0.7392 0.0065 -0.6735
vn 0.4009 0.0094 -0.9161
vn -0.9173 0.0122 0.3980
vn -0.9994 -0.0060 0.0340
vn -1.0000 0.0079 0.0039
vn -0.3792 0.0063 -0.9253
vn 0.0318 -0.0110 -0.9994
vn 0.0146 0.0090 -0.9999
vn 0.9406 0.0044 -0.3394
vn 0.9998 -0.0143 0.0145
vn 0.9995 0.0017 0.0312
vn -0.9210 0.0040 -0.3895
vn -0.7129 -0.0111 -0.7012
vn -0.7100 0.0033 -0.7042
vn 0.9136 0.0005 0.4067
vn 0.9116 -0.0145 0.4109
vn -0.3677 0.0120 0.9299
vn -0.0260 -0.0056 0.9996
vn -0.3908 -0.0023 0.9205
vn 0.6945 0.0010 0.7195
vn 0.3472 -0.0090 0.9377
vn 0.0112 0.0077 0.9999
vn 0.3772 0.0039 0.9261
vn -0.9307 -0.0089 -0.3656
vn 0.0317 -0.0084 -0.9995
vn 0.0147 0.0090 -0.9999
vn 0.3523 0.9127 -0.2071
vn 0.2955 0.9466 -0.1291
vn -0.0100 0.9923 0.1234
vn -0.2321 0.7038 0.6715
vn 0.4484 0.8921 -0.0559
vn 0.4378 0.8928 0.1058
vn 0.3518 0.9361 -0.0028
vn 0.3366 0.9319 0.1352
vn 0.3432 0.9035 0.2568
vn 0.2231 0.9456 0.2366
vn 0.2456 0.8976 0.3660
vn 0.1630 0.9418 0.2941
vn 0.6051 0.7196 0.3406
vn 0.1583 0.8814 0.4451
vn 0.1012 0.9397 0.3266
vn 0.0343 0.9485 0.3148
vn 0.0295 0.8848 0.4651
vn -0.0383 0.9521 0.3034
vn -0.1343 0.8665 0.4807
vn -0.1378 0.9532 0.2692
vn -0.2985 0.8697 0.3932
vn -0.2236 0.9517 0.2104
vn -0.3927 0.8836 0.2552
vn -0.2851 0.9520 0.1117
vn 0.0115 0.9909 0.1345
vn -0.7100 0.0034 -0.7042
vn -0.3792 0.0064 -0.9253
vn 0.0257 0.9925 0.1197
vn 0.0309 0.9932 0.1121
vn 0.0581 0.9826 0.1765
vn 0.0491 0.9630 0.2649
vn 0.0146 0.9910 0.1333
vn 0.0080 0.9233 0.3841
vn 0.3606 0.6347 -0.6835
vn 0.7315 0.6554 -0.1879
vn 0.6170 0.6285 -0.4736
vn 0.7392 0.0066 -0.6735
vn 0.6533 0.6525 0.3840
vn 0.7478 0.6529 0.1205
vn 0.9995 0.0018 0.0312
vn 0.9406 0.0045 -0.3394
vn 0.2720 0.6520 0.7078
vn 0.4851 0.6491 0.5860
vn 0.0306 0.6560 0.7541
vn -0.2286 0.6555 0.7197
vn 0.0112 0.0078 0.9999
vn -0.4719 0.6769 0.5650
vn -0.6581 0.6639 0.3552
vn -0.3677 0.0121 0.9299
vn -0.7501 0.6577 0.0689
vn -0.7272 0.6454 -0.2338
vn -0.9173 0.0123 0.3980
vn -0.6973 0.0150 0.7167
vn -0.1734 0.9529 -0.2489
vn -0.6043 0.6250 -0.4942
vn -0.0036 0.9874 0.1583
vn 0.9974 0.0416 0.0582
vn 0.9994 0.0208 0.0281
vn 0.0610 0.9959 -0.0664
vn 0.9968 0.0499 -0.0623
vn 0.0590 0.0495 -0.9970
vn -0.0051 0.9990 -0.0452
vn -0.0188 0.9988 0.0443
vn 0.0523 0.9387 0.3407
vn 0.0020 0.9997 -0.0224
vn 0.9974 0.0417 0.0581
vn 0.0580 0.9826 0.1765
vn -0.0538 -0.0283 -0.9981
vn -0.6745 0.0421 -0.7371
vn 0.9987 0.0497 0.0106
vn -0.6746 0.0421 -0.7370
vn -0.7233 0.0725 -0.6867
vn 0.0087 0.9982 -0.0595
vn -0.4902 0.0634 -0.8693
vn -0.7233 0.0726 -0.6867
vn -0.1629 0.0579 -0.9849
vn 0.0606 -0.0237 -0.9979
vn 0.0102 0.9999 0.0094
vn 0.9996 -0.0000 -0.0298
vn 0.9980 -0.0320 0.0545
vn 0.3121 -0.0007 -0.9501
vn 0.6760 -0.0558 -0.7347
vn -0.1630 0.0579 -0.9849
vn 0.9994 -0.0193 0.0286
vn 0.0169 -0.0005 -0.9999
vn 0.6759 -0.0117 0.7369
vn 0.9273 -0.0134 -0.3741
vn 0.7243 -0.0128 -0.6893
vn 0.9987 -0.0489 0.0117
vn -0.0161 -0.9974 -0.0702
vn -0.0471 -0.0491 -0.9977
vn 0.0605 -0.0236 -0.9979
vn -0.0223 -0.9906 0.1347
vn 0.4575 -0.7131 0.5312
vn 0.6238 -0.7010 0.3456
vn -0.0077 -0.9905 0.1372
vn -0.0030 -0.7248 0.6889
vn -0.0092 -0.9914 0.1305
vn -0.0077 -0.9912 0.1321
vn -0.5076 -0.7588 -0.4082
vn -0.0019 -0.9923 0.1239
vn -0.0045 -0.9909 0.1342
vn -0.2366 -0.7081 0.6653
vn -0.0009 -0.9914 0.1311
vn -0.6745 -0.7314 0.1006
vn -0.0154 -0.9927 0.1199
vn -0.0088 -0.9877 0.1563
vn -0.2896 -0.7619 -0.5793
vn 0.4367 -0.8933 0.1064
vn 0.6152 -0.7688 -0.1748
vn 0.6611 -0.7459 0.0811
vn -0.6196 -0.7677 -0.1636
vn -0.0160 -0.9914 0.1301
vn -0.4516 -0.7087 0.5420
vn 0.2658 -0.7759 -0.5721
vn 0.3756 -0.8839 -0.2785
vn 0.2079 -0.8912 -0.4031
vn -0.2177 -0.8995 -0.3788
vn -0.0053 -0.9596 -0.2812
vn -0.1702 -0.9563 -0.2377
vn -0.0025 -0.7715 -0.6363
vn -0.0016 -0.9076 -0.4198
vn 0.4700 -0.7851 -0.4035
vn 0.4510 -0.8892 -0.0768
vn 0.2742 -0.9516 -0.1386
vn 0.3069 -0.9516 0.0176
vn 0.3258 -0.6309 -0.7042
vn -0.0165 -0.6316 -0.7751
vn -0.3736 -0.8942 -0.2466
vn -0.2812 -0.9512 -0.1269
vn 0.0052 -0.9919 0.1268
vn 0.2407 -0.7314 0.6380
vn -0.4382 -0.8970 -0.0582
vn -0.4192 -0.8997 0.1214
vn -0.3254 -0.9454 0.0188
vn -0.2866 -0.9464 0.1492
vn -0.3510 -0.8982 0.2645
vn -0.2010 -0.9537 0.2235
vn -0.2644 -0.8890 0.3737
vn -0.1452 -0.9514 0.2715
vn -0.6069 -0.7167 0.3434
vn -0.1335 -0.8902 0.4356
vn -0.0653 -0.9517 0.2999
vn -0.0012 -0.8766 0.4812
vn -0.0043 -0.9491 0.3149
vn 0.0541 -0.9592 0.2775
vn 0.1458 -0.8804 0.4513
vn 0.1287 -0.9545 0.2691
vn 0.2896 -0.8718 0.3951
vn 0.1971 -0.9557 0.2188
vn 0.3748 -0.8882 0.2659
vn 0.2746 -0.9519 0.1357
vn 0.0011 -0.9915 0.1297
vn 0.7096 -0.0087 -0.7046
vn -0.0181 -0.9916 0.1282
vn -0.0291 -0.9928 0.1160
vn -0.0548 -0.9830 0.1751
vn -0.0510 -0.9626 0.2662
vn -0.0168 -0.9913 0.1307
vn -0.0000 -0.9639 0.2664
vn -0.0010 -0.9766 0.2149
vn -0.0011 -0.9910 0.1335
vn -0.0078 -0.9237 0.3830
vn -0.0014 -0.9363 0.3512
vn -0.0196 -0.0113 -0.9997
vn -0.3406 -0.6418 -0.6870
vn -0.7650 -0.6165 -0.1863
vn -0.6017 -0.6329 -0.4872
vn -0.4002 -0.0120 -0.9164
vn -0.6398 -0.6638 0.3873
vn -0.7614 -0.6326 0.1418
vn -0.9408 -0.0078 -0.3390
vn -0.2622 -0.6425 0.7200
vn -0.4762 -0.6723 0.5667
vn -0.9065 -0.0053 0.4222
vn 0.0031 -0.6344 0.7730
vn 0.2654 -0.6456 0.7161
vn 0.0068 -0.0110 0.9999
vn -0.3817 -0.0098 0.9242
vn 0.4835 -0.6507 0.5855
vn 0.6530 -0.6600 0.3715
vn 0.7638 -0.6361 0.1091
vn 0.7506 -0.6280 -0.2057
vn 0.9156 -0.0101 0.4020
vn 0.6995 -0.0117 0.7146
vn 0.1601 -0.9520 -0.2608
vn 0.9305 -0.0088 -0.3661
vn 0.5902 -0.6389 -0.4934
vn 0.9996 -0.0093 0.0284
vn -0.0036 -0.9889 0.1484
vn -0.0510 -0.9626 0.2661
vn -0.9975 -0.0397 0.0587
vn -0.0682 -0.9968 -0.0415
vn -0.9969 -0.0298 -0.0727
vn -0.0008 -0.9967 -0.0807
vn 0.0035 -0.9987 -0.0512
vn 0.0301 -0.9970 0.0713
vn -0.0545 -0.9393 0.3387
vn 0.0013 -0.9999 -0.0127
vn -0.9992 -0.0386 0.0070
vn -0.0544 -0.9393 0.3387
vn 0.6761 -0.0558 -0.7347
vn 0.7204 -0.0743 -0.6895
vn 0.5194 -0.0683 -0.8518
vn 0.7204 -0.0742 -0.6896
vn 0.1898 -0.0616 -0.9799
vn 0.0181 -0.0625 -0.9979
vn -0.0098 -0.9999 0.0071
vn -0.0683 -0.9968 -0.0415
vn 0.0011 -0.0550 -0.9985
vn -0.0538 -0.0282 -0.9982
vn 0.0608 -0.9975 -0.0363
vn 0.0109 -0.9979 -0.0634
vn 0.0307 -0.9906 0.1335
vn -0.4453 -0.7290 0.5198
vn 0.0032 -0.9919 0.1267
vn -0.0305 -0.7269 0.6861
vn -0.0124 -0.9888 0.1485
vn 0.0068 -0.9919 0.1265
vn 0.5039 -0.7637 -0.4035
vn -0.0007 -0.9930 0.1181
vn 0.0044 -0.9919 0.1270
vn 0.0022 -0.9910 0.1341
vn 0.2184 -0.7100 0.6695
vn 0.4605 -0.6928 0.5550
vn 0.6953 -0.7119 0.0987
vn 0.0016 -0.9910 0.1341
vn 0.0143 -0.9920 0.1253
vn 0.0068 -0.9879 0.1548
vn 0.2720 -0.7721 -0.5743
vn 0.0017 -0.7944 -0.6075
vn -0.6158 -0.7700 -0.1669
vn -0.3913 -0.9099 0.1379
vn -0.6661 -0.7387 0.1035
vn 0.6275 -0.7622 -0.1589
vn 0.0151 -0.9913 0.1309
vn -0.3632 -0.8997 -0.2423
vn -0.2601 -0.7793 -0.5702
vn -0.2045 -0.8978 -0.3900
vn 0.1989 -0.9044 -0.3776
vn 0.0065 -0.9628 -0.2702
vn 0.0060 -0.9113 -0.4117
vn -0.4797 -0.7849 -0.3922
vn -0.4178 -0.9071 -0.0515
vn -0.2809 -0.9519 -0.1223
vn -0.3155 -0.9487 0.0226
vn -0.3149 -0.6294 -0.7104
vn -0.1490 -0.9634 -0.2227
vn 0.3674 -0.8982 -0.2414
vn 0.1426 -0.9664 -0.2140
vn -0.2544 -0.7311 0.6331
vn -0.0167 -0.9931 0.1163
vn 0.4452 -0.8935 -0.0582
vn 0.4328 -0.8938 0.1173
vn 0.3080 -0.9512 0.0202
vn 0.3619 -0.8907 0.2751
vn 0.2966 -0.9447 0.1401
vn 0.6427 -0.6755 0.3613
vn 0.2585 -0.8865 0.3838
vn 0.2226 -0.9445 0.2417
vn 0.1082 -0.8872 0.4485
vn 0.1460 -0.9434 0.2980
vn -0.0327 -0.8847 0.4651
vn 0.0438 -0.9486 0.3135
vn -0.1558 -0.9000 0.4070
vn -0.0352 -0.9349 0.3531
vn -0.2461 -0.8995 0.3610
vn -0.1149 -0.9406 0.3194
vn -0.2480 -0.9301 0.2711
vn -0.3121 -0.9078 0.2802
vn -0.5975 -0.7135 0.3660
vn -0.2865 -0.9444 0.1615
vn 0.2533 -0.9618 -0.1038
vn -0.3669 -0.0123 -0.9302
vn 0.0095 -0.9910 0.1337
vn 0.0641 -0.9822 0.1768
vn -0.0190 -0.9879 0.1542
vn 0.0514 -0.9630 0.2646
vn 0.0027 -0.9898 0.1426
vn 0.0087 -0.9227 0.3854
vn 0.0242 -0.6395 -0.7684
vn 0.3238 -0.6772 -0.6607
vn 0.7144 -0.6741 -0.1875
vn 0.7243 -0.0129 -0.6893
vn 0.4143 -0.0112 -0.9101
vn 0.5641 -0.6928 -0.4492
vn 0.6727 -0.6254 0.3954
vn 0.9273 -0.0135 -0.3741
vn 0.7597 -0.6417 0.1054
vn 0.2381 -0.6276 0.7412
vn 0.9116 -0.0146 0.4109
vn 0.4794 -0.6219 0.6192
vn -0.0421 -0.6261 0.7786
vn -0.2997 -0.6038 0.7386
vn -0.5164 -0.5947 0.6162
vn -0.6887 -0.5983 0.4095
vn -0.6976 -0.0022 0.7165
vn -0.1846 -0.9257 0.3301
vn -0.7900 -0.6024 0.1139
vn -0.7727 -0.5981 -0.2126
vn -0.9096 -0.0031 0.4155
vn -0.9307 -0.0090 -0.3656
vn -0.6093 -0.6116 -0.5047
vn 0.0047 -0.9901 0.1404
vn 0.0513 -0.9630 0.2646
vn 0.0607 -0.9975 -0.0363
vn 0.0441 -0.0489 -0.9978
vn 0.9968 -0.0430 -0.0677
vn -0.0060 -0.9981 -0.0605
vn -0.0127 -0.9998 0.0123
vn -0.0018 -0.9996 -0.0291
vn 0.0556 -0.9389 0.3396
vn 0.0188 -0.0393 0.9991
vn 0.0555 -0.9389 0.3396
vn -0.6692 -0.0418 -0.7419
vn -0.7174 -0.0699 -0.6931
vn -0.5129 -0.0643 -0.8560
vn -0.7174 -0.0699 -0.6932
vn -0.2031 -0.0636 -0.9771
vn 0.0109 -0.9999 0.0053
vn -0.5129 -0.0642 -0.8560
vn -0.0150 -0.0626 -0.9979
vn -0.0150 -0.0625 -0.9979
vn 0.0441 -0.0490 -0.9978
vn -0.6692 -0.0419 -0.7419
vn -0.7174 -0.0700 -0.6931
vn 0.9996 -0.0092 0.0284
vn -0.0197 -0.0112 -0.9997
vn -0.3669 -0.0122 -0.9302
vn 0.0580 0.9826 0.1766
vn 0.7204 -0.0742 -0.6895
vn -0.0548 -0.9830 0.1752
vn 0.0442 -0.0489 -0.9978
vn 0.0318 -0.0111 -0.9994
vn 0.0641 -0.9822 0.1767
vn -0.7664 -0.4003 0.5023
vn -0.7733 -0.4035 0.4891
vn -0.5738 -0.7219 0.3867
vn -0.5713 -0.7182 0.3973
vn 0.8457 -0.1216 0.5197
vn 0.8349 -0.1187 0.5374
vn 0.7123 -0.4854 0.5069
vn 0.7206 -0.4896 0.4910
vn 0.4823 -0.7794 0.4000
vn 0.4859 -0.7833 0.3876
vn 0.1786 -0.9561 0.2325
vn 0.1778 -0.9578 0.2256
vn -0.1530 -0.9878 0.0295
vn -0.1580 -0.9870 0.0290
vn -0.4622 -0.8687 -0.1779
vn -0.4703 -0.8656 -0.1723
vn -0.7014 -0.6162 -0.3583
vn -0.7105 -0.6122 -0.3471
vn -0.8330 -0.2686 -0.4837
vn -0.8424 -0.2654 -0.4690
vn -0.8363 0.1205 -0.5349
vn -0.8458 0.1218 -0.5194
vn -0.7107 0.4910 -0.5038
vn -0.7204 0.4902 -0.4906
vn -0.4760 0.7856 -0.3954
vn -0.4848 0.7843 -0.3870
vn -0.1688 0.9593 -0.2263
vn -0.1753 0.9586 -0.2242
vn 0.1632 0.9863 -0.0228
vn 0.1606 0.9866 -0.0274
vn 0.4695 0.8635 0.1841
vn 0.4719 0.8644 0.1735
vn 0.7040 0.6104 0.3630
vn 0.7110 0.6112 0.3478
vn 0.8320 0.2657 0.4869
vn 0.8423 0.2649 0.4694
vn -0.8465 -0.0231 0.5318
vn -0.8555 -0.0249 0.5173
vn 0.7586 -0.1038 0.6432
vn 0.6470 -0.4697 0.6006
vn 0.4390 -0.7667 0.4685
vn 0.1640 -0.9499 0.2661
vn -0.1380 -0.9901 0.0235
vn -0.4218 -0.8789 -0.2227
vn -0.6426 -0.6310 -0.4346
vn -0.7643 -0.2837 -0.5792
vn -0.7658 0.1086 -0.6339
vn -0.7658 0.1087 -0.6339
vn -0.6467 0.4835 -0.5899
vn -0.4270 0.7818 -0.4543
vn -0.1431 0.9581 -0.2482
vn 0.1601 0.9871 -0.0040
vn 0.4365 0.8669 0.2408
vn 0.6457 0.6176 0.4491
vn 0.7582 0.2772 0.5901
vn 0.5188 -0.4473 0.7285
vn 0.3496 -0.7489 0.5630
vn 0.1273 -0.9411 0.3133
vn -0.1169 -0.9930 0.0154
vn -0.3469 -0.8932 -0.2862
vn -0.5263 -0.6529 -0.5447
vn -0.6241 -0.3073 -0.7184
vn -0.6215 0.0887 -0.7784
vn -0.6214 0.0887 -0.7784
vn -0.5183 0.4697 -0.7147
vn -0.3337 0.7739 -0.5382
vn -0.0999 0.9552 -0.2786
vn 0.1455 0.9891 0.0226
vn 0.3658 0.8743 0.3190
vn 0.5300 0.6309 0.5667
vn 0.6156 0.2960 0.7304
vn 0.6116 -0.0814 0.7869
vn 0.4120 -0.0588 0.9093
vn 0.3423 -0.4268 0.8371
vn 0.2222 -0.7336 0.6423
vn 0.0689 -0.9337 0.3513
vn -0.0952 -0.9954 0.0052
vn -0.2450 -0.9058 -0.3456
vn -0.3572 -0.6739 -0.6467
vn -0.4131 -0.3324 -0.8479
vn -0.4032 0.0646 -0.9128
vn -0.4032 0.0647 -0.9128
vn -0.3292 0.4504 -0.8299
vn -0.2034 0.7613 -0.6157
vn -0.0464 0.9502 -0.3082
vn 0.1173 0.9922 0.0425
vn 0.2630 0.8853 0.3836
vn 0.3695 0.6483 0.6657
vn 0.4216 0.3176 0.8494
vn 0.1730 -0.4153 0.8931
vn 0.0988 -0.7273 0.6792
vn 0.0101 -0.9320 0.3624
vn -0.0790 -0.9968 -0.0113
vn -0.1544 -0.9095 -0.3860
vn -0.2045 -0.6809 -0.7033
vn -0.2223 -0.3450 -0.9119
vn -0.2062 0.0456 -0.9775
vn -0.2062 0.0457 -0.9774
vn -0.1590 0.4290 -0.8892
vn -0.0873 0.7442 -0.6622
vn -0.0010 0.9425 -0.3342
vn 0.0870 0.9953 0.0427
vn 0.1633 0.8971 0.4105
vn 0.2157 0.6653 0.7147
vn 0.2362 0.3357 0.9119
vn 0.2211 -0.0429 0.9743
vn 0.0755 -0.4123 0.9079
vn 0.0289 -0.7272 0.6858
vn -0.0220 -0.9329 0.3596
vn -0.0693 -0.9973 -0.0222
vn -0.1057 -0.9097 -0.4015
vn -0.1257 -0.6823 -0.7202
vn -0.1262 -0.3495 -0.9284
vn -0.1074 0.0374 -0.9935
vn -0.1074 0.0375 -0.9935
vn -0.0724 0.4186 -0.9053
vn -0.0262 0.7347 -0.6779
vn 0.0242 0.9376 -0.3468
vn 0.0711 0.9968 0.0362
vn 0.1076 0.9045 0.4127
vn 0.1279 0.6758 0.7259
vn 0.1290 0.3458 0.9294
vn 0.1105 -0.0360 0.9932
vn -0.0184 -0.4057 0.9138
vn -0.0379 -0.7222 0.6906
vn -0.0516 -0.9306 0.3623
vn -0.0574 -0.9981 -0.0223
vn -0.0544 -0.9129 -0.4044
vn -0.0429 -0.6873 -0.7251
vn -0.0248 -0.3557 -0.9343
vn -0.0030 0.0304 -0.9995
vn -0.0030 0.0305 -0.9995
vn 0.0194 0.4127 -0.9107
vn 0.0386 0.7307 -0.6816
vn 0.0519 0.9360 -0.3481
vn 0.0574 0.9976 0.0379
vn 0.0542 0.9073 0.4169
vn 0.0429 0.6803 0.7317
vn 0.0252 0.3517 0.9358
vn 0.0036 -0.0290 0.9996
vn -0.0311 -0.4051 0.9137
vn -0.0467 -0.7219 0.6904
vn -0.0554 -0.9305 0.3620
vn -0.0558 -0.9982 -0.0226
vn -0.0477 -0.9132 -0.4047
vn -0.0323 -0.6877 -0.7252
vn -0.0120 -0.3563 -0.9343
vn 0.0102 0.0301 -0.9995
vn 0.0309 0.4118 -0.9107
vn 0.0469 0.7300 -0.6819
vn 0.0556 0.9357 -0.3485
vn 0.0556 0.9977 0.0375
vn 0.0472 0.9079 0.4166
vn 0.0315 0.6811 0.7315
vn 0.0112 0.3526 0.9357
vn -0.0108 -0.0283 0.9995
vn -0.1310 -0.3997 0.9072
vn -0.1177 -0.7177 0.6863
vn -0.0869 -0.9284 0.3612
vn -0.0436 -0.9988 -0.0200
vn 0.0056 -0.9167 -0.3995
vn 0.0533 -0.6933 -0.7187
vn 0.0929 -0.3623 -0.9274
vn 0.1183 0.0249 -0.9927
vn 0.1259 0.4082 -0.9042
vn 0.1142 0.7279 -0.6762
vn 0.0844 0.9349 -0.3448
vn 0.0409 0.9984 0.0380
vn -0.0095 0.9103 0.4138
vn -0.0587 0.6853 0.7259
vn -0.0992 0.3581 0.9284
vn -0.1245 -0.0224 0.9920
vn -0.2642 -0.3891 0.8825
vn -0.2136 -0.7072 0.6739
vn -0.1317 -0.9221 0.3638
vn -0.0315 -0.9995 -0.0040
vn 0.0713 -0.9243 -0.3751
vn 0.1610 -0.7043 -0.6914
vn 0.2250 -0.3716 -0.9007
vn 0.2548 0.0214 -0.9668
vn 0.2548 0.0215 -0.9668
vn 0.2460 0.4104 -0.8781
vn 0.1986 0.7324 -0.6512
vn 0.1185 0.9381 -0.3255
vn 0.0178 0.9988 0.0466
vn -0.0875 0.9087 0.4081
vn -0.1803 0.6844 0.7065
vn -0.2463 0.3606 0.8996
vn -0.2757 -0.0152 0.9611
vn -0.4855 -0.0108 0.8742
vn -0.4502 -0.3842 0.8060
vn -0.3492 -0.7028 0.6198
vn -0.1957 -0.9194 0.3411
vn -0.0108 -0.9999 0.0096
vn 0.1788 -0.9283 -0.3260
vn 0.3438 -0.7109 -0.6135
vn 0.4560 -0.3781 -0.8057
vn 0.4944 0.0175 -0.8690
vn 0.4944 0.0176 -0.8690
vn 0.4520 0.4095 -0.7925
vn 0.3379 0.7329 -0.5905
vn 0.1733 0.9387 -0.2979
vn -0.0146 0.9992 0.0378
vn -0.1977 0.9095 0.3657
vn -0.3500 0.6863 0.6376
vn -0.4504 0.3639 0.8153
vn -0.6615 -0.0129 0.7499
vn -0.6049 -0.3884 0.6951
vn -0.4587 -0.7076 0.5374
vn -0.2431 -0.9228 0.2990
vn 0.0115 -0.9998 0.0146
vn 0.2672 -0.9242 -0.2728
vn 0.4840 -0.7046 -0.5188
vn 0.6263 -0.3734 -0.6844
vn 0.6694 0.0175 -0.7427
vn 0.6694 0.0176 -0.7427
vn 0.6061 0.4053 -0.6844
vn 0.4479 0.7280 -0.5191
vn 0.2220 0.9359 -0.2736
vn -0.0352 0.9993 0.0132
vn -0.2844 0.9115 0.2970
vn -0.4893 0.6883 0.5355
vn -0.6211 0.3643 0.6939
vn -0.7614 -0.0172 0.6480
vn -0.6919 -0.3944 0.6048
vn -0.5189 -0.7134 0.4709
vn -0.2671 -0.9262 0.2661
vn 0.0265 -0.9994 0.0205
vn 0.3177 -0.9202 -0.2287
vn 0.5615 -0.6987 -0.4433
vn 0.7189 -0.3681 -0.5897
vn 0.7643 0.0201 -0.6445
vn 0.7643 0.0202 -0.6445
vn 0.6905 0.4051 -0.5992
vn 0.5097 0.7263 -0.4612
vn 0.2513 0.9345 -0.2523
vn -0.0440 0.9990 -0.0052
vn -0.3310 0.9121 0.2421
vn -0.5670 0.6884 0.4524
vn -0.7177 0.3624 0.5946
vn -0.2893 -0.9287 0.2322
vn 0.0379 -0.9988 0.0316
vn 0.3605 -0.9164 -0.1740
vn 0.6287 -0.6928 -0.3532
vn 0.8003 -0.3617 -0.4782
vn 0.8481 0.0254 -0.5293
vn 0.8481 0.0255 -0.5293
vn 0.7644 0.4086 -0.4987
vn 0.5628 0.7282 -0.3912
vn 0.2753 0.9350 -0.2236
vn -0.0532 0.9983 -0.0220
vn -0.3723 0.9100 0.1826
vn -0.6341 0.6847 0.3593
vn -0.8002 0.3573 0.4817
vn -0.2866 -0.9312 0.2254
vn 0.0446 -0.9986 0.0297
vn 0.3693 -0.9135 -0.1706
vn 0.6378 -0.6887 -0.3449
vn 0.8085 -0.3593 -0.4662
vn 0.8559 0.0252 -0.5165
vn 0.8559 0.0253 -0.5165
vn 0.7726 0.4061 -0.4880
vn 0.5714 0.7248 -0.3850
vn 0.2831 0.9328 -0.2233
vn -0.0488 0.9984 -0.0271
vn -0.3725 0.9118 0.1729
vn -0.6391 0.6867 0.3464
vn -0.8084 0.3580 0.4672
vn -0.7224 -0.5259 0.4491
vn -0.7287 -0.5287 0.4354
vn -0.4983 -0.8126 0.3022
vn -0.4963 -0.8097 0.3132
vn 0.8536 -0.0910 0.5129
vn 0.8426 -0.0911 0.5308
vn 0.7574 -0.4629 0.4604
vn 0.7661 -0.4645 0.4442
vn 0.5581 -0.7653 0.3206
vn 0.5621 -0.7676 0.3079
vn 0.2737 -0.9527 0.1321
vn 0.2732 -0.9538 0.1252
vn -0.0530 -0.9957 -0.0765
vn -0.0586 -0.9953 -0.0773
vn -0.3727 -0.8867 -0.2735
vn -0.3807 -0.8851 -0.2676
vn -0.6359 -0.6417 -0.4288
vn -0.6454 -0.6398 -0.4173
vn -0.8018 -0.2976 -0.5182
vn -0.8115 -0.2969 -0.5033
vn -0.8442 0.0924 -0.5280
vn -0.8538 0.0911 -0.5126
vn -0.8538 0.0912 -0.5126
vn -0.8442 0.0925 -0.5280
vn -0.7564 0.4682 -0.4567
vn -0.7658 0.4654 -0.4437
vn -0.5525 0.7716 -0.3152
vn -0.5615 0.7683 -0.3073
vn -0.2643 0.9562 -0.1255
vn -0.2706 0.9547 -0.1235
vn 0.0634 0.9945 0.0832
vn 0.0606 0.9951 0.0786
vn 0.3804 0.8816 0.2793
vn 0.3827 0.8839 0.2688
vn 0.6392 0.6357 0.4329
vn 0.6460 0.6388 0.4179
vn 0.8012 0.2943 0.5211
vn 0.8115 0.2964 0.5037
vn -0.8399 -0.1643 0.5173
vn -0.8486 -0.1649 0.5026
vn 0.7652 -0.0952 0.6367
vn 0.6909 -0.4638 0.5545
vn 0.5138 -0.7644 0.3896
vn 0.2586 -0.9516 0.1661
vn -0.0379 -0.9959 -0.0826
vn -0.3314 -0.8880 -0.3187
vn -0.5760 -0.6423 -0.5056
vn -0.7319 -0.2955 -0.6140
vn -0.7728 0.0982 -0.6270
vn -0.7728 0.0983 -0.6270
vn -0.6920 0.4764 -0.5424
vn -0.5034 0.7791 -0.3737
vn -0.2385 0.9599 -0.1472
vn 0.0602 0.9930 0.1019
vn 0.3472 0.8757 0.3356
vn 0.5804 0.6278 0.5187
vn 0.7265 0.2874 0.6241
vn 0.5611 -0.4680 0.6827
vn 0.4231 -0.7657 0.4844
vn 0.2211 -0.9516 0.2135
vn -0.0167 -0.9957 -0.0907
vn -0.2555 -0.8879 -0.3825
vn -0.4581 -0.6407 -0.6161
vn -0.5901 -0.2901 -0.7534
vn -0.6272 0.1082 -0.7713
vn -0.6272 0.1083 -0.7713
vn -0.5629 0.4887 -0.6666
vn -0.4097 0.7894 -0.4570
vn -0.1953 0.9646 -0.1772
vn 0.0455 0.9907 0.1284
vn 0.2762 0.8677 0.4133
vn 0.4640 0.6169 0.6357
vn 0.5828 0.2768 0.7640
vn 0.6168 -0.1030 0.7804
vn 0.4158 -0.1135 0.9023
vn 0.3834 -0.4769 0.7909
vn 0.2947 -0.7718 0.5635
vn 0.1622 -0.9542 0.2515
vn 0.0052 -0.9949 -0.1009
vn -0.1529 -0.8840 -0.4419
vn -0.2877 -0.6338 -0.7180
vn -0.3777 -0.2801 -0.8826
vn -0.4077 0.1205 -0.9051
vn -0.4077 0.1206 -0.9051
vn -0.3727 0.5008 -0.7812
vn -0.2788 0.7982 -0.5340
vn -0.1416 0.9681 -0.2067
vn 0.0171 0.9888 0.1483
vn 0.1729 0.8613 0.4777
vn 0.3026 0.6076 0.7343
vn 0.3875 0.2662 0.8826
vn 0.2138 -0.4884 0.8460
vn 0.1713 -0.7817 0.5996
vn 0.1037 -0.9594 0.2622
vn 0.0215 -0.9929 -0.1173
vn -0.0623 -0.8742 -0.4815
vn -0.1351 -0.6194 -0.7734
vn -0.1865 -0.2668 -0.9455
vn -0.2097 0.1283 -0.9693
vn -0.2013 0.5028 -0.8406
vn -0.1616 0.7978 -0.5809
vn -0.0957 0.9678 -0.2329
vn -0.0133 0.9888 0.1485
vn 0.0724 0.8603 0.5046
vn 0.1479 0.6039 0.7832
vn 0.2013 0.2589 0.9447
vn 0.2243 -0.1237 0.9666
vn 0.1165 -0.4967 0.8600
vn 0.1018 -0.7894 0.6054
vn 0.0718 -0.9632 0.2589
vn 0.0311 -0.9913 -0.1280
vn -0.0139 -0.8680 -0.4964
vn -0.0566 -0.6112 -0.7894
vn -0.0904 -0.2600 -0.9614
vn -0.1107 0.1317 -0.9851
vn -0.1107 0.1318 -0.9851
vn -0.1141 0.5029 -0.8568
vn -0.0998 0.7962 -0.5967
vn -0.0701 0.9668 -0.2457
vn -0.0293 0.9894 0.1420
vn 0.0162 0.8618 0.5070
vn 0.0594 0.6043 0.7945
vn 0.0936 0.2564 0.9620
vn 0.1134 -0.1301 0.9850
vn 0.0224 -0.5001 0.8657
vn 0.0348 -0.7916 0.6101
vn 0.0421 -0.9643 0.2615
vn 0.0431 -0.9908 -0.1281
vn 0.0376 -0.8657 -0.4991
vn 0.0263 -0.6074 -0.7940
vn 0.0110 -0.2552 -0.9668
vn -0.0060 0.1358 -0.9907
vn -0.0060 0.1359 -0.9907
vn -0.0222 0.5068 -0.8618
vn -0.0350 0.7990 -0.6003
vn -0.0423 0.9681 -0.2468
vn -0.0430 0.9887 0.1435
vn -0.0372 0.8588 0.5109
vn -0.0256 0.5997 0.7998
vn -0.0102 0.2512 0.9679
vn 0.0065 -0.1344 0.9909
vn 0.0098 -0.5008 0.8655
vn 0.0260 -0.7921 0.6098
vn 0.0383 -0.9645 0.2611
vn 0.0448 -0.9907 -0.1285
vn 0.0442 -0.8653 -0.4993
vn 0.0369 -0.6067 -0.7941
vn 0.0238 -0.2546 -0.9668
vn 0.0072 0.1368 -0.9906
vn 0.0072 0.1369 -0.9906
vn -0.0106 0.5071 -0.8618
vn -0.0266 0.7992 -0.6005
vn -0.0386 0.9682 -0.2472
vn -0.0448 0.9887 0.1432
vn -0.0442 0.8587 0.5106
vn -0.0370 0.5994 0.7996
vn -0.0242 0.2507 0.9678
vn -0.0078 -0.1351 0.9908
vn -0.0902 -0.5048 0.8585
vn -0.0450 -0.7947 0.6053
vn 0.0068 -0.9655 0.2602
vn 0.0569 -0.9904 -0.1259
vn 0.0976 -0.8640 -0.4940
vn 0.1227 -0.6043 -0.7872
vn 0.1288 -0.2508 -0.9594
vn 0.1152 0.1417 -0.9832
vn 0.1152 0.1418 -0.9832
vn 0.0843 0.5123 -0.8546
vn 0.0405 0.8032 -0.5943
vn -0.0099 0.9699 -0.2433
vn -0.0595 0.9878 0.1437
vn -0.1008 0.8558 0.5074
vn -0.1272 0.5952 0.7935
vn -0.1347 0.2458 0.9599
vn -0.1215 -0.1399 0.9827
vn -0.2238 -0.5049 0.8336
vn -0.1415 -0.7925 0.5932
vn -0.0384 -0.9640 0.2630
vn 0.0690 -0.9916 -0.1098
vn 0.1637 -0.8675 -0.4697
vn 0.2308 -0.6074 -0.7601
vn 0.2611 -0.2496 -0.9325
vn 0.2513 0.1491 -0.9563
vn 0.2513 0.1492 -0.9563
vn 0.2036 0.5237 -0.8272
vn 0.1241 0.8135 -0.5682
vn 0.0237 0.9745 -0.2233
vn -0.0826 0.9849 0.1519
vn -0.1783 0.8470 0.5009
vn -0.2481 0.5841 0.7728
vn -0.2813 0.2368 0.9300
vn -0.2728 -0.1445 0.9512
vn -0.4819 -0.1519 0.8629
vn -0.4094 -0.5105 0.7561
vn -0.2769 -0.7959 0.5384
vn -0.1024 -0.9653 0.2401
vn 0.0896 -0.9913 -0.0962
vn 0.2711 -0.8660 -0.4202
vn 0.4135 -0.6039 -0.6814
vn 0.4917 -0.2430 -0.8362
vn 0.4902 0.1589 -0.8570
vn 0.4902 0.1590 -0.8570
vn 0.4086 0.5343 -0.7400
vn 0.2626 0.8215 -0.5062
vn 0.0782 0.9776 -0.1954
vn -0.1148 0.9831 0.1429
vn -0.2880 0.8413 0.4574
vn -0.4171 0.5764 0.7027
vn -0.4846 0.2285 0.8443
vn -0.6568 -0.1583 0.7372
vn -0.5628 -0.5184 0.6438
vn -0.3854 -0.8029 0.4548
vn -0.1492 -0.9689 0.1973
vn 0.1118 -0.9896 -0.0909
vn 0.3586 -0.8587 -0.3660
vn 0.5523 -0.5937 -0.5851
vn 0.6606 -0.2343 -0.7133
vn 0.6643 0.1629 -0.7295
vn 0.6643 0.1630 -0.7295
vn 0.5623 0.5341 -0.6313
vn 0.3726 0.8199 -0.4346
vn 0.1269 0.9771 -0.1709
vn -0.1353 0.9837 0.1182
vn -0.3745 0.8419 0.3886
vn -0.5559 0.5753 0.6000
vn -0.6545 0.2248 0.7219
vn -0.7559 -0.1618 0.6344
vn -0.6488 -0.5235 0.5523
vn -0.4446 -0.8077 0.3874
vn -0.1727 -0.9712 0.1640
vn 0.1268 -0.9883 -0.0849
vn 0.4085 -0.8544 -0.3212
vn 0.6288 -0.5882 -0.5086
vn 0.7522 -0.2299 -0.6175
vn 0.7584 0.1646 -0.6306
vn 0.7584 0.1647 -0.6306
vn 0.6464 0.5332 -0.5458
vn 0.4342 0.8184 -0.3765
vn 0.1562 0.9763 -0.1495
vn -0.1440 0.9845 0.0998
vn -0.4209 0.8436 0.3334
vn -0.6332 0.5765 0.5164
vn -0.7505 0.2238 0.6219
vn -0.1946 -0.9723 0.1298
vn 0.1379 -0.9877 -0.0736
vn 0.4507 -0.8521 -0.2659
vn 0.6951 -0.5851 -0.4177
vn 0.8326 -0.2273 -0.5051
vn 0.8412 0.1660 -0.5146
vn 0.7195 0.5335 -0.4446
vn 0.4869 0.8181 -0.3061
vn 0.1800 0.9762 -0.1207
vn -0.1532 0.9847 0.0830
vn -0.4618 0.8437 0.2737
vn -0.6996 0.5760 0.4228
vn -0.8320 0.2225 0.5082
vn -0.1918 -0.9737 0.1229
vn 0.1444 -0.9866 -0.0753
vn 0.4591 -0.8488 -0.2621
vn 0.7035 -0.5815 -0.4087
vn 0.8404 -0.2253 -0.4928
vn 0.8491 0.1652 -0.5018
vn 0.7280 0.5307 -0.4341
vn 0.4957 0.8149 -0.3002
vn 0.1877 0.9748 -0.1204
vn -0.1489 0.9858 0.0780
vn -0.4623 0.8464 0.2643
vn -0.7048 0.5788 0.4102
vn -0.8402 0.2243 0.4937
vt 0.084083 0.514665
vt 0.005903 0.519605
vt 0.084369 0.520228
vt 0.083214 0.900793
vt 0.090653 0.894253
vt 0.089309 0.892034
vt 0.107718 0.887272
vt 0.117536 0.886505
vt 0.107712 0.884587
vt 0.125165 0.929623
vt 0.118096 0.937175
vt 0.127064 0.930954
vt 0.126134 0.892141
vt 0.116899 0.889029
vt 0.124804 0.894247
vt 0.132185 0.911783
vt 0.132793 0.921964
vt 0.134612 0.911517
vt 0.107301 0.939498
vt 0.116999 0.935217
vt 0.107290 0.937232
vt 0.084634 0.921193
vt 0.084952 0.911812
vt 0.083154 0.911659
vt 0.130469 0.921361
vt 0.132155 0.900993
vt 0.091295 0.928178
vt 0.097670 0.935169
vt 0.098598 0.933265
vt 0.116153 0.933475
vt 0.107305 0.931782
vt 0.107309 0.935238
vt 0.089689 0.929511
vt 0.086444 0.920629
vt 0.093691 0.925789
vt 0.089648 0.919284
vt 0.100982 0.927954
vt 0.099905 0.930161
vt 0.073364 0.107195
vt 0.066739 0.037245
vt 0.066792 0.106550
vt 0.138591 0.109159
vt 0.132105 0.033304
vt 0.132081 0.110320
vt 0.165070 0.037430
vt 0.158417 0.106412
vt 0.165070 0.106202
vt 0.086457 0.109296
vt 0.079943 0.035608
vt 0.079923 0.108174
vt 0.151753 0.107048
vt 0.145174 0.035608
vt 0.145163 0.108026
vt 0.086437 0.034461
vt 0.092991 0.110427
vt 0.092861 0.033310
vt 0.119029 0.031713
vt 0.112604 0.112177
vt 0.119157 0.111944
vt 0.099302 0.032342
vt 0.099518 0.111375
vt 0.105822 0.031729
vt 0.106064 0.111980
vt 0.125589 0.032291
vt 0.125628 0.111363
vt 0.060156 0.106284
vt 0.123702 0.928418
vt 0.114815 0.930206
vt 0.098530 0.888999
vt 0.097924 0.886494
vt 0.128649 0.920775
vt 0.130368 0.911916
vt 0.125337 0.919350
vt 0.128531 0.903141
vt 0.126824 0.911791
vt 0.130177 0.902260
vt 0.123596 0.895753
vt 0.125385 0.904328
vt 0.116285 0.890916
vt 0.121245 0.898035
vt 0.107717 0.889227
vt 0.115013 0.893905
vt 0.099131 0.890954
vt 0.107704 0.892429
vt 0.094127 0.898036
vt 0.091883 0.895890
vt 0.089980 0.904303
vt 0.086867 0.903113
vt 0.085328 0.902231
vt 0.088373 0.911775
vt 0.121172 0.925819
vt 0.090692 0.145583
vt 0.097881 0.223554
vt 0.097086 0.144497
vt 0.097692 0.922715
vt 0.102125 0.925736
vt 0.082217 0.921831
vt 0.006063 0.994106
vt 0.080581 0.911309
vt 0.002634 0.714061
vt 0.087834 0.930902
vt 0.224519 0.715692
vt 0.225121 0.997366
vt 0.224636 0.902644
vt 0.118599 0.586669
vt 0.224304 0.586680
vt 0.107334 0.929300
vt 0.113710 0.927832
vt 0.122876 0.918564
vt 0.117036 0.922437
vt 0.112478 0.925481
vt 0.119177 0.924132
vt 0.122922 0.905568
vt 0.121735 0.912466
vt 0.120365 0.917923
vt 0.124204 0.912033
vt 0.114012 0.896508
vt 0.117782 0.902160
vt 0.120799 0.906904
vt 0.119342 0.900139
vt 0.107736 0.895265
vt 0.100365 0.893840
vt 0.101393 0.896490
vt 0.107727 0.897784
vt 0.113167 0.898975
vt 0.096050 0.900159
vt 0.092378 0.905598
vt 0.102283 0.899029
vt 0.097775 0.902316
vt 0.090966 0.912078
vt 0.092145 0.918571
vt 0.094693 0.907000
vt 0.093639 0.912572
vt 0.094735 0.918066
vt 0.095698 0.924128
vt 0.096607 0.937186
vt 0.543726 0.036077
vt 0.502622 0.315559
vt 0.508817 0.317284
vt 0.453064 0.498829
vt 0.459691 0.504282
vt 0.460937 0.498345
vt 0.224291 0.553741
vt 0.129425 0.553064
vt 0.113203 0.549639
vt 0.107326 0.545848
vt 0.005466 0.587078
vt 0.445480 0.293506
vt 0.438099 0.084556
vt 0.441229 0.293433
vt 0.441725 0.083199
vt 0.439520 0.080292
vt 0.158409 0.037220
vt 0.117079 0.381774
vt 0.222491 0.381777
vt 0.211593 0.257459
vt 0.458347 0.433857
vt 0.450860 0.432995
vt 0.089784 0.517432
vt 0.112419 0.541373
vt 0.225851 0.257108
vt 0.231570 0.257061
vt 0.122012 0.546419
vt 0.120186 0.551674
vt 0.011509 0.381748
vt 0.022574 0.257320
vt 0.116922 0.544762
vt 0.117085 0.257997
vt 0.130659 0.547087
vt 0.578261 0.503028
vt 0.381320 0.084335
vt 0.578360 0.508484
vt 0.376493 0.293031
vt 0.435713 0.502430
vt 0.220398 0.257251
vt 0.640526 0.316818
vt 0.283359 0.004241
vt 0.363645 0.127558
vt 0.364769 0.006891
vt 0.073348 0.036589
vt 0.364230 0.515129
vt 0.442168 0.519731
vt 0.443041 0.511966
vt 0.365989 0.900063
vt 0.358700 0.893488
vt 0.363842 0.901515
vt 0.331758 0.886144
vt 0.341542 0.886928
vt 0.341494 0.884183
vt 0.331327 0.936531
vt 0.324793 0.928626
vt 0.322350 0.930448
vt 0.323266 0.891782
vt 0.332605 0.889018
vt 0.316554 0.921507
vt 0.318032 0.911339
vt 0.314821 0.911108
vt 0.342134 0.938703
vt 0.332629 0.934135
vt 0.364306 0.910982
vt 0.364427 0.920242
vt 0.365987 0.910839
vt 0.319747 0.920606
vt 0.317324 0.900638
vt 0.324988 0.894291
vt 0.351627 0.934060
vt 0.358027 0.927286
vt 0.350754 0.932323
vt 0.333346 0.932716
vt 0.342043 0.931017
vt 0.334547 0.929601
vt 0.342129 0.936174
vt 0.342099 0.934384
vt 0.359469 0.928388
vt 0.362819 0.919728
vt 0.355734 0.924990
vt 0.359727 0.918488
vt 0.348226 0.926753
vt 0.341997 0.928241
vt 0.155457 0.148969
vt 0.149041 0.218997
vt 0.155487 0.218348
vt 0.091378 0.222617
vt 0.084279 0.146799
vt 0.084915 0.221525
vt 0.065528 0.218987
vt 0.058102 0.150036
vt 0.059043 0.218881
vt 0.142694 0.220010
vt 0.136163 0.146248
vt 0.136419 0.221177
vt 0.078452 0.220456
vt 0.071259 0.149033
vt 0.072025 0.219550
vt 0.130168 0.222316
vt 0.129667 0.145166
vt 0.104417 0.224083
vt 0.110014 0.143543
vt 0.103511 0.143838
vt 0.123823 0.223300
vt 0.116535 0.143697
vt 0.110960 0.224262
vt 0.117420 0.223977
vt 0.077778 0.147994
vt 0.161992 0.149246
vt 0.161992 0.218098
vt 0.325915 0.927816
vt 0.328208 0.925406
vt 0.359866 0.891443
vt 0.350700 0.888403
vt 0.321092 0.920179
vt 0.319345 0.911445
vt 0.324059 0.918944
vt 0.322499 0.911384
vt 0.321091 0.902812
vt 0.323987 0.903919
vt 0.325913 0.895441
vt 0.328128 0.897556
vt 0.319732 0.902058
vt 0.333137 0.890625
vt 0.334331 0.893421
vt 0.341577 0.891974
vt 0.341592 0.888826
vt 0.348807 0.893455
vt 0.350075 0.890516
vt 0.355048 0.897542
vt 0.357276 0.895330
vt 0.359279 0.903613
vt 0.362336 0.902372
vt 0.360964 0.910987
vt 0.351251 0.885962
vt 0.351069 0.921277
vt 0.346885 0.924321
vt 0.367106 0.920983
vt 0.368643 0.910489
vt 0.443264 0.992829
vt 0.445592 0.713313
vt 0.361585 0.930055
vt 0.329814 0.586597
vt 0.341962 0.925353
vt 0.335751 0.926941
vt 0.327148 0.917943
vt 0.330605 0.923338
vt 0.332923 0.921608
vt 0.337025 0.924480
vt 0.327104 0.905395
vt 0.325976 0.911636
vt 0.328781 0.912057
vt 0.330010 0.917252
vt 0.335468 0.896276
vt 0.330379 0.899975
vt 0.332199 0.902087
vt 0.329506 0.906766
vt 0.341575 0.894913
vt 0.347892 0.895930
vt 0.341704 0.897473
vt 0.336462 0.898814
vt 0.353348 0.899476
vt 0.356982 0.904891
vt 0.347151 0.898392
vt 0.358206 0.911279
vt 0.356834 0.917613
vt 0.354666 0.906216
vt 0.351744 0.901512
vt 0.349463 0.929327
vt 0.354038 0.916885
vt 0.353312 0.922931
vt 0.355433 0.911614
vt 0.352827 0.936345
vt 0.901627 0.317259
vt 0.860656 0.037288
vt 0.896107 0.318689
vt 0.953084 0.498809
vt 0.946382 0.498335
vt 0.946491 0.504254
vt 0.319027 0.553090
vt 0.335199 0.549676
vt 0.442822 0.586994
vt 0.341054 0.545897
vt 0.437153 0.506698
vt 0.439456 0.503636
vt 0.284839 0.259241
vt 0.275855 0.505600
vt 0.281962 0.505582
vt 0.947490 0.434464
vt 0.954639 0.433573
vt 0.358800 0.517898
vt 0.335999 0.541455
vt 0.363948 0.520446
vt 0.008358 0.257061
vt 0.002634 0.257080
vt 0.326416 0.546439
vt 0.317804 0.546983
vt 0.277045 0.003929
vt 0.283226 0.250779
vt 0.331483 0.544810
vt 0.328239 0.551706
vt 0.224291 0.548214
vt 0.828018 0.502958
vt 0.378059 0.506507
vt 0.236838 0.127501
vt 0.277225 0.251901
vt 0.013793 0.257201
vt 0.799693 0.037384
vt 0.764401 0.318636
vt 0.363353 0.503978
vt 0.366374 0.383651
vt 0.123104 0.144257
vt 0.142593 0.147326
vt 0.148987 0.148302
vt 0.712440 0.434364
vt 0.814562 0.519901
vt 0.892078 0.513752
vt 0.813018 0.514844
vt 0.814100 0.900693
vt 0.806804 0.894065
vt 0.812092 0.902077
vt 0.779818 0.886681
vt 0.789626 0.887302
vt 0.789597 0.884694
vt 0.779085 0.937215
vt 0.772285 0.929573
vt 0.770202 0.931060
vt 0.771272 0.892340
vt 0.780480 0.889199
vt 0.764569 0.922110
vt 0.765389 0.911954
vt 0.762777 0.911689
vt 0.789837 0.939489
vt 0.780226 0.935184
vt 0.812415 0.911673
vt 0.812660 0.921116
vt 0.814212 0.911533
vt 0.767068 0.921441
vt 0.765246 0.901180
vt 0.772648 0.894485
vt 0.799494 0.935169
vt 0.805955 0.928120
vt 0.798568 0.933255
vt 0.781055 0.933518
vt 0.789799 0.931821
vt 0.782346 0.930312
vt 0.789846 0.937221
vt 0.789828 0.935268
vt 0.807541 0.929445
vt 0.810830 0.920532
vt 0.803537 0.925727
vt 0.807603 0.919154
vt 0.796143 0.927851
vt 0.789780 0.929352
vt 0.773636 0.928490
vt 0.776061 0.926023
vt 0.808012 0.891973
vt 0.798872 0.888829
vt 0.768744 0.920919
vt 0.767038 0.912085
vt 0.771959 0.919551
vt 0.770486 0.911978
vt 0.768870 0.903319
vt 0.771971 0.904512
vt 0.773815 0.895944
vt 0.776144 0.898218
vt 0.767286 0.902473
vt 0.781123 0.891088
vt 0.782398 0.894080
vt 0.789661 0.889356
vt 0.789679 0.892562
vt 0.796939 0.893980
vt 0.798209 0.891019
vt 0.803176 0.898067
vt 0.805438 0.895841
vt 0.807353 0.904211
vt 0.810477 0.902980
vt 0.808977 0.911637
vt 0.799388 0.886511
vt 0.799391 0.922473
vt 0.794896 0.925584
vt 0.815036 0.921755
vt 0.816694 0.911198
vt 0.891037 0.994000
vt 0.894447 0.714240
vt 0.809393 0.930846
vt 0.672680 0.716289
vt 0.672957 0.997366
vt 0.672686 0.903042
vt 0.778384 0.587103
vt 0.672644 0.587194
vt 0.789760 0.926719
vt 0.783420 0.928003
vt 0.774583 0.918736
vt 0.778055 0.924370
vt 0.780193 0.922766
vt 0.784608 0.925698
vt 0.774637 0.905833
vt 0.773414 0.912228
vt 0.776034 0.912711
vt 0.777156 0.918195
vt 0.783397 0.896650
vt 0.778106 0.900379
vt 0.779821 0.902430
vt 0.776984 0.907216
vt 0.789671 0.895314
vt 0.796030 0.896432
vt 0.789724 0.897745
vt 0.784289 0.899050
vt 0.801436 0.900026
vt 0.805029 0.905485
vt 0.795203 0.898904
vt 0.806358 0.911898
vt 0.805074 0.918419
vt 0.802731 0.906842
vt 0.799804 0.902075
vt 0.797228 0.930142
vt 0.802479 0.917850
vt 0.801474 0.923994
vt 0.803682 0.912339
vt 0.800544 0.937135
vt 0.646169 0.315307
vt 0.604453 0.035838
vt 0.698382 0.495902
vt 0.692264 0.495671
vt 0.694135 0.500629
vt 0.672639 0.554091
vt 0.767529 0.553418
vt 0.783779 0.549963
vt 0.891639 0.587708
vt 0.789629 0.546174
vt 0.371642 0.293007
vt 0.379930 0.080292
vt 0.377750 0.083160
vt 0.692869 0.431789
vt 0.700145 0.430781
vt 0.807938 0.518288
vt 0.784340 0.541508
vt 0.225736 0.506587
vt 0.231404 0.506698
vt 0.774924 0.546696
vt 0.766288 0.547371
vt 0.779937 0.544979
vt 0.776782 0.552017
vt 0.891847 0.519694
vt 0.211554 0.506145
vt 0.117041 0.505475
vt 0.672629 0.548178
vt 0.220344 0.506389
vt 0.532296 0.515570
vt 0.453429 0.519832
vt 0.532572 0.520825
vt 0.531421 0.901195
vt 0.539252 0.895092
vt 0.537485 0.892411
vt 0.555833 0.888237
vt 0.565593 0.887084
vt 0.555831 0.885132
vt 0.573092 0.929699
vt 0.566218 0.937391
vt 0.575169 0.931199
vt 0.574145 0.892674
vt 0.564888 0.889807
vt 0.572670 0.894946
vt 0.579927 0.912152
vt 0.580895 0.922277
vt 0.582659 0.911881
vt 0.555469 0.939740
vt 0.565044 0.935261
vt 0.555434 0.937249
vt 0.533052 0.921508
vt 0.533186 0.912272
vt 0.531629 0.912085
vt 0.578274 0.921546
vt 0.580167 0.901458
vt 0.539443 0.928586
vt 0.545840 0.935452
vt 0.546740 0.933567
vt 0.564242 0.933626
vt 0.555419 0.932082
vt 0.555433 0.935463
vt 0.537948 0.929782
vt 0.534664 0.921031
vt 0.541779 0.926206
vt 0.537776 0.919757
vt 0.549137 0.928061
vt 0.548038 0.930490
vt 0.571722 0.928591
vt 0.562917 0.930405
vt 0.546894 0.889922
vt 0.546051 0.886931
vt 0.576651 0.921043
vt 0.578336 0.912281
vt 0.573488 0.919676
vt 0.576477 0.903645
vt 0.574938 0.912204
vt 0.578011 0.902814
vt 0.571584 0.896335
vt 0.573422 0.904832
vt 0.564342 0.891564
vt 0.569299 0.898576
vt 0.555850 0.889884
vt 0.563101 0.894477
vt 0.547377 0.891549
vt 0.555835 0.892972
vt 0.540178 0.896386
vt 0.548497 0.894309
vt 0.538035 0.904715
vt 0.535156 0.903604
vt 0.534023 0.902889
vt 0.536501 0.912237
vt 0.569265 0.926086
vt 0.546084 0.922872
vt 0.550328 0.925687
vt 0.530357 0.922239
vt 0.454540 0.994785
vt 0.528787 0.911677
vt 0.450860 0.714296
vt 0.535970 0.931285
vt 0.566926 0.587143
vt 0.555393 0.929316
vt 0.561727 0.927870
vt 0.570754 0.918780
vt 0.564928 0.922427
vt 0.560433 0.925348
vt 0.567174 0.924242
vt 0.570901 0.906098
vt 0.569453 0.912838
vt 0.568078 0.918079
vt 0.572050 0.912455
vt 0.562056 0.897216
vt 0.565799 0.902751
vt 0.568683 0.907414
vt 0.567369 0.900712
vt 0.555865 0.896136
vt 0.549702 0.897389
vt 0.555905 0.898711
vt 0.561254 0.899710
vt 0.544511 0.900926
vt 0.540977 0.906231
vt 0.550651 0.899971
vt 0.546290 0.903107
vt 0.542225 0.898416
vt 0.539507 0.912556
vt 0.540589 0.918972
vt 0.543433 0.907725
vt 0.542314 0.913095
vt 0.543303 0.918432
vt 0.543979 0.924391
vt 0.544785 0.937486
vt 0.758799 0.317194
vt 0.707044 0.498580
vt 0.711566 0.503615
vt 0.713775 0.498060
vt 0.577879 0.553876
vt 0.561530 0.549963
vt 0.555631 0.546220
vt 0.453675 0.587666
vt 0.379590 0.501946
vt 0.375565 0.503319
vt 0.705413 0.433454
vt 0.537662 0.518345
vt 0.561135 0.541198
vt 0.008327 0.506114
vt 0.002666 0.505740
vt 0.570355 0.546736
vt 0.568290 0.552728
vt 0.565472 0.544700
vt 0.022544 0.506014
vt 0.578987 0.547489
vt 0.828127 0.508484
vt 0.013729 0.506262
vt 0.366374 0.260443
vt 0.278803 0.258936
vt 0.245572 0.257825
vt 0.236838 0.381835
vt 0.004968 0.511966
vt 0.138601 0.034464
vt 0.151757 0.036574
vt 0.112411 0.031493
vt 0.060079 0.037512
vt 0.107253 0.926690
vt 0.538928 0.034742
vt 0.064664 0.149747
vt 0.865498 0.036221
vt 0.243709 0.002634
vt 0.243805 0.252557
vt 0.609283 0.034742
vt 0.364769 0.250195
vt 0.453113 0.513752
vt 0.555303 0.926459
vt 0.794867 0.036221
vt 0.242563 0.506698
vt 0.941715 0.626844
vt 0.941715 0.560330
vt 0.936547 0.560330
vt 0.936547 0.626844
vt 0.946883 0.964985
vt 0.946883 0.904503
vt 0.941715 0.904503
vt 0.941715 0.964985
vt 0.936547 0.904503
vt 0.936547 0.964985
vt 0.931378 0.904503
vt 0.931378 0.964985
vt 0.926209 0.904503
vt 0.926209 0.964985
vt 0.921041 0.904503
vt 0.921041 0.964985
vt 0.915873 0.904503
vt 0.915873 0.964985
vt 0.910704 0.904503
vt 0.910704 0.964985
vt 0.905536 0.904503
vt 0.905536 0.964985
vt 0.988231 0.964985
vt 0.988231 0.904503
vt 0.983063 0.904503
vt 0.983063 0.964985
vt 0.977894 0.904503
vt 0.977894 0.964985
vt 0.972726 0.904503
vt 0.972726 0.964985
vt 0.967557 0.904503
vt 0.967557 0.964985
vt 0.962389 0.904503
vt 0.962389 0.964985
vt 0.957220 0.904503
vt 0.957220 0.964985
vt 0.952052 0.904503
vt 0.952052 0.964985
vt 0.946883 0.626844
vt 0.946883 0.560330
vt 0.946883 0.886390
vt 0.941715 0.886390
vt 0.936547 0.886390
vt 0.931378 0.886390
vt 0.926209 0.886390
vt 0.921041 0.886390
vt 0.915873 0.886390
vt 0.910704 0.886390
vt 0.905536 0.886390
vt 0.988231 0.886390
vt 0.983063 0.886390
vt 0.977894 0.886390
vt 0.972726 0.886390
vt 0.967557 0.886390
vt 0.962389 0.886390
vt 0.957220 0.886390
vt 0.952052 0.886390
vt 0.941715 0.874339
vt 0.936547 0.874339
vt 0.931378 0.874339
vt 0.926209 0.874339
vt 0.921041 0.874339
vt 0.915873 0.874339
vt 0.910704 0.874339
vt 0.905536 0.874339
vt 0.988231 0.874339
vt 0.983063 0.874339
vt 0.977894 0.874339
vt 0.972726 0.874339
vt 0.967557 0.874339
vt 0.962389 0.874339
vt 0.957220 0.874339
vt 0.952052 0.874339
vt 0.946883 0.874339
vt 0.946883 0.862310
vt 0.941715 0.862310
vt 0.936547 0.862310
vt 0.931378 0.862310
vt 0.926209 0.862310
vt 0.921041 0.862310
vt 0.915873 0.862310
vt 0.910704 0.862310
vt 0.905536 0.862310
vt 0.988231 0.862310
vt 0.983063 0.862310
vt 0.977894 0.862310
vt 0.972726 0.862310
vt 0.967557 0.862310
vt 0.962389 0.862310
vt 0.957220 0.862310
vt 0.952052 0.862310
vt 0.941715 0.850268
vt 0.936547 0.850268
vt 0.931378 0.850268
vt 0.926209 0.850268
vt 0.921041 0.850268
vt 0.915873 0.850268
vt 0.910704 0.850268
vt 0.905536 0.850268
vt 0.988231 0.850268
vt 0.983063 0.850268
vt 0.977894 0.850268
vt 0.972726 0.850268
vt 0.967557 0.850268
vt 0.962389 0.850268
vt 0.957220 0.850268
vt 0.952052 0.850268
vt 0.946883 0.850268
vt 0.941715 0.838194
vt 0.936547 0.838194
vt 0.931378 0.838194
vt 0.926209 0.838194
vt 0.921041 0.838194
vt 0.915873 0.838194
vt 0.910704 0.838194
vt 0.905536 0.838194
vt 0.988231 0.838194
vt 0.983063 0.838194
vt 0.977894 0.838194
vt 0.972726 0.838194
vt 0.967557 0.838194
vt 0.962389 0.838194
vt 0.957220 0.838194
vt 0.952052 0.838194
vt 0.946883 0.838194
vt 0.941715 0.826109
vt 0.936547 0.826109
vt 0.931378 0.826109
vt 0.926209 0.826109
vt 0.921041 0.826109
vt 0.915873 0.826109
vt 0.910704 0.826109
vt 0.905536 0.826109
vt 0.988231 0.826109
vt 0.983063 0.826109
vt 0.977894 0.826109
vt 0.972726 0.826109
vt 0.967557 0.826109
vt 0.962389 0.826109
vt 0.957220 0.826109
vt 0.952052 0.826109
vt 0.946883 0.826109
vt 0.941715 0.699209
vt 0.936547 0.699209
vt 0.931378 0.699209
vt 0.926209 0.699209
vt 0.921041 0.699209
vt 0.915873 0.699209
vt 0.910704 0.699209
vt 0.905536 0.699209
vt 0.988231 0.699209
vt 0.983063 0.699209
vt 0.977894 0.699209
vt 0.972726 0.699209
vt 0.967557 0.699209
vt 0.962389 0.699209
vt 0.957220 0.699209
vt 0.952052 0.699209
vt 0.946883 0.699209
vt 0.941715 0.687124
vt 0.936547 0.687124
vt 0.931378 0.687124
vt 0.926209 0.687124
vt 0.921041 0.687124
vt 0.915873 0.687124
vt 0.910704 0.687124
vt 0.905536 0.687124
vt 0.988231 0.687124
vt 0.983063 0.687124
vt 0.977894 0.687124
vt 0.972726 0.687124
vt 0.967557 0.687124
vt 0.962389 0.687124
vt 0.957220 0.687124
vt 0.952052 0.687124
vt 0.946883 0.687124
vt 0.941715 0.675056
vt 0.936547 0.675056
vt 0.931378 0.675056
vt 0.926209 0.675056
vt 0.921041 0.675056
vt 0.915873 0.675056
vt 0.910704 0.675056
vt 0.905536 0.675056
vt 0.988231 0.675056
vt 0.983063 0.675056
vt 0.977894 0.675056
vt 0.972726 0.675056
vt 0.967557 0.675056
vt 0.962389 0.675056
vt 0.957220 0.675056
vt 0.952052 0.675056
vt 0.946883 0.675056
vt 0.946883 0.663036
vt 0.941715 0.663036
vt 0.936547 0.663036
vt 0.931378 0.663036
vt 0.926209 0.663036
vt 0.921041 0.663036
vt 0.915873 0.663036
vt 0.910704 0.663036
vt 0.905536 0.663036
vt 0.988231 0.663036
vt 0.983063 0.663036
vt 0.977894 0.663036
vt 0.972726 0.663036
vt 0.967557 0.663036
vt 0.962389 0.663036
vt 0.957220 0.663036
vt 0.952052 0.663036
vt 0.946883 0.650990
vt 0.941715 0.650990
vt 0.936547 0.650990
vt 0.931378 0.650990
vt 0.926209 0.650990
vt 0.921041 0.650990
vt 0.915873 0.650990
vt 0.910704 0.650990
vt 0.905536 0.650990
vt 0.988231 0.650990
vt 0.983063 0.650990
vt 0.977894 0.650990
vt 0.972726 0.650990
vt 0.967557 0.650990
vt 0.962389 0.650990
vt 0.957220 0.650990
vt 0.952052 0.650990
vt 0.946883 0.638923
vt 0.941715 0.638923
vt 0.936547 0.638923
vt 0.931378 0.638923
vt 0.926209 0.638923
vt 0.921041 0.638923
vt 0.915873 0.638923
vt 0.910704 0.638923
vt 0.905536 0.638923
vt 0.988231 0.638923
vt 0.983063 0.638923
vt 0.977894 0.638923
vt 0.972726 0.638923
vt 0.967557 0.638923
vt 0.962389 0.638923
vt 0.957220 0.638923
vt 0.952052 0.638923
vt 0.931378 0.626844
vt 0.926209 0.626844
vt 0.921041 0.626844
vt 0.915873 0.626844
vt 0.910704 0.626844
vt 0.905536 0.626844
vt 0.988231 0.626844
vt 0.983063 0.626844
vt 0.977894 0.626844
vt 0.972726 0.626844
vt 0.967557 0.626844
vt 0.962389 0.626844
vt 0.957220 0.626844
vt 0.952052 0.626844
vt 0.931378 0.560330
vt 0.926209 0.560330
vt 0.921041 0.560330
vt 0.915873 0.560330
vt 0.910704 0.560330
vt 0.905536 0.560330
vt 0.988231 0.560330
vt 0.983063 0.560330
vt 0.977894 0.560330
vt 0.972726 0.560330
vt 0.967557 0.560330
vt 0.962389 0.560330
vt 0.957220 0.560330
vt 0.952052 0.560330
s 1
usemtl small_barricada
f 1/1/1 2/2/2 3/3/3
f 4/4/4 5/5/5 6/6/6
f 7/7/7 8/8/8 9/9/9
f 10/10/10 11/11/11 12/12/12
f 13/13/13 14/14/14 15/15/15
f 16/16/16 17/17/17 18/18/18
f 19/19/19 20/20/20 21/21/21
f 22/22/22 23/23/23 24/24/24
f 12/12/12 25/25/25 10/10/10
f 15/15/15 26/26/26 13/13/13
f 27/27/27 28/28/28 29/29/29
f 30/30/30 31/31/31 32/32/32
f 21/21/21 29/29/29 28/28/28
f 33/33/33 34/34/34 22/22/22
f 34/34/34 35/35/35 36/36/36
f 31/31/31 37/37/37 38/38/38
f 39/39/39 40/40/40 41/41/41
f 42/42/42 43/43/43 44/44/44
f 45/45/45 46/46/46 47/47/47
f 48/48/48 49/49/49 50/50/50
f 51/51/51 52/52/52 53/53/53
f 54/54/54 55/55/55 56/56/56
f 57/57/57 58/58/58 59/59/59
f 60/60/60 55/55/55 61/61/61
f 58/58/58 62/62/62 63/63/63
f 64/64/64 59/59/59 65/65/65
f 52/52/52 42/42/42 53/53/53
f 40/40/40 66/66/66 41/41/41
f 30/30/30 21/21/21 20/20/20
f 67/67/67 68/68/68 30/30/30
f 67/67/67 20/20/20 10/10/10
f 31/31/31 29/29/29 32/32/32
f 6/6/6 69/69/69 70/70/70
f 71/71/71 10/10/10 25/25/25
f 72/72/72 73/73/73 71/71/71
f 72/72/72 25/25/25 16/16/16
f 74/74/74 75/75/75 72/72/72
f 74/74/74 16/16/16 76/76/76
f 77/77/77 78/78/78 74/74/74
f 77/77/77 76/76/76 15/15/15
f 79/79/79 80/80/80 77/77/77
f 79/79/79 15/15/15 14/14/14
f 81/81/81 82/82/82 79/79/79
f 81/81/81 14/14/14 7/7/7
f 83/83/83 84/84/84 81/81/81
f 81/81/81 69/69/69 83/83/83
f 85/85/85 83/83/83 86/86/86
f 5/5/5 83/83/83 69/69/69
f 87/87/87 86/86/86 88/88/88
f 86/86/86 89/89/89 88/88/88
f 90/90/90 88/88/88 23/23/23
f 88/88/88 24/24/24 23/23/23
f 36/36/36 23/23/23 34/34/34
f 71/71/71 91/91/91 67/67/67
f 92/92/92 93/93/93 94/94/94
f 70/70/70 7/7/7 9/9/9
f 18/18/18 76/76/76 16/16/16
f 95/95/95 37/37/37 96/96/96
f 24/24/24 97/97/97 22/22/22
f 98/98/98 97/97/97 99/99/99
f 100/100/100 4/4/4 6/6/6
f 98/98/98 101/101/101 97/97/97
f 102/102/102 8/8/8 13/13/13
f 103/103/103 12/12/12 11/11/11
f 104/104/104 26/26/26 18/18/18
f 105/105/105 102/102/102 106/106/106
f 107/107/107 96/96/96 37/37/37
f 108/108/108 31/31/31 68/68/68
f 109/109/109 91/91/91 73/73/73
f 108/108/108 110/110/110 111/111/111
f 112/112/112 68/68/68 91/91/91
f 111/111/111 107/107/107 108/108/108
f 113/113/113 75/75/75 78/78/78
f 109/109/109 114/114/48 115/115/114
f 116/116/115 73/73/73 75/75/75
f 115/115/114 112/112/112 109/109/109
f 117/117/116 80/80/80 82/82/82
f 113/113/113 118/118/117 119/119/118
f 120/120/119 78/78/78 80/80/80
f 119/119/118 116/116/115 113/113/113
f 121/121/120 122/122/121 123/123/122
f 117/117/116 124/124/123 125/125/124
f 121/121/120 82/82/82 84/84/84
f 125/125/124 120/120/119 117/117/116
f 126/126/125 87/87/87 127/127/126
f 128/128/127 126/126/125 129/129/128
f 123/123/122 85/85/85 126/126/125
f 123/123/122 124/124/123 121/121/120
f 130/130/129 36/36/36 131/131/130
f 132/132/131 130/130/129 133/133/132
f 127/127/126 90/90/90 130/130/129
f 127/127/126 129/129/128 126/126/125
f 38/38/38 27/27/27 29/29/29
f 134/134/133 135/135/134 95/95/95
f 131/131/130 35/35/35 135/135/134
f 131/131/130 133/133/132 130/130/129
f 101/101/101 22/22/22 97/97/97
f 135/135/134 38/38/38 37/37/37
f 19/19/19 28/28/28 136/136/135
f 33/33/33 136/136/135 28/28/28
f 19/19/19 136/136/135 98/98/98
f 17/17/17 12/12/12 103/103/103
f 137/137/136 138/138/137 139/139/138
f 140/140/2 141/141/139 142/142/140
f 143/143/141 144/144/142 105/105/105
f 145/145/143 146/146/144 147/147/145
f 148/148/146 149/149/147 150/150/148
f 149/149/147 151/151/98 152/152/149
f 153/153/150 51/51/51 46/46/46
f 154/154/151 155/155/152 156/156/153
f 157/157/154 138/138/137 158/158/155
f 159/159/156 146/146/144 160/160/157
f 3/3/3 159/159/156 1/1/1
f 161/161/158 155/155/152 162/162/159
f 144/144/142 163/163/160 164/164/161
f 145/145/143 160/160/157 146/146/144
f 165/165/162 154/154/151 166/166/163
f 164/164/161 167/167/158 145/145/143
f 164/164/161 145/145/143 147/147/145
f 105/105/105 144/144/142 164/164/161
f 105/105/105 164/164/161 147/147/145
f 147/147/145 3/3/3 2/2/2
f 11/11/11 19/19/19 103/103/103
f 103/103/103 19/19/19 98/98/98
f 156/156/153 168/168/164 154/154/151
f 143/143/141 105/105/105 106/106/106
f 143/143/141 169/169/165 144/144/142
f 104/104/104 13/13/13 26/26/26
f 157/157/154 142/142/140 170/170/166
f 157/157/154 140/140/2 142/142/140
f 136/136/135 101/101/101 98/98/98
f 8/8/8 102/102/102 9/9/9
f 17/17/17 104/104/104 18/18/18
f 98/98/98 4/4/4 100/100/100
f 9/9/9 100/100/100 70/70/70
f 104/104/104 102/102/102 13/13/13
f 100/100/100 105/105/105 147/147/145
f 104/104/104 17/17/17 103/103/103
f 152/152/149 171/171/167 149/149/147
f 170/170/166 141/141/139 172/172/168
f 173/173/169 174/174/170 150/150/148
f 155/155/152 161/161/158 175/175/160
f 176/176/171 137/137/136 139/139/138
f 177/177/1 178/178/172 179/179/139
f 156/156/153 155/155/152 175/175/160
f 100/100/100 6/6/6 70/70/70
f 62/62/62 61/61/61 63/63/63
f 180/180/173 50/50/50 49/49/49
f 139/139/138 170/170/166 176/176/171
f 89/89/89 99/99/99 24/24/24
f 181/181/174 182/182/175 183/183/176
f 184/184/177 185/185/178 186/186/179
f 187/187/180 188/188/181 189/189/182
f 190/190/183 191/191/184 192/192/185
f 193/193/186 194/194/187 187/187/180
f 195/195/188 196/196/189 197/197/190
f 198/198/191 199/199/192 190/190/183
f 200/200/193 201/201/194 202/202/195
f 192/192/185 203/203/196 195/195/188
f 204/204/197 205/205/198 193/193/186
f 206/206/199 207/207/200 208/208/201
f 209/209/202 210/210/203 211/211/204
f 212/212/205 208/208/201 213/213/206
f 214/214/207 215/215/208 207/207/200
f 216/216/209 215/215/208 217/217/210
f 210/210/203 218/218/211 219/219/212
f 220/220/213 221/221/214 222/222/215
f 223/223/216 224/224/217 225/225/218
f 226/226/219 227/227/220 228/228/221
f 229/229/222 230/230/223 231/231/224
f 232/232/225 233/233/226 234/234/227
f 235/235/228 230/230/223 236/236/229
f 237/237/230 238/238/231 239/239/232
f 236/236/229 240/240/233 235/235/228
f 241/241/234 242/242/235 243/243/236
f 239/239/232 93/93/93 237/237/230
f 225/225/218 244/244/237 232/232/225
f 245/245/238 222/222/215 246/246/239
f 209/209/202 212/212/205 213/213/206
f 247/247/240 211/211/204 248/248/241
f 199/199/192 247/247/240 191/191/184
f 208/208/201 210/210/203 213/213/206
f 249/249/242 250/250/243 185/185/178
f 251/251/244 191/191/184 247/247/240
f 252/252/245 253/253/246 254/254/247
f 203/203/196 252/252/245 196/196/189
f 255/255/248 254/254/247 256/256/249
f 255/255/248 196/196/189 252/252/245
f 257/257/250 256/256/249 258/258/251
f 259/259/252 257/257/250 205/205/198
f 260/260/253 258/258/251 261/261/254
f 260/260/253 205/205/198 257/257/250
f 260/260/253 262/262/255 263/263/256
f 194/194/187 263/263/256 188/188/181
f 263/263/256 264/264/257 265/265/258
f 250/250/243 263/263/256 265/265/258
f 265/265/258 266/266/259 267/267/260
f 185/185/178 265/265/258 267/267/260
f 267/267/260 268/268/261 269/269/262
f 186/186/179 267/267/260 269/269/262
f 270/270/263 269/269/262 268/268/261
f 202/202/195 269/269/262 200/200/193
f 217/217/210 200/200/193 270/270/263
f 251/251/244 248/248/241 253/253/246
f 171/171/167 150/150/148 149/149/147
f 188/188/181 271/271/264 189/189/182
f 259/259/252 197/197/190 196/196/189
f 218/218/211 272/272/265 273/273/266
f 202/202/195 274/274/267 275/275/268
f 276/276/269 275/275/268 274/274/267
f 277/277/270 249/249/242 184/184/177
f 276/276/269 274/274/267 278/278/271
f 102/102/102 193/193/186 187/187/180
f 103/103/103 190/190/183 192/192/185
f 104/104/104 197/197/190 204/204/197
f 279/279/272 106/106/106 102/102/102
f 219/219/212 273/273/266 280/280/239
f 281/281/273 210/210/203 219/219/212
f 282/282/274 248/248/241 283/283/275
f 284/284/276 281/281/273 285/285/215
f 283/283/275 211/211/204 281/281/273
f 219/219/212 285/285/215 281/281/273
f 286/286/277 254/254/247 287/287/278
f 288/288/279 282/282/274 289/289/280
f 287/287/278 253/253/246 282/282/274
f 283/283/275 289/289/280 282/282/274
f 290/290/281 258/258/251 291/291/282
f 292/292/233 286/286/277 293/293/228
f 291/291/282 256/256/249 286/286/277
f 287/287/278 293/293/228 286/286/277
f 264/264/257 294/294/283 295/295/284
f 296/296/285 290/290/281 297/297/236
f 294/294/283 261/261/254 290/290/281
f 291/291/282 297/297/236 290/290/281
f 268/268/261 298/298/286 299/299/287
f 300/300/288 298/298/286 295/295/284
f 266/266/259 295/295/284 298/298/286
f 295/295/284 296/296/285 300/300/288
f 217/217/210 301/301/289 302/302/290
f 303/303/291 301/301/289 299/299/287
f 270/270/263 299/299/287 301/301/289
f 299/299/287 304/304/292 303/303/291
f 305/305/293 207/207/200 216/216/209
f 306/306/225 307/307/294 302/302/290
f 216/216/209 302/302/290 307/307/294
f 302/302/290 308/308/218 306/306/225
f 201/201/194 278/278/271 274/274/267
f 305/305/293 307/307/294 218/218/211
f 206/206/199 198/198/191 309/309/295
f 214/214/207 309/309/295 278/278/271
f 198/198/191 276/276/269 309/309/295
f 195/195/188 103/103/103 192/192/185
f 310/310/270 311/311/296 312/312/297
f 313/313/298 314/314/299 315/315/300
f 143/143/141 279/279/272 316/316/301
f 317/317/302 318/318/303 319/319/304
f 174/174/170 148/148/146 150/150/148
f 174/174/170 320/320/305 321/321/306
f 233/233/226 226/226/219 234/234/227
f 322/322/307 323/323/308 324/324/174
f 310/310/270 325/325/309 326/326/303
f 319/319/304 327/327/310 328/328/311
f 329/329/312 181/181/174 327/327/310
f 330/330/313 331/331/314 165/165/162
f 316/316/301 332/332/315 333/333/163
f 328/328/311 317/317/302 319/319/304
f 334/334/156 335/335/316 177/177/1
f 336/336/313 337/337/317 317/317/302
f 337/337/317 318/318/303 317/317/302
f 279/279/272 337/337/317 316/316/301
f 279/279/272 318/318/303 337/337/317
f 329/329/312 318/318/303 182/182/175
f 190/190/183 103/103/103 198/198/191
f 103/103/103 276/276/269 198/198/191
f 166/166/163 154/154/151 168/168/164
f 143/143/141 106/106/106 279/279/272
f 143/143/141 333/333/163 338/338/164
f 104/104/104 204/204/197 193/193/186
f 325/325/309 339/339/318 314/314/299
f 325/325/309 313/313/298 326/326/303
f 309/309/295 276/276/269 278/278/271
f 187/187/180 189/189/182 102/102/102
f 195/195/188 197/197/190 104/104/104
f 276/276/269 184/184/177 275/275/268
f 277/277/270 189/189/182 271/271/264
f 104/104/104 193/193/186 102/102/102
f 279/279/272 277/277/270 318/318/303
f 104/104/104 103/103/103 195/195/188
f 174/174/170 340/340/319 320/320/305
f 339/339/318 315/315/300 314/314/299
f 334/334/156 341/341/320 342/342/321
f 165/165/162 343/343/322 330/330/313
f 312/312/297 344/344/319 345/345/323
f 324/324/174 346/346/300 347/347/324
f 166/166/163 343/343/322 165/165/162
f 277/277/270 271/271/264 249/249/242
f 243/243/236 348/348/325 241/241/234
f 349/349/326 221/221/214 350/350/327
f 345/345/323 351/351/328 339/339/318
f 275/275/268 186/186/179 202/202/195
f 352/352/329 353/353/330 354/354/331
f 355/355/332 356/356/333 357/357/334
f 358/358/335 359/359/336 360/360/337
f 361/361/338 362/362/339 363/363/340
f 364/364/341 365/365/342 358/358/335
f 366/366/343 367/367/344 368/368/345
f 369/369/346 370/370/347 361/361/338
f 371/371/348 372/372/349 373/373/350
f 363/363/340 374/374/351 366/366/343
f 375/375/352 376/376/353 364/364/341
f 377/377/354 378/378/355 379/379/356
f 380/380/357 381/381/358 382/382/359
f 383/383/360 379/379/356 384/384/361
f 385/385/362 386/386/363 378/378/355
f 387/387/364 386/386/363 388/388/365
f 381/381/358 389/389/366 390/390/367
f 380/380/357 383/383/360 384/384/361
f 391/391/368 382/382/359 392/392/369
f 370/370/347 391/391/368 362/362/339
f 379/379/356 381/381/358 384/384/361
f 393/393/370 394/394/371 356/356/333
f 395/395/372 362/362/339 391/391/368
f 396/396/373 397/397/374 398/398/375
f 374/374/351 396/396/373 367/367/344
f 399/399/376 398/398/375 400/400/377
f 399/399/376 367/367/344 396/396/373
f 401/401/378 400/400/377 402/402/379
f 403/403/380 401/401/378 376/376/353
f 404/404/381 402/402/379 405/405/382
f 404/404/381 376/376/353 401/401/378
f 406/406/383 405/405/382 407/407/384
f 365/365/342 406/406/383 359/359/336
f 406/406/383 408/408/385 409/409/386
f 394/394/371 406/406/383 409/409/386
f 409/409/386 410/410/387 411/411/388
f 356/356/333 409/409/386 411/411/388
f 411/411/388 412/412/389 413/413/390
f 357/357/334 411/411/388 413/413/390
f 414/414/391 413/413/390 412/412/389
f 373/373/350 413/413/390 371/371/348
f 388/388/365 371/371/348 414/414/391
f 395/395/372 392/392/369 397/397/374
f 359/359/336 415/415/392 360/360/337
f 403/403/380 368/368/345 367/367/344
f 389/389/366 416/416/393 417/417/150
f 373/373/350 418/418/394 419/419/395
f 420/420/396 419/419/395 418/418/394
f 421/421/397 393/393/370 355/355/332
f 420/420/396 418/418/394 422/422/398
f 423/423/399 364/364/341 358/358/335
f 424/424/400 361/361/338 363/363/340
f 425/425/401 368/368/345 375/375/352
f 426/426/402 427/427/403 423/423/399
f 390/390/367 417/417/150 428/428/404
f 429/429/405 381/381/358 390/390/367
f 430/430/406 392/392/369 431/431/407
f 432/432/173 429/429/405 433/433/408
f 431/431/407 382/382/359 429/429/405
f 390/390/367 433/433/408 429/429/405
f 434/434/409 398/398/375 435/435/410
f 436/436/54 430/430/406 437/437/411
f 435/435/410 397/397/374 430/430/406
f 431/431/407 437/437/411 430/430/406
f 438/438/412 402/402/379 439/439/413
f 440/440/60 434/434/409 441/441/414
f 439/439/413 400/400/377 434/434/409
f 435/435/410 441/441/414 434/434/409
f 408/408/385 442/442/415 443/443/416
f 444/444/417 438/438/412 445/445/418
f 442/442/415 405/405/382 438/438/412
f 439/439/413 445/445/418 438/438/412
f 412/412/389 446/446/419 447/447/420
f 448/448/57 446/446/419 443/443/416
f 410/410/387 443/443/416 446/446/419
f 443/443/416 444/444/417 448/448/57
f 388/388/365 449/449/421 450/450/422
f 451/451/423 449/449/421 447/447/420
f 414/414/391 447/447/420 449/449/421
f 447/447/420 452/452/424 451/451/423
f 453/453/425 378/378/355 387/387/364
f 454/454/426 455/455/427 450/450/422
f 387/387/364 450/450/422 455/455/427
f 450/450/422 456/456/428 454/454/426
f 372/372/349 422/422/398 418/418/394
f 453/453/425 455/455/427 389/389/366
f 377/377/354 369/369/346 457/457/429
f 385/385/362 457/457/429 422/422/398
f 369/369/346 420/420/396 457/457/429
f 366/366/343 424/424/400 363/363/340
f 458/458/430 459/459/431 176/176/171
f 460/460/432 461/461/433 462/462/330
f 463/463/434 426/426/402 464/464/435
f 465/465/436 466/466/437 467/467/438
f 171/171/167 468/468/400 173/173/169
f 171/171/167 469/469/431 470/470/396
f 458/458/430 471/471/439 472/472/440
f 467/467/438 473/473/441 474/474/442
f 352/352/329 354/354/331 473/473/441
f 475/475/443 476/476/444 155/155/152
f 464/464/435 477/477/445 478/478/446
f 474/474/442 465/465/436 467/467/438
f 479/479/443 480/480/447 465/465/436
f 480/480/447 466/466/437 465/465/436
f 426/426/402 480/480/447 464/464/435
f 426/426/402 466/466/437 480/480/447
f 352/352/329 466/466/437 481/481/448
f 361/361/338 424/424/400 369/369/346
f 424/424/400 420/420/396 369/369/346
f 482/482/446 154/154/151 483/483/449
f 463/463/434 427/427/403 426/426/402
f 463/463/434 478/478/446 484/484/449
f 425/425/401 375/375/352 364/364/341
f 471/471/439 170/170/166 461/461/433
f 471/471/439 460/460/432 472/472/440
f 457/457/429 420/420/396 422/422/398
f 358/358/335 360/360/337 423/423/399
f 366/366/343 368/368/345 425/425/401
f 420/420/396 355/355/332 419/419/395
f 421/421/397 360/360/337 415/415/392
f 425/425/401 364/364/341 423/423/399
f 426/426/402 421/421/397 466/466/437
f 425/425/401 424/424/400 366/366/343
f 172/172/168 461/461/433 170/170/166
f 155/155/152 485/485/445 475/475/443
f 335/335/316 178/178/172 177/177/1
f 482/482/446 485/485/445 155/155/152
f 421/421/397 415/415/392 393/393/370
f 419/419/395 357/357/334 373/373/350
f 486/486/450 487/487/451 488/488/452
f 489/489/453 490/490/454 491/491/455
f 492/492/456 493/493/457 494/494/458
f 495/495/459 496/496/460 497/497/461
f 498/498/462 499/499/463 500/500/464
f 501/501/465 502/502/466 503/503/467
f 504/504/468 505/505/469 506/506/470
f 507/507/471 508/508/472 509/509/473
f 497/497/461 510/510/474 495/495/459
f 500/500/464 511/511/475 498/498/462
f 512/512/476 513/513/477 514/514/478
f 515/515/479 516/516/480 517/517/481
f 506/506/470 514/514/478 513/513/477
f 518/518/482 519/519/483 507/507/471
f 519/519/483 520/520/484 521/521/485
f 516/516/480 522/522/486 523/523/487
f 515/515/479 506/506/470 505/505/469
f 524/524/488 525/525/489 515/515/479
f 524/524/488 505/505/469 495/495/459
f 516/516/480 514/514/478 517/517/481
f 491/491/455 526/526/490 527/527/491
f 528/528/492 495/495/459 510/510/474
f 529/529/493 530/530/494 528/528/492
f 529/529/493 510/510/474 501/501/465
f 531/531/495 532/532/496 529/529/493
f 531/531/495 501/501/465 533/533/497
f 534/534/498 535/535/499 531/531/495
f 534/534/498 533/533/497 500/500/464
f 536/536/500 537/537/501 534/534/498
f 536/536/500 500/500/464 499/499/463
f 538/538/502 539/539/503 536/536/500
f 538/538/502 499/499/463 492/492/456
f 540/540/504 541/541/505 538/538/502
f 538/538/502 526/526/490 540/540/504
f 542/542/506 543/543/507 540/540/504
f 490/490/454 540/540/504 526/526/490
f 544/544/508 542/542/506 545/545/509
f 542/542/506 546/546/510 545/545/509
f 547/547/511 545/545/509 508/508/472
f 545/545/509 509/509/473 508/508/472
f 521/521/485 508/508/472 519/519/483
f 528/528/492 548/548/512 524/524/488
f 527/527/491 492/492/456 494/494/458
f 503/503/467 533/533/497 501/501/465
f 549/549/226 522/522/486 550/550/513
f 509/509/473 551/551/514 507/507/471
f 552/552/515 551/551/514 553/553/516
f 554/554/517 489/489/453 491/491/455
f 552/552/515 555/555/518 551/551/514
f 423/423/399 493/493/457 498/498/462
f 424/424/400 497/497/461 496/496/460
f 425/425/401 511/511/475 503/503/467
f 556/556/519 423/423/399 427/427/403
f 557/557/520 550/550/513 522/522/486
f 558/558/521 516/516/480 525/525/489
f 559/559/522 548/548/512 530/530/494
f 558/558/521 560/560/523 561/561/524
f 562/562/525 525/525/489 548/548/512
f 561/561/524 557/557/520 558/558/521
f 563/563/526 532/532/496 535/535/499
f 559/559/522 564/564/223 565/565/527
f 566/566/528 530/530/494 532/532/496
f 565/565/527 562/562/525 559/559/522
f 567/567/529 537/537/501 539/539/503
f 563/563/526 568/568/325 569/569/530
f 570/570/531 535/535/499 537/537/501
f 569/569/530 566/566/528 563/563/526
f 571/571/532 543/543/507 572/572/533
f 567/567/529 573/573/231 574/574/234
f 571/571/532 539/539/503 541/541/505
f 574/574/234 570/570/531 567/567/529
f 575/575/534 544/544/508 576/576/535
f 577/577/232 575/575/534 578/578/536
f 572/572/533 579/579/537 575/575/534
f 572/572/533 573/573/231 571/571/532
f 580/580/538 521/521/485 581/581/539
f 582/582/540 580/580/538 583/583/217
f 576/576/535 547/547/511 580/580/538
f 576/576/535 578/578/536 575/575/534
f 523/523/487 512/512/476 514/514/478
f 584/584/541 585/585/542 549/549/226
f 581/581/539 520/520/484 585/585/542
f 581/581/539 583/583/217 580/580/538
f 555/555/518 507/507/471 551/551/514
f 585/585/542 523/523/487 522/522/486
f 504/504/468 513/513/477 586/586/543
f 518/518/482 586/586/543 513/513/477
f 504/504/468 586/586/543 552/552/515
f 502/502/466 497/497/461 424/424/400
f 344/344/319 587/587/544 345/345/323
f 588/588/545 589/589/546 590/590/547
f 463/463/434 591/591/548 556/556/519
f 592/592/549 593/593/550 594/594/551
f 468/468/400 595/595/552 173/173/169
f 595/595/552 596/596/515 340/340/319
f 351/351/328 587/587/544 597/597/553
f 598/598/554 593/593/550 599/599/555
f 488/488/452 598/598/554 486/486/450
f 600/600/556 165/165/162 601/601/557
f 591/591/548 602/602/558 603/603/559
f 592/592/549 599/599/555 593/593/550
f 603/603/559 604/604/560 592/592/549
f 603/603/559 592/592/549 594/594/551
f 556/556/519 591/591/548 603/603/559
f 556/556/519 603/603/559 594/594/551
f 594/594/551 488/488/452 487/487/451
f 496/496/460 504/504/468 424/424/400
f 424/424/400 504/504/468 552/552/515
f 605/605/561 483/483/449 154/154/151
f 463/463/434 556/556/519 427/427/403
f 463/463/434 606/606/562 591/591/548
f 425/425/401 498/498/462 511/511/475
f 351/351/328 590/590/547 339/339/318
f 351/351/328 588/588/545 590/590/547
f 586/586/543 555/555/518 552/552/515
f 493/493/457 423/423/399 494/494/458
f 502/502/466 425/425/401 503/503/467
f 552/552/515 489/489/453 554/554/517
f 494/494/458 554/554/517 527/527/491
f 425/425/401 423/423/399 498/498/462
f 554/554/517 556/556/519 594/594/551
f 425/425/401 502/502/466 424/424/400
f 590/590/547 607/607/324 339/339/318
f 165/165/162 600/600/556 608/608/558
f 322/322/307 347/347/324 609/609/563
f 605/605/561 165/165/162 608/608/558
f 554/554/517 491/491/455 527/527/491
f 546/546/510 553/553/516 509/509/473
f 64/64/64 44/44/44 43/43/43
f 610/610/564 611/611/565 612/612/162
f 1/1/1 613/613/139 2/2/2
f 4/4/4 89/89/89 5/5/5
f 7/7/7 14/14/14 8/8/8
f 10/10/10 20/20/20 11/11/11
f 13/13/13 8/8/8 14/14/14
f 16/16/16 25/25/25 17/17/17
f 19/19/19 11/11/11 20/20/20
f 22/22/22 34/34/34 23/23/23
f 12/12/12 17/17/17 25/25/25
f 15/15/15 76/76/76 26/26/26
f 27/27/27 33/33/33 28/28/28
f 30/30/30 68/68/68 31/31/31
f 21/21/21 32/32/32 29/29/29
f 33/33/33 27/27/27 34/34/34
f 34/34/34 27/27/27 35/35/35
f 31/31/31 107/107/107 37/37/37
f 39/39/39 180/180/173 40/40/40
f 42/42/42 614/614/566 43/43/43
f 45/45/45 153/153/150 46/46/46
f 48/48/48 54/54/54 49/49/49
f 51/51/51 615/615/393 52/52/52
f 54/54/54 48/48/48 55/55/55
f 57/57/57 616/616/417 58/58/58
f 60/60/60 56/56/56 55/55/55
f 58/58/58 616/616/417 62/62/62
f 64/64/64 57/57/57 59/59/59
f 52/52/52 614/614/566 42/42/42
f 40/40/40 617/617/567 66/66/66
f 30/30/30 32/32/32 21/21/21
f 67/67/67 91/91/91 68/68/68
f 67/67/67 30/30/30 20/20/20
f 31/31/31 38/38/38 29/29/29
f 6/6/6 5/5/5 69/69/69
f 71/71/71 67/67/67 10/10/10
f 72/72/72 75/75/75 73/73/73
f 72/72/72 71/71/71 25/25/25
f 74/74/74 78/78/78 75/75/75
f 74/74/74 72/72/72 16/16/16
f 77/77/77 80/80/80 78/78/78
f 77/77/77 74/74/74 76/76/76
f 79/79/79 82/82/82 80/80/80
f 79/79/79 77/77/77 15/15/15
f 81/81/81 84/84/84 82/82/82
f 81/81/81 79/79/79 14/14/14
f 83/83/83 122/122/121 84/84/84
f 81/81/81 7/7/7 69/69/69
f 85/85/85 122/122/121 83/83/83
f 5/5/5 86/86/86 83/83/83
f 87/87/87 85/85/85 86/86/86
f 86/86/86 5/5/5 89/89/89
f 90/90/90 87/87/87 88/88/88
f 88/88/88 89/89/89 24/24/24
f 36/36/36 90/90/90 23/23/23
f 71/71/71 73/73/73 91/91/91
f 92/92/92 223/223/216 93/93/93
f 70/70/70 69/69/69 7/7/7
f 18/18/18 26/26/26 76/76/76
f 95/95/95 135/135/134 37/37/37
f 24/24/24 99/99/99 97/97/97
f 107/107/107 618/618/66 96/96/96
f 108/108/108 107/107/107 31/31/31
f 109/109/109 112/112/112 91/91/91
f 108/108/108 112/112/112 110/110/110
f 112/112/112 108/108/108 68/68/68
f 111/111/111 618/618/66 107/107/107
f 113/113/113 116/116/115 75/75/75
f 109/109/109 116/116/115 114/114/48
f 116/116/115 109/109/109 73/73/73
f 115/115/114 110/110/110 112/112/112
f 117/117/116 120/120/119 80/80/80
f 113/113/113 120/120/119 118/118/117
f 120/120/119 113/113/113 78/78/78
f 119/119/118 114/114/48 116/116/115
f 121/121/120 84/84/84 122/122/121
f 117/117/116 121/121/120 124/124/123
f 121/121/120 117/117/116 82/82/82
f 125/125/124 118/118/117 120/120/119
f 126/126/125 85/85/85 87/87/87
f 128/128/127 123/123/122 126/126/125
f 123/123/122 122/122/121 85/85/85
f 123/123/122 128/128/127 124/124/123
f 130/130/129 90/90/90 36/36/36
f 132/132/131 127/127/126 130/130/129
f 127/127/126 87/87/87 90/90/90
f 127/127/126 132/132/131 129/129/128
f 38/38/38 35/35/35 27/27/27
f 134/134/133 131/131/130 135/135/134
f 131/131/130 36/36/36 35/35/35
f 131/131/130 134/134/133 133/133/132
f 101/101/101 33/33/33 22/22/22
f 135/135/134 35/35/35 38/38/38
f 19/19/19 21/21/21 28/28/28
f 33/33/33 101/101/101 136/136/135
f 137/137/136 619/619/98 138/138/137
f 148/148/146 151/151/98 149/149/147
f 153/153/150 615/615/393 51/51/51
f 154/154/151 482/482/446 155/155/152
f 157/157/154 139/139/138 138/138/137
f 159/159/156 3/3/3 146/146/144
f 144/144/142 169/169/165 163/163/160
f 145/145/143 167/167/158 160/160/157
f 165/165/162 605/605/561 154/154/151
f 164/164/161 163/163/160 167/167/158
f 147/147/145 146/146/144 3/3/3
f 143/143/141 338/338/164 169/169/165
f 157/157/154 158/158/155 140/140/2
f 98/98/98 99/99/99 4/4/4
f 9/9/9 102/102/102 100/100/100
f 100/100/100 102/102/102 105/105/105
f 152/152/149 469/469/431 171/171/167
f 170/170/166 142/142/140 141/141/139
f 173/173/169 595/595/552 174/174/170
f 176/176/171 459/459/431 137/137/136
f 62/62/62 60/60/60 61/61/61
f 180/180/173 39/39/39 50/50/50
f 157/157/154 170/170/166 139/139/138
f 170/170/166 471/471/439 176/176/171
f 89/89/89 4/4/4 99/99/99
f 181/181/174 329/329/312 182/182/175
f 184/184/177 249/249/242 185/185/178
f 187/187/180 194/194/187 188/188/181
f 190/190/183 199/199/192 191/191/184
f 193/193/186 205/205/198 194/194/187
f 195/195/188 203/203/196 196/196/189
f 198/198/191 212/212/205 199/199/192
f 200/200/193 215/215/208 201/201/194
f 192/192/185 191/191/184 203/203/196
f 204/204/197 259/259/252 205/205/198
f 206/206/199 214/214/207 207/207/200
f 209/209/202 213/213/206 210/210/203
f 212/212/205 206/206/199 208/208/201
f 214/214/207 201/201/194 215/215/208
f 216/216/209 207/207/200 215/215/208
f 210/210/203 305/305/293 218/218/211
f 220/220/213 350/350/327 221/221/214
f 223/223/216 92/92/92 224/224/217
f 226/226/219 620/620/568 227/227/220
f 229/229/222 349/349/326 230/230/223
f 232/232/225 244/244/237 233/233/226
f 235/235/228 231/231/224 230/230/223
f 237/237/230 242/242/235 238/238/231
f 236/236/229 348/348/325 240/240/233
f 241/241/234 238/238/231 242/242/235
f 239/239/232 94/94/94 93/93/93
f 225/225/218 224/224/217 244/244/237
f 245/245/238 220/220/213 222/222/215
f 209/209/202 199/199/192 212/212/205
f 247/247/240 209/209/202 211/211/204
f 199/199/192 209/209/202 247/247/240
f 208/208/201 305/305/293 210/210/203
f 249/249/242 271/271/264 250/250/243
f 251/251/244 203/203/196 191/191/184
f 252/252/245 251/251/244 253/253/246
f 203/203/196 251/251/244 252/252/245
f 255/255/248 252/252/245 254/254/247
f 255/255/248 259/259/252 196/196/189
f 257/257/250 255/255/248 256/256/249
f 259/259/252 255/255/248 257/257/250
f 260/260/253 257/257/250 258/258/251
f 260/260/253 194/194/187 205/205/198
f 260/260/253 261/261/254 262/262/255
f 194/194/187 260/260/253 263/263/256
f 263/263/256 262/262/255 264/264/257
f 250/250/243 188/188/181 263/263/256
f 265/265/258 264/264/257 266/266/259
f 185/185/178 250/250/243 265/265/258
f 267/267/260 266/266/259 268/268/261
f 186/186/179 185/185/178 267/267/260
f 270/270/263 200/200/193 269/269/262
f 202/202/195 186/186/179 269/269/262
f 217/217/210 215/215/208 200/200/193
f 251/251/244 247/247/240 248/248/241
f 171/171/167 173/173/169 150/150/148
f 188/188/181 250/250/243 271/271/264
f 259/259/252 204/204/197 197/197/190
f 218/218/211 307/307/294 272/272/265
f 202/202/195 201/201/194 274/274/267
f 219/219/212 218/218/211 273/273/266
f 281/281/273 211/211/204 210/210/203
f 282/282/274 253/253/246 248/248/241
f 284/284/276 283/283/275 281/281/273
f 283/283/275 248/248/241 211/211/204
f 219/219/212 280/280/239 285/285/215
f 286/286/277 256/256/249 254/254/247
f 288/288/279 287/287/278 282/282/274
f 287/287/278 254/254/247 253/253/246
f 283/283/275 284/284/276 289/289/280
f 290/290/281 261/261/254 258/258/251
f 292/292/233 291/291/282 286/286/277
f 291/291/282 258/258/251 256/256/249
f 287/287/278 288/288/279 293/293/228
f 264/264/257 262/262/255 294/294/283
f 296/296/285 294/294/283 290/290/281
f 294/294/283 262/262/255 261/261/254
f 291/291/282 292/292/233 297/297/236
f 268/268/261 266/266/259 298/298/286
f 300/300/288 304/304/292 298/298/286
f 266/266/259 264/264/257 295/295/284
f 295/295/284 294/294/283 296/296/285
f 217/217/210 270/270/263 301/301/289
f 303/303/291 308/308/218 301/301/289
f 270/270/263 268/268/261 299/299/287
f 299/299/287 298/298/286 304/304/292
f 305/305/293 208/208/201 207/207/200
f 306/306/225 272/272/265 307/307/294
f 216/216/209 217/217/210 302/302/290
f 302/302/290 301/301/289 308/308/218
f 201/201/194 214/214/207 278/278/271
f 305/305/293 216/216/209 307/307/294
f 206/206/199 212/212/205 198/198/191
f 214/214/207 206/206/199 309/309/295
f 310/310/270 621/621/569 311/311/296
f 174/174/170 321/321/306 148/148/146
f 233/233/226 620/620/568 226/226/219
f 322/322/307 610/610/564 323/323/308
f 310/310/270 312/312/297 325/325/309
f 319/319/304 329/329/312 327/327/310
f 316/316/301 337/337/317 332/332/315
f 328/328/311 336/336/313 317/317/302
f 334/334/156 342/342/321 335/335/316
f 336/336/313 332/332/315 337/337/317
f 329/329/312 319/319/304 318/318/303
f 143/143/141 316/316/301 333/333/163
f 325/325/309 314/314/299 313/313/298
f 276/276/269 277/277/270 184/184/177
f 277/277/270 102/102/102 189/189/182
f 279/279/272 102/102/102 277/277/270
f 174/174/170 595/595/552 340/340/319
f 339/339/318 607/607/324 315/315/300
f 622/622/159 341/341/320 334/334/156
f 341/341/320 623/623/570 342/342/321
f 312/312/297 311/311/296 344/344/319
f 243/243/236 240/240/233 348/348/325
f 349/349/326 229/229/222 221/221/214
f 325/325/309 312/312/297 339/339/318
f 312/312/297 345/345/323 339/339/318
f 275/275/268 184/184/177 186/186/179
f 352/352/329 481/481/448 353/353/330
f 355/355/332 393/393/370 356/356/333
f 358/358/335 365/365/342 359/359/336
f 361/361/338 370/370/347 362/362/339
f 364/364/341 376/376/353 365/365/342
f 366/366/343 374/374/351 367/367/344
f 369/369/346 383/383/360 370/370/347
f 371/371/348 386/386/363 372/372/349
f 363/363/340 362/362/339 374/374/351
f 375/375/352 403/403/380 376/376/353
f 377/377/354 385/385/362 378/378/355
f 380/380/357 384/384/361 381/381/358
f 383/383/360 377/377/354 379/379/356
f 385/385/362 372/372/349 386/386/363
f 387/387/364 378/378/355 386/386/363
f 381/381/358 453/453/425 389/389/366
f 380/380/357 370/370/347 383/383/360
f 391/391/368 380/380/357 382/382/359
f 370/370/347 380/380/357 391/391/368
f 379/379/356 453/453/425 381/381/358
f 393/393/370 415/415/392 394/394/371
f 395/395/372 374/374/351 362/362/339
f 396/396/373 395/395/372 397/397/374
f 374/374/351 395/395/372 396/396/373
f 399/399/376 396/396/373 398/398/375
f 399/399/376 403/403/380 367/367/344
f 401/401/378 399/399/376 400/400/377
f 403/403/380 399/399/376 401/401/378
f 404/404/381 401/401/378 402/402/379
f 404/404/381 365/365/342 376/376/353
f 406/406/383 404/404/381 405/405/382
f 365/365/342 404/404/381 406/406/383
f 406/406/383 407/407/384 408/408/385
f 394/394/371 359/359/336 406/406/383
f 409/409/386 408/408/385 410/410/387
f 356/356/333 394/394/371 409/409/386
f 411/411/388 410/410/387 412/412/389
f 357/357/334 356/356/333 411/411/388
f 414/414/391 371/371/348 413/413/390
f 373/373/350 357/357/334 413/413/390
f 388/388/365 386/386/363 371/371/348
f 395/395/372 391/391/368 392/392/369
f 359/359/336 394/394/371 415/415/392
f 403/403/380 375/375/352 368/368/345
f 389/389/366 455/455/427 416/416/393
f 373/373/350 372/372/349 418/418/394
f 390/390/367 389/389/366 417/417/150
f 429/429/405 382/382/359 381/381/358
f 430/430/406 397/397/374 392/392/369
f 432/432/173 431/431/407 429/429/405
f 431/431/407 392/392/369 382/382/359
f 390/390/367 428/428/404 433/433/408
f 434/434/409 400/400/377 398/398/375
f 436/436/54 435/435/410 430/430/406
f 435/435/410 398/398/375 397/397/374
f 431/431/407 432/432/173 437/437/411
f 438/438/412 405/405/382 402/402/379
f 440/440/60 439/439/413 434/434/409
f 439/439/413 402/402/379 400/400/377
f 435/435/410 436/436/54 441/441/414
f 408/408/385 407/407/384 442/442/415
f 444/444/417 442/442/415 438/438/412
f 442/442/415 407/407/384 405/405/382
f 439/439/413 440/440/60 445/445/418
f 412/412/389 410/410/387 446/446/419
f 448/448/57 452/452/424 446/446/419
f 410/410/387 408/408/385 443/443/416
f 443/443/416 442/442/415 444/444/417
f 388/388/365 414/414/391 449/449/421
f 451/451/423 456/456/428 449/449/421
f 414/414/391 412/412/389 447/447/420
f 447/447/420 446/446/419 452/452/424
f 453/453/425 379/379/356 378/378/355
f 454/454/426 416/416/393 455/455/427
f 387/387/364 388/388/365 450/450/422
f 450/450/422 449/449/421 456/456/428
f 372/372/349 385/385/362 422/422/398
f 453/453/425 387/387/364 455/455/427
f 377/377/354 383/383/360 369/369/346
f 385/385/362 377/377/354 457/457/429
f 458/458/430 624/624/571 459/459/431
f 171/171/167 470/470/396 468/468/400
f 458/458/430 176/176/171 471/471/439
f 467/467/438 352/352/329 473/473/441
f 464/464/435 480/480/447 477/477/445
f 474/474/442 479/479/443 465/465/436
f 479/479/443 477/477/445 480/480/447
f 352/352/329 467/467/438 466/466/437
f 463/463/434 464/464/435 478/478/446
f 471/471/439 461/461/433 460/460/432
f 420/420/396 421/421/397 355/355/332
f 421/421/397 423/423/399 360/360/337
f 426/426/402 423/423/399 421/421/397
f 172/172/168 462/462/330 461/461/433
f 335/335/316 625/625/330 178/178/172
f 419/419/395 355/355/332 357/357/334
f 486/486/450 626/626/572 487/487/451
f 489/489/453 546/546/510 490/490/454
f 492/492/456 499/499/463 493/493/457
f 495/495/459 505/505/469 496/496/460
f 498/498/462 493/493/457 499/499/463
f 501/501/465 510/510/474 502/502/466
f 504/504/468 496/496/460 505/505/469
f 507/507/471 519/519/483 508/508/472
f 497/497/461 502/502/466 510/510/474
f 500/500/464 533/533/497 511/511/475
f 512/512/476 518/518/482 513/513/477
f 515/515/479 525/525/489 516/516/480
f 506/506/470 517/517/481 514/514/478
f 518/518/482 512/512/476 519/519/483
f 519/519/483 512/512/476 520/520/484
f 516/516/480 557/557/520 522/522/486
f 515/515/479 517/517/481 506/506/470
f 524/524/488 548/548/512 525/525/489
f 524/524/488 515/515/479 505/505/469
f 516/516/480 523/523/487 514/514/478
f 491/491/455 490/490/454 526/526/490
f 528/528/492 524/524/488 495/495/459
f 529/529/493 532/532/496 530/530/494
f 529/529/493 528/528/492 510/510/474
f 531/531/495 535/535/499 532/532/496
f 531/531/495 529/529/493 501/501/465
f 534/534/498 537/537/501 535/535/499
f 534/534/498 531/531/495 533/533/497
f 536/536/500 539/539/503 537/537/501
f 536/536/500 534/534/498 500/500/464
f 538/538/502 541/541/505 539/539/503
f 538/538/502 536/536/500 499/499/463
f 540/540/504 543/543/507 541/541/505
f 538/538/502 492/492/456 526/526/490
f 542/542/506 579/579/537 543/543/507
f 490/490/454 542/542/506 540/540/504
f 544/544/508 579/579/537 542/542/506
f 542/542/506 490/490/454 546/546/510
f 547/547/511 544/544/508 545/545/509
f 545/545/509 546/546/510 509/509/473
f 521/521/485 547/547/511 508/508/472
f 528/528/492 530/530/494 548/548/512
f 527/527/491 526/526/490 492/492/456
f 503/503/467 511/511/475 533/533/497
f 549/549/226 585/585/542 522/522/486
f 509/509/473 553/553/516 551/551/514
f 557/557/520 627/627/573 550/550/513
f 558/558/521 557/557/520 516/516/480
f 559/559/522 562/562/525 548/548/512
f 558/558/521 562/562/525 560/560/523
f 562/562/525 558/558/521 525/525/489
f 561/561/524 627/627/573 557/557/520
f 563/563/526 566/566/528 532/532/496
f 559/559/522 566/566/528 564/564/223
f 566/566/528 559/559/522 530/530/494
f 565/565/527 560/560/523 562/562/525
f 567/567/529 570/570/531 537/537/501
f 563/563/526 570/570/531 568/568/325
f 570/570/531 563/563/526 535/535/499
f 569/569/530 564/564/223 566/566/528
f 571/571/532 541/541/505 543/543/507
f 567/567/529 571/571/532 573/573/231
f 571/571/532 567/567/529 539/539/503
f 574/574/234 568/568/325 570/570/531
f 575/575/534 579/579/537 544/544/508
f 577/577/232 572/572/533 575/575/534
f 572/572/533 543/543/507 579/579/537
f 572/572/533 577/577/232 573/573/231
f 580/580/538 547/547/511 521/521/485
f 582/582/540 576/576/535 580/580/538
f 576/576/535 544/544/508 547/547/511
f 576/576/535 582/582/540 578/578/536
f 523/523/487 520/520/484 512/512/476
f 584/584/541 581/581/539 585/585/542
f 581/581/539 521/521/485 520/520/484
f 581/581/539 584/584/541 583/583/217
f 555/555/518 518/518/482 507/507/471
f 585/585/542 520/520/484 523/523/487
f 504/504/468 506/506/470 513/513/477
f 518/518/482 555/555/518 586/586/543
f 344/344/319 628/628/574 587/587/544
f 468/468/400 596/596/515 595/595/552
f 351/351/328 345/345/323 587/587/544
f 598/598/554 488/488/452 593/593/550
f 591/591/548 606/606/562 602/602/558
f 592/592/549 604/604/560 599/599/555
f 603/603/559 602/602/558 604/604/560
f 594/594/551 593/593/550 488/488/452
f 463/463/434 484/484/449 606/606/562
f 351/351/328 597/597/553 588/588/545
f 552/552/515 553/553/516 489/489/453
f 494/494/458 423/423/399 554/554/517
f 554/554/517 423/423/399 556/556/519
f 590/590/547 589/589/546 607/607/324
f 322/322/307 324/324/174 347/347/324
f 546/546/510 489/489/453 553/553/516
f 64/64/64 65/65/65 44/44/44
f 629/629/314 323/323/308 612/612/162
f 323/323/308 610/610/564 612/612/162
f 630/630/575 631/631/576 632/632/577
f 630/630/575 632/632/577 633/633/578
f 634/634/579 635/635/580 636/636/581
f 634/634/579 636/636/581 637/637/582
f 637/637/582 636/636/581 638/638/583
f 637/637/582 638/638/583 639/639/584
f 639/639/584 638/638/583 640/640/585
f 639/639/584 640/640/585 641/641/586
f 641/641/586 640/640/585 642/642/587
f 641/641/586 642/642/587 643/643/588
f 643/643/588 642/642/587 644/644/589
f 643/643/588 644/644/589 645/645/590
f 645/645/590 644/644/589 646/646/591
f 645/645/590 646/646/591 647/647/592
f 647/647/592 646/646/591 648/648/593
f 647/647/592 648/648/593 649/649/594
f 649/649/594 648/648/593 650/650/595
f 649/649/594 650/650/595 651/651/596
f 652/652/596 653/653/595 654/654/597
f 652/652/596 654/654/597 655/655/598
f 655/655/598 654/654/597 656/656/599
f 655/655/598 656/656/599 657/657/600
f 657/657/600 656/656/599 658/658/601
f 657/657/600 658/658/601 659/659/602
f 659/659/602 658/658/601 660/660/603
f 659/659/602 660/660/603 661/661/604
f 661/661/604 660/660/603 662/662/605
f 661/661/604 662/662/605 663/663/606
f 663/663/606 662/662/605 664/664/607
f 663/663/606 664/664/607 665/665/608
f 665/665/608 664/664/607 666/666/609
f 665/665/608 666/666/609 667/667/610
f 667/667/610 666/666/609 635/635/580
f 667/667/610 635/635/580 634/634/579
f 668/668/611 669/669/612 631/631/576
f 668/668/611 631/631/576 630/630/575
f 635/635/580 670/670/613 671/671/614
f 635/635/580 671/671/614 636/636/581
f 636/636/581 671/671/614 672/672/615
f 636/636/581 672/672/615 638/638/583
f 638/638/583 672/672/615 673/673/616
f 638/638/583 673/673/616 640/640/585
f 640/640/585 673/673/616 674/674/617
f 640/640/585 674/674/617 642/642/587
f 642/642/587 674/674/617 675/675/618
f 642/642/587 675/675/618 644/644/589
f 644/644/589 675/675/618 676/676/619
f 644/644/589 676/676/619 646/646/591
f 646/646/591 676/676/619 677/677/620
f 646/646/591 677/677/620 648/648/593
f 648/648/593 677/677/620 678/678/621
f 648/648/593 678/678/621 650/650/595
f 653/653/595 679/679/622 680/680/623
f 653/653/595 680/680/623 654/654/597
f 654/654/597 680/680/623 681/681/624
f 654/654/597 681/681/624 656/656/599
f 656/656/599 681/681/624 682/682/625
f 656/656/599 682/682/625 658/658/601
f 658/658/601 682/682/625 683/683/626
f 658/658/601 683/683/626 660/660/603
f 660/660/603 683/683/626 684/684/627
f 660/660/603 684/684/627 662/662/605
f 662/662/605 684/684/627 685/685/628
f 662/662/605 685/685/628 664/664/607
f 664/664/607 685/685/628 686/686/629
f 664/664/607 686/686/629 666/666/609
f 666/666/609 686/686/629 670/670/613
f 666/666/609 670/670/613 635/635/580
f 671/671/614 687/687/630 688/688/631
f 671/671/614 688/688/631 672/672/615
f 672/672/615 688/688/631 689/689/632
f 672/672/615 689/689/632 673/673/616
f 673/673/616 689/689/632 690/690/633
f 673/673/616 690/690/633 674/674/617
f 674/674/617 690/690/633 691/691/634
f 674/674/617 691/691/634 675/675/618
f 675/675/618 691/691/634 692/692/635
f 675/675/618 692/692/635 676/676/619
f 676/676/619 692/692/635 693/693/636
f 676/676/619 693/693/636 677/677/620
f 677/677/620 693/693/636 694/694/637
f 677/677/620 694/694/637 678/678/621
f 679/679/622 695/695/638 696/696/639
f 679/679/622 696/696/639 680/680/623
f 680/680/623 696/696/639 697/697/640
f 680/680/623 697/697/640 681/681/624
f 681/681/624 697/697/640 698/698/641
f 681/681/624 698/698/641 682/682/625
f 682/682/625 698/698/641 699/699/642
f 682/682/625 699/699/642 683/683/626
f 683/683/626 699/699/642 700/700/643
f 683/683/626 700/700/643 684/684/627
f 684/684/627 700/700/643 701/701/644
f 684/684/627 701/701/644 685/685/628
f 685/685/628 701/701/644 702/702/645
f 685/685/628 702/702/645 686/686/629
f 686/686/629 702/702/645 703/703/646
f 686/686/629 703/703/646 670/670/613
f 703/703/646 704/704/647 705/705/648
f 703/703/646 705/705/648 687/687/630
f 687/687/630 705/705/648 706/706/649
f 687/687/630 706/706/649 688/688/631
f 688/688/631 706/706/649 707/707/650
f 688/688/631 707/707/650 689/689/632
f 689/689/632 707/707/650 708/708/651
f 689/689/632 708/708/651 690/690/633
f 690/690/633 708/708/651 709/709/652
f 690/690/633 709/709/652 691/691/634
f 691/691/634 709/709/652 710/710/653
f 691/691/634 710/710/653 692/692/635
f 692/692/635 710/710/653 711/711/654
f 692/692/635 711/711/654 693/693/636
f 693/693/636 711/711/654 712/712/655
f 693/693/636 712/712/655 694/694/637
f 695/695/638 713/713/656 714/714/657
f 695/695/638 714/714/657 696/696/639
f 696/696/639 714/714/657 715/715/658
f 696/696/639 715/715/658 697/697/640
f 697/697/640 715/715/658 716/716/659
f 697/697/640 716/716/659 698/698/641
f 698/698/641 716/716/659 717/717/660
f 698/698/641 717/717/660 699/699/642
f 699/699/642 717/717/660 718/718/661
f 699/699/642 718/718/661 700/700/643
f 700/700/643 718/718/661 719/719/662
f 700/700/643 719/719/662 701/701/644
f 701/701/644 719/719/662 720/720/663
f 701/701/644 720/720/663 702/702/645
f 702/702/645 720/720/663 704/704/647
f 702/702/645 704/704/647 703/703/646
f 705/705/648 721/721/664 722/722/665
f 705/705/648 722/722/665 706/706/649
f 706/706/649 722/722/665 723/723/666
f 706/706/649 723/723/666 707/707/650
f 707/707/650 723/723/666 724/724/667
f 707/707/650 724/724/667 708/708/651
f 708/708/651 724/724/667 725/725/668
f 708/708/651 725/725/668 709/709/652
f 709/709/652 725/725/668 726/726/669
f 709/709/652 726/726/669 710/710/653
f 710/710/653 726/726/669 727/727/670
f 710/710/653 727/727/670 711/711/654
f 711/711/654 727/727/670 728/728/671
f 711/711/654 728/728/671 712/712/655
f 713/713/656 729/729/672 730/730/673
f 713/713/656 730/730/673 714/714/657
f 714/714/657 730/730/673 731/731/674
f 714/714/657 731/731/674 715/715/658
f 715/715/658 731/731/674 732/732/675
f 715/715/658 732/732/675 716/716/659
f 716/716/659 732/732/675 733/733/676
f 716/716/659 733/733/676 717/717/660
f 717/717/660 733/733/676 734/734/677
f 717/717/660 734/734/677 718/718/661
f 718/718/661 734/734/677 735/735/678
f 718/718/661 735/735/678 719/719/662
f 719/719/662 735/735/678 736/736/679
f 719/719/662 736/736/679 720/720/663
f 720/720/663 736/736/679 737/737/680
f 720/720/663 737/737/680 704/704/647
f 721/721/664 738/738/681 739/739/682
f 721/721/664 739/739/682 722/722/665
f 722/722/665 739/739/682 740/740/683
f 722/722/665 740/740/683 723/723/666
f 723/723/666 740/740/683 741/741/684
f 723/723/666 741/741/684 724/724/667
f 724/724/667 741/741/684 742/742/685
f 724/724/667 742/742/685 725/725/668
f 725/725/668 742/742/685 743/743/686
f 725/725/668 743/743/686 726/726/669
f 726/726/669 743/743/686 744/744/687
f 726/726/669 744/744/687 727/727/670
f 727/727/670 744/744/687 745/745/688
f 727/727/670 745/745/688 728/728/671
f 729/729/672 746/746/689 747/747/690
f 729/729/672 747/747/690 730/730/673
f 730/730/673 747/747/690 748/748/691
f 730/730/673 748/748/691 731/731/674
f 731/731/674 748/748/691 749/749/692
f 731/731/674 749/749/692 732/732/675
f 732/732/675 749/749/692 750/750/693
f 732/732/675 750/750/693 733/733/676
f 733/733/676 750/750/693 751/751/694
f 733/733/676 751/751/694 734/734/677
f 734/734/677 751/751/694 752/752/695
f 734/734/677 752/752/695 735/735/678
f 735/735/678 752/752/695 753/753/696
f 735/735/678 753/753/696 736/736/679
f 736/736/679 753/753/696 754/754/697
f 736/736/679 754/754/697 737/737/680
f 704/704/647 737/737/680 721/721/664
f 704/704/647 721/721/664 705/705/648
f 738/738/681 755/755/698 756/756/699
f 738/738/681 756/756/699 739/739/682
f 739/739/682 756/756/699 757/757/700
f 739/739/682 757/757/700 740/740/683
f 740/740/683 757/757/700 758/758/701
f 740/740/683 758/758/701 741/741/684
f 741/741/684 758/758/701 759/759/702
f 741/741/684 759/759/702 742/742/685
f 742/742/685 759/759/702 760/760/703
f 742/742/685 760/760/703 743/743/686
f 743/743/686 760/760/703 761/761/704
f 743/743/686 761/761/704 744/744/687
f 744/744/687 761/761/704 762/762/705
f 744/744/687 762/762/705 745/745/688
f 746/746/689 763/763/706 764/764/707
f 746/746/689 764/764/707 747/747/690
f 747/747/690 764/764/707 765/765/708
f 747/747/690 765/765/708 748/748/691
f 748/748/691 765/765/708 766/766/709
f 748/748/691 766/766/709 749/749/692
f 749/749/692 766/766/709 767/767/710
f 749/749/692 767/767/710 750/750/693
f 750/750/693 767/767/710 768/768/711
f 750/750/693 768/768/711 751/751/694
f 751/751/694 768/768/711 769/769/712
f 751/751/694 769/769/712 752/752/695
f 752/752/695 769/769/712 770/770/713
f 752/752/695 770/770/713 753/753/696
f 753/753/696 770/770/713 771/771/714
f 753/753/696 771/771/714 754/754/697
f 737/737/680 754/754/697 738/738/681
f 737/737/680 738/738/681 721/721/664
f 755/755/698 772/772/715 773/773/716
f 755/755/698 773/773/716 756/756/699
f 756/756/699 773/773/716 774/774/717
f 756/756/699 774/774/717 757/757/700
f 757/757/700 774/774/717 775/775/718
f 757/757/700 775/775/718 758/758/701
f 758/758/701 775/775/718 776/776/719
f 758/758/701 776/776/719 759/759/702
f 759/759/702 776/776/719 777/777/720
f 759/759/702 777/777/720 760/760/703
f 760/760/703 777/777/720 778/778/721
f 760/760/703 778/778/721 761/761/704
f 761/761/704 778/778/721 779/779/722
f 761/761/704 779/779/722 762/762/705
f 763/763/706 780/780/722 781/781/723
f 763/763/706 781/781/723 764/764/707
f 764/764/707 781/781/723 782/782/724
f 764/764/707 782/782/724 765/765/708
f 765/765/708 782/782/724 783/783/725
f 765/765/708 783/783/725 766/766/709
f 766/766/709 783/783/725 784/784/726
f 766/766/709 784/784/726 767/767/710
f 767/767/710 784/784/726 785/785/727
f 767/767/710 785/785/727 768/768/711
f 768/768/711 785/785/727 786/786/728
f 768/768/711 786/786/728 769/769/712
f 769/769/712 786/786/728 787/787/729
f 769/769/712 787/787/729 770/770/713
f 770/770/713 787/787/729 788/788/730
f 770/770/713 788/788/730 771/771/714
f 754/754/697 771/771/714 755/755/698
f 754/754/697 755/755/698 738/738/681
f 772/772/715 789/789/731 790/790/732
f 772/772/715 790/790/732 773/773/716
f 773/773/716 790/790/732 791/791/733
f 773/773/716 791/791/733 774/774/717
f 774/774/717 791/791/733 792/792/734
f 774/774/717 792/792/734 775/775/718
f 775/775/718 792/792/734 793/793/735
f 775/775/718 793/793/735 776/776/719
f 776/776/719 793/793/735 794/794/736
f 776/776/719 794/794/736 777/777/720
f 777/777/720 794/794/736 795/795/737
f 777/777/720 795/795/737 778/778/721
f 778/778/721 795/795/737 796/796/738
f 778/778/721 796/796/738 779/779/722
f 780/780/722 797/797/738 798/798/739
f 780/780/722 798/798/739 781/781/723
f 781/781/723 798/798/739 799/799/740
f 781/781/723 799/799/740 782/782/724
f 782/782/724 799/799/740 800/800/741
f 782/782/724 800/800/741 783/783/725
f 783/783/725 800/800/741 801/801/742
f 783/783/725 801/801/742 784/784/726
f 784/784/726 801/801/742 802/802/743
f 784/784/726 802/802/743 785/785/727
f 785/785/727 802/802/743 803/803/744
f 785/785/727 803/803/744 786/786/728
f 786/786/728 803/803/744 804/804/745
f 786/786/728 804/804/745 787/787/729
f 787/787/729 804/804/745 805/805/746
f 787/787/729 805/805/746 788/788/730
f 789/789/731 806/806/747 807/807/748
f 789/789/731 807/807/748 790/790/732
f 790/790/732 807/807/748 808/808/749
f 790/790/732 808/808/749 791/791/733
f 791/791/733 808/808/749 809/809/750
f 791/791/733 809/809/750 792/792/734
f 792/792/734 809/809/750 810/810/751
f 792/792/734 810/810/751 793/793/735
f 793/793/735 810/810/751 811/811/752
f 793/793/735 811/811/752 794/794/736
f 794/794/736 811/811/752 812/812/753
f 794/794/736 812/812/753 795/795/737
f 795/795/737 812/812/753 813/813/754
f 795/795/737 813/813/754 796/796/738
f 797/797/738 814/814/755 815/815/756
f 797/797/738 815/815/756 798/798/739
f 798/798/739 815/815/756 816/816/757
f 798/798/739 816/816/757 799/799/740
f 799/799/740 816/816/757 817/817/758
f 799/799/740 817/817/758 800/800/741
f 800/800/741 817/817/758 818/818/759
f 800/800/741 818/818/759 801/801/742
f 801/801/742 818/818/759 819/819/760
f 801/801/742 819/819/760 802/802/743
f 802/802/743 819/819/760 820/820/761
f 802/802/743 820/820/761 803/803/744
f 803/803/744 820/820/761 821/821/762
f 803/803/744 821/821/762 804/804/745
f 804/804/745 821/821/762 822/822/763
f 804/804/745 822/822/763 805/805/746
f 822/822/763 823/823/764 824/824/765
f 822/822/763 824/824/765 806/806/747
f 806/806/747 824/824/765 825/825/766
f 806/806/747 825/825/766 807/807/748
f 807/807/748 825/825/766 826/826/767
f 807/807/748 826/826/767 808/808/749
f 808/808/749 826/826/767 827/827/768
f 808/808/749 827/827/768 809/809/750
f 809/809/750 827/827/768 828/828/769
f 809/809/750 828/828/769 810/810/751
f 810/810/751 828/828/769 829/829/770
f 810/810/751 829/829/770 811/811/752
f 811/811/752 829/829/770 830/830/771
f 811/811/752 830/830/771 812/812/753
f 812/812/753 830/830/771 831/831/772
f 812/812/753 831/831/772 813/813/754
f 814/814/755 832/832/773 833/833/774
f 814/814/755 833/833/774 815/815/756
f 815/815/756 833/833/774 834/834/775
f 815/815/756 834/834/775 816/816/757
f 816/816/757 834/834/775 835/835/776
f 816/816/757 835/835/776 817/817/758
f 817/817/758 835/835/776 836/836/777
f 817/817/758 836/836/777 818/818/759
f 818/818/759 836/836/777 837/837/778
f 818/818/759 837/837/778 819/819/760
f 819/819/760 837/837/778 838/838/779
f 819/819/760 838/838/779 820/820/761
f 820/820/761 838/838/779 839/839/780
f 820/820/761 839/839/780 821/821/762
f 821/821/762 839/839/780 823/823/764
f 821/821/762 823/823/764 822/822/763
f 823/823/764 840/840/781 841/841/782
f 823/823/764 841/841/782 824/824/765
f 824/824/765 841/841/782 842/842/783
f 824/824/765 842/842/783 825/825/766
f 825/825/766 842/842/783 843/843/784
f 825/825/766 843/843/784 826/826/767
f 826/826/767 843/843/784 844/844/785
f 826/826/767 844/844/785 827/827/768
f 827/827/768 844/844/785 845/845/786
f 827/827/768 845/845/786 828/828/769
f 828/828/769 845/845/786 846/846/787
f 828/828/769 846/846/787 829/829/770
f 829/829/770 846/846/787 847/847/788
f 829/829/770 847/847/788 830/830/771
f 830/830/771 847/847/788 848/848/789
f 830/830/771 848/848/789 831/831/772
f 832/832/773 849/849/790 850/850/791
f 832/832/773 850/850/791 833/833/774
f 833/833/774 850/850/791 851/851/792
f 833/833/774 851/851/792 834/834/775
f 834/834/775 851/851/792 852/852/793
f 834/834/775 852/852/793 835/835/776
f 835/835/776 852/852/793 853/853/794
f 835/835/776 853/853/794 836/836/777
f 836/836/777 853/853/794 854/854/795
f 836/836/777 854/854/795 837/837/778
f 837/837/778 854/854/795 855/855/796
f 837/837/778 855/855/796 838/838/779
f 838/838/779 855/855/796 856/856/797
f 838/838/779 856/856/797 839/839/780
f 839/839/780 856/856/797 840/840/781
f 839/839/780 840/840/781 823/823/764
f 840/840/781 857/857/798 858/858/799
f 840/840/781 858/858/799 841/841/782
f 841/841/782 858/858/799 859/859/800
f 841/841/782 859/859/800 842/842/783
f 842/842/783 859/859/800 860/860/801
f 842/842/783 860/860/801 843/843/784
f 843/843/784 860/860/801 861/861/802
f 843/843/784 861/861/802 844/844/785
f 844/844/785 861/861/802 862/862/803
f 844/844/785 862/862/803 845/845/786
f 845/845/786 862/862/803 863/863/804
f 845/845/786 863/863/804 846/846/787
f 846/846/787 863/863/804 864/864/805
f 846/846/787 864/864/805 847/847/788
f 847/847/788 864/864/805 865/865/806
f 847/847/788 865/865/806 848/848/789
f 849/849/790 866/866/807 867/867/808
f 849/849/790 867/867/808 850/850/791
f 850/850/791 867/867/808 868/868/809
f 850/850/791 868/868/809 851/851/792
f 851/851/792 868/868/809 869/869/810
f 851/851/792 869/869/810 852/852/793
f 852/852/793 869/869/810 870/870/811
f 852/852/793 870/870/811 853/853/794
f 853/853/794 870/870/811 871/871/812
f 853/853/794 871/871/812 854/854/795
f 854/854/795 871/871/812 872/872/813
f 854/854/795 872/872/813 855/855/796
f 855/855/796 872/872/813 873/873/814
f 855/855/796 873/873/814 856/856/797
f 856/856/797 873/873/814 857/857/798
f 856/856/797 857/857/798 840/840/781
f 858/858/799 630/630/575 633/633/578
f 858/858/799 633/633/578 859/859/800
f 859/859/800 633/633/578 874/874/815
f 859/859/800 874/874/815 860/860/801
f 860/860/801 874/874/815 875/875/816
f 860/860/801 875/875/816 861/861/802
f 861/861/802 875/875/816 876/876/817
f 861/861/802 876/876/817 862/862/803
f 862/862/803 876/876/817 877/877/818
f 862/862/803 877/877/818 863/863/804
f 863/863/804 877/877/818 878/878/819
f 863/863/804 878/878/819 864/864/805
f 864/864/805 878/878/819 879/879/820
f 864/864/805 879/879/820 865/865/806
f 866/866/807 880/880/821 881/881/822
f 866/866/807 881/881/822 867/867/808
f 867/867/808 881/881/822 882/882/823
f 867/867/808 882/882/823 868/868/809
f 868/868/809 882/882/823 883/883/824
f 868/868/809 883/883/824 869/869/810
f 869/869/810 883/883/824 884/884/825
f 869/869/810 884/884/825 870/870/811
f 870/870/811 884/884/825 885/885/826
f 870/870/811 885/885/826 871/871/812
f 871/871/812 885/885/826 886/886/827
f 871/871/812 886/886/827 872/872/813
f 872/872/813 886/886/827 887/887/828
f 872/872/813 887/887/828 873/873/814
f 873/873/814 887/887/828 668/668/611
f 873/873/814 668/668/611 857/857/798
f 805/805/746 822/822/763 806/806/747
f 805/805/746 806/806/747 789/789/731
f 633/633/578 632/632/577 888/888/829
f 633/633/578 888/888/829 874/874/815
f 875/875/816 889/889/830 890/890/831
f 875/875/816 890/890/831 876/876/817
f 876/876/817 890/890/831 891/891/832
f 876/876/817 891/891/832 877/877/818
f 877/877/818 891/891/832 892/892/833
f 877/877/818 892/892/833 878/878/819
f 878/878/819 892/892/833 893/893/834
f 878/878/819 893/893/834 879/879/820
f 880/880/821 894/894/835 895/895/836
f 880/880/821 895/895/836 881/881/822
f 881/881/822 895/895/836 896/896/837
f 881/881/822 896/896/837 882/882/823
f 882/882/823 896/896/837 897/897/838
f 882/882/823 897/897/838 883/883/824
f 883/883/824 897/897/838 898/898/839
f 883/883/824 898/898/839 884/884/825
f 884/884/825 898/898/839 899/899/840
f 884/884/825 899/899/840 885/885/826
f 885/885/826 899/899/840 900/900/841
f 885/885/826 900/900/841 886/886/827
f 886/886/827 900/900/841 901/901/842
f 886/886/827 901/901/842 887/887/828
f 887/887/828 901/901/842 669/669/612
f 887/887/828 669/669/612 668/668/611
f 874/874/815 888/888/829 889/889/830
f 874/874/815 889/889/830 875/875/816
f 857/857/798 668/668/611 630/630/575
f 857/857/798 630/630/575 858/858/799
f 788/788/730 805/805/746 789/789/731
f 788/788/730 789/789/731 772/772/715
f 771/771/714 788/788/730 772/772/715
f 771/771/714 772/772/715 755/755/698
f 670/670/613 703/703/646 687/687/630
f 670/670/613 687/687/630 671/671/614
f 902/630/843 903/631/844 904/632/845
f 902/630/843 904/632/845 905/633/846
f 906/634/847 907/635/848 908/636/849
f 906/634/847 908/636/849 909/637/850
f 909/637/850 908/636/849 910/638/851
f 909/637/850 910/638/851 911/639/852
f 911/639/852 910/638/851 912/640/853
f 911/639/852 912/640/853 913/641/854
f 913/641/854 912/640/853 914/642/855
f 913/641/854 914/642/855 915/643/856
f 915/643/856 914/642/855 916/644/857
f 915/643/856 916/644/857 917/645/858
f 917/645/858 916/644/857 918/646/859
f 917/645/858 918/646/859 919/647/860
f 919/647/860 918/646/859 920/648/861
f 919/647/860 920/648/861 921/649/862
f 921/649/862 920/648/861 922/650/863
f 921/649/862 922/650/863 923/651/864
f 924/652/865 925/653/866 926/654/867
f 924/652/865 926/654/867 927/655/868
f 927/655/868 926/654/867 928/656/869
f 927/655/868 928/656/869 929/657/870
f 929/657/870 928/656/869 930/658/871
f 929/657/870 930/658/871 931/659/872
f 931/659/872 930/658/871 932/660/873
f 931/659/872 932/660/873 933/661/874
f 933/661/874 932/660/873 934/662/875
f 933/661/874 934/662/875 935/663/876
f 935/663/876 934/662/875 936/664/877
f 935/663/876 936/664/877 937/665/878
f 937/665/878 936/664/877 938/666/879
f 937/665/878 938/666/879 939/667/880
f 939/667/880 938/666/879 907/635/848
f 939/667/880 907/635/848 906/634/847
f 940/668/881 941/669/882 903/631/844
f 940/668/881 903/631/844 902/630/843
f 907/635/848 942/670/883 943/671/884
f 907/635/848 943/671/884 908/636/849
f 908/636/849 943/671/884 944/672/885
f 908/636/849 944/672/885 910/638/851
f 910/638/851 944/672/885 945/673/886
f 910/638/851 945/673/886 912/640/853
f 912/640/853 945/673/886 946/674/887
f 912/640/853 946/674/887 914/642/855
f 914/642/855 946/674/887 947/675/888
f 914/642/855 947/675/888 916/644/857
f 916/644/857 947/675/888 948/676/889
f 916/644/857 948/676/889 918/646/859
f 918/646/859 948/676/889 949/677/890
f 918/646/859 949/677/890 920/648/861
f 920/648/861 949/677/890 950/678/891
f 920/648/861 950/678/891 922/650/863
f 925/653/866 951/679/892 952/680/893
f 925/653/866 952/680/893 926/654/867
f 926/654/867 952/680/893 953/681/894
f 926/654/867 953/681/894 928/656/869
f 928/656/869 953/681/894 954/682/895
f 928/656/869 954/682/895 930/658/871
f 930/658/871 954/682/895 955/683/896
f 930/658/871 955/683/896 932/660/873
f 932/660/873 955/683/896 956/684/897
f 932/660/873 956/684/897 934/662/875
f 934/662/875 956/684/897 957/685/898
f 934/662/875 957/685/898 936/664/877
f 936/664/877 957/685/898 958/686/899
f 936/664/877 958/686/899 938/666/879
f 938/666/879 958/686/899 942/670/883
f 938/666/879 942/670/883 907/635/848
f 943/671/884 959/687/900 960/688/901
f 943/671/884 960/688/901 944/672/885
f 944/672/885 960/688/901 961/689/902
f 944/672/885 961/689/902 945/673/886
f 945/673/886 961/689/902 962/690/903
f 945/673/886 962/690/903 946/674/887
f 946/674/887 962/690/903 963/691/904
f 946/674/887 963/691/904 947/675/888
f 947/675/888 963/691/904 964/692/905
f 947/675/888 964/692/905 948/676/889
f 948/676/889 964/692/905 965/693/906
f 948/676/889 965/693/906 949/677/890
f 949/677/890 965/693/906 966/694/907
f 949/677/890 966/694/907 950/678/891
f 951/679/892 967/695/908 968/696/909
f 951/679/892 968/696/909 952/680/893
f 952/680/893 968/696/909 969/697/910
f 952/680/893 969/697/910 953/681/894
f 953/681/894 969/697/910 970/698/911
f 953/681/894 970/698/911 954/682/895
f 954/682/895 970/698/911 971/699/912
f 954/682/895 971/699/912 955/683/896
f 955/683/896 971/699/912 972/700/913
f 955/683/896 972/700/913 956/684/897
f 956/684/897 972/700/913 973/701/914
f 956/684/897 973/701/914 957/685/898
f 957/685/898 973/701/914 974/702/915
f 957/685/898 974/702/915 958/686/899
f 958/686/899 974/702/915 975/703/916
f 958/686/899 975/703/916 942/670/883
f 975/703/916 976/704/917 977/705/918
f 975/703/916 977/705/918 959/687/900
f 959/687/900 977/705/918 978/706/919
f 959/687/900 978/706/919 960/688/901
f 960/688/901 978/706/919 979/707/920
f 960/688/901 979/707/920 961/689/902
f 961/689/902 979/707/920 980/708/921
f 961/689/902 980/708/921 962/690/903
f 962/690/903 980/708/921 981/709/922
f 962/690/903 981/709/922 963/691/904
f 963/691/904 981/709/922 982/710/923
f 963/691/904 982/710/923 964/692/905
f 964/692/905 982/710/923 983/711/924
f 964/692/905 983/711/924 965/693/906
f 965/693/906 983/711/924 984/712/925
f 965/693/906 984/712/925 966/694/907
f 967/695/908 985/713/926 986/714/927
f 967/695/908 986/714/927 968/696/909
f 968/696/909 986/714/927 987/715/928
f 968/696/909 987/715/928 969/697/910
f 969/697/910 987/715/928 988/716/929
f 969/697/910 988/716/929 970/698/911
f 970/698/911 988/716/929 989/717/930
f 970/698/911 989/717/930 971/699/912
f 971/699/912 989/717/930 990/718/931
f 971/699/912 990/718/931 972/700/913
f 972/700/913 990/718/931 991/719/932
f 972/700/913 991/719/932 973/701/914
f 973/701/914 991/719/932 992/720/933
f 973/701/914 992/720/933 974/702/915
f 974/702/915 992/720/933 976/704/917
f 974/702/915 976/704/917 975/703/916
f 977/705/918 993/721/934 994/722/935
f 977/705/918 994/722/935 978/706/919
f 978/706/919 994/722/935 995/723/936
f 978/706/919 995/723/936 979/707/920
f 979/707/920 995/723/936 996/724/937
f 979/707/920 996/724/937 980/708/921
f 980/708/921 996/724/937 997/725/938
f 980/708/921 997/725/938 981/709/922
f 981/709/922 997/725/938 998/726/939
f 981/709/922 998/726/939 982/710/923
f 982/710/923 998/726/939 999/727/940
f 982/710/923 999/727/940 983/711/924
f 983/711/924 999/727/940 1000/728/941
f 983/711/924 1000/728/941 984/712/925
f 985/713/926 1001/729/941 1002/730/942
f 985/713/926 1002/730/942 986/714/927
f 986/714/927 1002/730/942 1003/731/943
f 986/714/927 1003/731/943 987/715/928
f 987/715/928 1003/731/943 1004/732/944
f 987/715/928 1004/732/944 988/716/929
f 988/716/929 1004/732/944 1005/733/945
f 988/716/929 1005/733/945 989/717/930
f 989/717/930 1005/733/945 1006/734/946
f 989/717/930 1006/734/946 990/718/931
f 990/718/931 1006/734/946 1007/735/947
f 990/718/931 1007/735/947 991/719/932
f 991/719/932 1007/735/947 1008/736/948
f 991/719/932 1008/736/948 992/720/933
f 992/720/933 1008/736/948 1009/737/949
f 992/720/933 1009/737/949 976/704/917
f 993/721/934 1010/738/950 1011/739/951
f 993/721/934 1011/739/951 994/722/935
f 994/722/935 1011/739/951 1012/740/952
f 994/722/935 1012/740/952 995/723/936
f 995/723/936 1012/740/952 1013/741/953
f 995/723/936 1013/741/953 996/724/937
f 996/724/937 1013/741/953 1014/742/954
f 996/724/937 1014/742/954 997/725/938
f 997/725/938 1014/742/954 1015/743/955
f 997/725/938 1015/743/955 998/726/939
f 998/726/939 1015/743/955 1016/744/956
f 998/726/939 1016/744/956 999/727/940
f 999/727/940 1016/744/956 1017/745/957
f 999/727/940 1017/745/957 1000/728/941
f 1001/729/941 1018/746/958 1019/747/959
f 1001/729/941 1019/747/959 1002/730/942
f 1002/730/942 1019/747/959 1020/748/960
f 1002/730/942 1020/748/960 1003/731/943
f 1003/731/943 1020/748/960 1021/749/961
f 1003/731/943 1021/749/961 1004/732/944
f 1004/732/944 1021/749/961 1022/750/962
f 1004/732/944 1022/750/962 1005/733/945
f 1005/733/945 1022/750/962 1023/751/963
f 1005/733/945 1023/751/963 1006/734/946
f 1006/734/946 1023/751/963 1024/752/964
f 1006/734/946 1024/752/964 1007/735/947
f 1007/735/947 1024/752/964 1025/753/965
f 1007/735/947 1025/753/965 1008/736/948
f 1008/736/948 1025/753/965 1026/754/966
f 1008/736/948 1026/754/966 1009/737/949
f 976/704/917 1009/737/949 993/721/934
f 976/704/917 993/721/934 977/705/918
f 1010/738/950 1027/755/967 1028/756/968
f 1010/738/950 1028/756/968 1011/739/951
f 1011/739/951 1028/756/968 1029/757/969
f 1011/739/951 1029/757/969 1012/740/952
f 1012/740/952 1029/757/969 1030/758/970
f 1012/740/952 1030/758/970 1013/741/953
f 1013/741/953 1030/758/970 1031/759/971
f 1013/741/953 1031/759/971 1014/742/954
f 1014/742/954 1031/759/971 1032/760/972
f 1014/742/954 1032/760/972 1015/743/955
f 1015/743/955 1032/760/972 1033/761/973
f 1015/743/955 1033/761/973 1016/744/956
f 1016/744/956 1033/761/973 1034/762/974
f 1016/744/956 1034/762/974 1017/745/957
f 1018/746/958 1035/763/975 1036/764/976
f 1018/746/958 1036/764/976 1019/747/959
f 1019/747/959 1036/764/976 1037/765/977
f 1019/747/959 1037/765/977 1020/748/960
f 1020/748/960 1037/765/977 1038/766/978
f 1020/748/960 1038/766/978 1021/749/961
f 1021/749/961 1038/766/978 1039/767/979
f 1021/749/961 1039/767/979 1022/750/962
f 1022/750/962 1039/767/979 1040/768/980
f 1022/750/962 1040/768/980 1023/751/963
f 1023/751/963 1040/768/980 1041/769/981
f 1023/751/963 1041/769/981 1024/752/964
f 1024/752/964 1041/769/981 1042/770/982
f 1024/752/964 1042/770/982 1025/753/965
f 1025/753/965 1042/770/982 1043/771/983
f 1025/753/965 1043/771/983 1026/754/966
f 1009/737/949 1026/754/966 1010/738/950
f 1009/737/949 1010/738/950 993/721/934
f 1027/755/967 1044/772/984 1045/773/985
f 1027/755/967 1045/773/985 1028/756/968
f 1028/756/968 1045/773/985 1046/774/986
f 1028/756/968 1046/774/986 1029/757/969
f 1029/757/969 1046/774/986 1047/775/987
f 1029/757/969 1047/775/987 1030/758/970
f 1030/758/970 1047/775/987 1048/776/988
f 1030/758/970 1048/776/988 1031/759/971
f 1031/759/971 1048/776/988 1049/777/989
f 1031/759/971 1049/777/989 1032/760/972
f 1032/760/972 1049/777/989 1050/778/990
f 1032/760/972 1050/778/990 1033/761/973
f 1033/761/973 1050/778/990 1051/779/991
f 1033/761/973 1051/779/991 1034/762/974
f 1035/763/975 1052/780/992 1053/781/993
f 1035/763/975 1053/781/993 1036/764/976
f 1036/764/976 1053/781/993 1054/782/994
f 1036/764/976 1054/782/994 1037/765/977
f 1037/765/977 1054/782/994 1055/783/995
f 1037/765/977 1055/783/995 1038/766/978
f 1038/766/978 1055/783/995 1056/784/996
f 1038/766/978 1056/784/996 1039/767/979
f 1039/767/979 1056/784/996 1057/785/997
f 1039/767/979 1057/785/997 1040/768/980
f 1040/768/980 1057/785/997 1058/786/998
f 1040/768/980 1058/786/998 1041/769/981
f 1041/769/981 1058/786/998 1059/787/999
f 1041/769/981 1059/787/999 1042/770/982
f 1042/770/982 1059/787/999 1060/788/1000
f 1042/770/982 1060/788/1000 1043/771/983
f 1026/754/966 1043/771/983 1027/755/967
f 1026/754/966 1027/755/967 1010/738/950
f 1044/772/984 1061/789/1001 1062/790/1002
f 1044/772/984 1062/790/1002 1045/773/985
f 1045/773/985 1062/790/1002 1063/791/1003
f 1045/773/985 1063/791/1003 1046/774/986
f 1046/774/986 1063/791/1003 1064/792/1004
f 1046/774/986 1064/792/1004 1047/775/987
f 1047/775/987 1064/792/1004 1065/793/1005
f 1047/775/987 1065/793/1005 1048/776/988
f 1048/776/988 1065/793/1005 1066/794/1006
f 1048/776/988 1066/794/1006 1049/777/989
f 1049/777/989 1066/794/1006 1067/795/1007
f 1049/777/989 1067/795/1007 1050/778/990
f 1050/778/990 1067/795/1007 1068/796/1008
f 1050/778/990 1068/796/1008 1051/779/991
f 1052/780/992 1069/797/1009 1070/798/1010
f 1052/780/992 1070/798/1010 1053/781/993
f 1053/781/993 1070/798/1010 1071/799/1011
f 1053/781/993 1071/799/1011 1054/782/994
f 1054/782/994 1071/799/1011 1072/800/1012
f 1054/782/994 1072/800/1012 1055/783/995
f 1055/783/995 1072/800/1012 1073/801/1013
f 1055/783/995 1073/801/1013 1056/784/996
f 1056/784/996 1073/801/1013 1074/802/1014
f 1056/784/996 1074/802/1014 1057/785/997
f 1057/785/997 1074/802/1014 1075/803/1015
f 1057/785/997 1075/803/1015 1058/786/998
f 1058/786/998 1075/803/1015 1076/804/1016
f 1058/786/998 1076/804/1016 1059/787/999
f 1059/787/999 1076/804/1016 1077/805/1017
f 1059/787/999 1077/805/1017 1060/788/1000
f 1061/789/1001 1078/806/1018 1079/807/1019
f 1061/789/1001 1079/807/1019 1062/790/1002
f 1062/790/1002 1079/807/1019 1080/808/1020
f 1062/790/1002 1080/808/1020 1063/791/1003
f 1063/791/1003 1080/808/1020 1081/809/1021
f 1063/791/1003 1081/809/1021 1064/792/1004
f 1064/792/1004 1081/809/1021 1082/810/1022
f 1064/792/1004 1082/810/1022 1065/793/1005
f 1065/793/1005 1082/810/1022 1083/811/1023
f 1065/793/1005 1083/811/1023 1066/794/1006
f 1066/794/1006 1083/811/1023 1084/812/1024
f 1066/794/1006 1084/812/1024 1067/795/1007
f 1067/795/1007 1084/812/1024 1085/813/1025
f 1067/795/1007 1085/813/1025 1068/796/1008
f 1069/797/1009 1086/814/1026 1087/815/1027
f 1069/797/1009 1087/815/1027 1070/798/1010
f 1070/798/1010 1087/815/1027 1088/816/1028
f 1070/798/1010 1088/816/1028 1071/799/1011
f 1071/799/1011 1088/816/1028 1089/817/1029
f 1071/799/1011 1089/817/1029 1072/800/1012
f 1072/800/1012 1089/817/1029 1090/818/1030
f 1072/800/1012 1090/818/1030 1073/801/1013
f 1073/801/1013 1090/818/1030 1091/819/1031
f 1073/801/1013 1091/819/1031 1074/802/1014
f 1074/802/1014 1091/819/1031 1092/820/1032
f 1074/802/1014 1092/820/1032 1075/803/1015
f 1075/803/1015 1092/820/1032 1093/821/1033
f 1075/803/1015 1093/821/1033 1076/804/1016
f 1076/804/1016 1093/821/1033 1094/822/1034
f 1076/804/1016 1094/822/1034 1077/805/1017
f 1094/822/1034 1095/823/1035 1096/824/1036
f 1094/822/1034 1096/824/1036 1078/806/1018
f 1078/806/1018 1096/824/1036 1097/825/1037
f 1078/806/1018 1097/825/1037 1079/807/1019
f 1079/807/1019 1097/825/1037 1098/826/1038
f 1079/807/1019 1098/826/1038 1080/808/1020
f 1080/808/1020 1098/826/1038 1099/827/1039
f 1080/808/1020 1099/827/1039 1081/809/1021
f 1081/809/1021 1099/827/1039 1100/828/1040
f 1081/809/1021 1100/828/1040 1082/810/1022
f 1082/810/1022 1100/828/1040 1101/829/1041
f 1082/810/1022 1101/829/1041 1083/811/1023
f 1083/811/1023 1101/829/1041 1102/830/1042
f 1083/811/1023 1102/830/1042 1084/812/1024
f 1084/812/1024 1102/830/1042 1103/831/1043
f 1084/812/1024 1103/831/1043 1085/813/1025
f 1086/814/1026 1104/832/1044 1105/833/1045
f 1086/814/1026 1105/833/1045 1087/815/1027
f 1087/815/1027 1105/833/1045 1106/834/1046
f 1087/815/1027 1106/834/1046 1088/816/1028
f 1088/816/1028 1106/834/1046 1107/835/1047
f 1088/816/1028 1107/835/1047 1089/817/1029
f 1089/817/1029 1107/835/1047 1108/836/1048
f 1089/817/1029 1108/836/1048 1090/818/1030
f 1090/818/1030 1108/836/1048 1109/837/1049
f 1090/818/1030 1109/837/1049 1091/819/1031
f 1091/819/1031 1109/837/1049 1110/838/1050
f 1091/819/1031 1110/838/1050 1092/820/1032
f 1092/820/1032 1110/838/1050 1111/839/1051
f 1092/820/1032 1111/839/1051 1093/821/1033
f 1093/821/1033 1111/839/1051 1095/823/1035
f 1093/821/1033 1095/823/1035 1094/822/1034
f 1095/823/1035 1112/840/1052 1113/841/1053
f 1095/823/1035 1113/841/1053 1096/824/1036
f 1096/824/1036 1113/841/1053 1114/842/1054
f 1096/824/1036 1114/842/1054 1097/825/1037
f 1097/825/1037 1114/842/1054 1115/843/1055
f 1097/825/1037 1115/843/1055 1098/826/1038
f 1098/826/1038 1115/843/1055 1116/844/1056
f 1098/826/1038 1116/844/1056 1099/827/1039
f 1099/827/1039 1116/844/1056 1117/845/1057
f 1099/827/1039 1117/845/1057 1100/828/1040
f 1100/828/1040 1117/845/1057 1118/846/1058
f 1100/828/1040 1118/846/1058 1101/829/1041
f 1101/829/1041 1118/846/1058 1119/847/1059
f 1101/829/1041 1119/847/1059 1102/830/1042
f 1102/830/1042 1119/847/1059 1120/848/1060
f 1102/830/1042 1120/848/1060 1103/831/1043
f 1104/832/1044 1121/849/1061 1122/850/1062
f 1104/832/1044 1122/850/1062 1105/833/1045
f 1105/833/1045 1122/850/1062 1123/851/1063
f 1105/833/1045 1123/851/1063 1106/834/1046
f 1106/834/1046 1123/851/1063 1124/852/1064
f 1106/834/1046 1124/852/1064 1107/835/1047
f 1107/835/1047 1124/852/1064 1125/853/1065
f 1107/835/1047 1125/853/1065 1108/836/1048
f 1108/836/1048 1125/853/1065 1126/854/1066
f 1108/836/1048 1126/854/1066 1109/837/1049
f 1109/837/1049 1126/854/1066 1127/855/1067
f 1109/837/1049 1127/855/1067 1110/838/1050
f 1110/838/1050 1127/855/1067 1128/856/1068
f 1110/838/1050 1128/856/1068 1111/839/1051
f 1111/839/1051 1128/856/1068 1112/840/1052
f 1111/839/1051 1112/840/1052 1095/823/1035
f 1112/840/1052 1129/857/1069 1130/858/1070
f 1112/840/1052 1130/858/1070 1113/841/1053
f 1113/841/1053 1130/858/1070 1131/859/1071
f 1113/841/1053 1131/859/1071 1114/842/1054
f 1114/842/1054 1131/859/1071 1132/860/1072
f 1114/842/1054 1132/860/1072 1115/843/1055
f 1115/843/1055 1132/860/1072 1133/861/1073
f 1115/843/1055 1133/861/1073 1116/844/1056
f 1116/844/1056 1133/861/1073 1134/862/1074
f 1116/844/1056 1134/862/1074 1117/845/1057
f 1117/845/1057 1134/862/1074 1135/863/1075
f 1117/845/1057 1135/863/1075 1118/846/1058
f 1118/846/1058 1135/863/1075 1136/864/1076
f 1118/846/1058 1136/864/1076 1119/847/1059
f 1119/847/1059 1136/864/1076 1137/865/1077
f 1119/847/1059 1137/865/1077 1120/848/1060
f 1121/849/1061 1138/866/1078 1139/867/1079
f 1121/849/1061 1139/867/1079 1122/850/1062
f 1122/850/1062 1139/867/1079 1140/868/1080
f 1122/850/1062 1140/868/1080 1123/851/1063
f 1123/851/1063 1140/868/1080 1141/869/1081
f 1123/851/1063 1141/869/1081 1124/852/1064
f 1124/852/1064 1141/869/1081 1142/870/1082
f 1124/852/1064 1142/870/1082 1125/853/1065
f 1125/853/1065 1142/870/1082 1143/871/1083
f 1125/853/1065 1143/871/1083 1126/854/1066
f 1126/854/1066 1143/871/1083 1144/872/1084
f 1126/854/1066 1144/872/1084 1127/855/1067
f 1127/855/1067 1144/872/1084 1145/873/1085
f 1127/855/1067 1145/873/1085 1128/856/1068
f 1128/856/1068 1145/873/1085 1129/857/1069
f 1128/856/1068 1129/857/1069 1112/840/1052
f 1130/858/1070 902/630/843 905/633/846
f 1130/858/1070 905/633/846 1131/859/1071
f 1131/859/1071 905/633/846 1146/874/1086
f 1131/859/1071 1146/874/1086 1132/860/1072
f 1132/860/1072 1146/874/1086 1147/875/1087
f 1132/860/1072 1147/875/1087 1133/861/1073
f 1133/861/1073 1147/875/1087 1148/876/1088
f 1133/861/1073 1148/876/1088 1134/862/1074
f 1134/862/1074 1148/876/1088 1149/877/1089
f 1134/862/1074 1149/877/1089 1135/863/1075
f 1135/863/1075 1149/877/1089 1150/878/1090
f 1135/863/1075 1150/878/1090 1136/864/1076
f 1136/864/1076 1150/878/1090 1151/879/1091
f 1136/864/1076 1151/879/1091 1137/865/1077
f 1138/866/1078 1152/880/1091 1153/881/1092
f 1138/866/1078 1153/881/1092 1139/867/1079
f 1139/867/1079 1153/881/1092 1154/882/1093
f 1139/867/1079 1154/882/1093 1140/868/1080
f 1140/868/1080 1154/882/1093 1155/883/1094
f 1140/868/1080 1155/883/1094 1141/869/1081
f 1141/869/1081 1155/883/1094 1156/884/1095
f 1141/869/1081 1156/884/1095 1142/870/1082
f 1142/870/1082 1156/884/1095 1157/885/1096
f 1142/870/1082 1157/885/1096 1143/871/1083
f 1143/871/1083 1157/885/1096 1158/886/1097
f 1143/871/1083 1158/886/1097 1144/872/1084
f 1144/872/1084 1158/886/1097 1159/887/1098
f 1144/872/1084 1159/887/1098 1145/873/1085
f 1145/873/1085 1159/887/1098 940/668/881
f 1145/873/1085 940/668/881 1129/857/1069
f 1077/805/1017 1094/822/1034 1078/806/1018
f 1077/805/1017 1078/806/1018 1061/789/1001
f 905/633/846 904/632/845 1160/888/1099
f 905/633/846 1160/888/1099 1146/874/1086
f 1147/875/1087 1161/889/1100 1162/890/1101
f 1147/875/1087 1162/890/1101 1148/876/1088
f 1148/876/1088 1162/890/1101 1163/891/1102
f 1148/876/1088 1163/891/1102 1149/877/1089
f 1149/877/1089 1163/891/1102 1164/892/1103
f 1149/877/1089 1164/892/1103 1150/878/1090
f 1150/878/1090 1164/892/1103 1165/893/1104
f 1150/878/1090 1165/893/1104 1151/879/1091
f 1152/880/1091 1166/894/1104 1167/895/1105
f 1152/880/1091 1167/895/1105 1153/881/1092
f 1153/881/1092 1167/895/1105 1168/896/1106
f 1153/881/1092 1168/896/1106 1154/882/1093
f 1154/882/1093 1168/896/1106 1169/897/1107
f 1154/882/1093 1169/897/1107 1155/883/1094
f 1155/883/1094 1169/897/1107 1170/898/1108
f 1155/883/1094 1170/898/1108 1156/884/1095
f 1156/884/1095 1170/898/1108 1171/899/1109
f 1156/884/1095 1171/899/1109 1157/885/1096
f 1157/885/1096 1171/899/1109 1172/900/1110
f 1157/885/1096 1172/900/1110 1158/886/1097
f 1158/886/1097 1172/900/1110 1173/901/1111
f 1158/886/1097 1173/901/1111 1159/887/1098
f 1159/887/1098 1173/901/1111 941/669/882
f 1159/887/1098 941/669/882 940/668/881
f 1146/874/1086 1160/888/1099 1161/889/1100
f 1146/874/1086 1161/889/1100 1147/875/1087
f 1129/857/1069 940/668/881 902/630/843
f 1129/857/1069 902/630/843 1130/858/1070
f 1060/788/1000 1077/805/1017 1061/789/1001
f 1060/788/1000 1061/789/1001 1044/772/984
f 1043/771/983 1060/788/1000 1044/772/984
f 1043/771/983 1044/772/984 1027/755/967
f 942/670/883 975/703/916 959/687/900
f 942/670/883 959/687/900 943/671/884
