# Blender 5.1.0
# www.blender.org
mtllib trash_can.mtl
o polySurface7_MT_MetalLixeira_0
v 0.013732 -0.086698 1.088206
v 0.027125 -0.083482 1.088206
v -0.000000 -0.000000 1.093355
v 0.039851 -0.078211 1.088206
v 0.051595 -0.071014 1.088206
v 0.062069 -0.062069 1.088206
v 0.071014 -0.051595 1.088206
v 0.078211 -0.039851 1.088206
v 0.083482 -0.027125 1.088206
v 0.086698 -0.013732 1.088206
v 0.087778 -0.000000 1.088206
v 0.086698 0.013731 1.088206
v 0.083482 0.027125 1.088206
v 0.078211 0.039850 1.088206
v 0.071014 0.051595 1.088206
v 0.062069 0.062069 1.088206
v 0.051595 0.071014 1.088206
v 0.039851 0.078211 1.088206
v 0.027125 0.083482 1.088206
v 0.013732 0.086698 1.088206
v 0.000000 0.087778 1.088206
v -0.013732 0.086698 1.088206
v -0.027125 0.083482 1.088206
v -0.039850 0.078211 1.088206
v -0.051595 0.071014 1.088206
v -0.062069 0.062069 1.088206
v -0.071014 0.051595 1.088206
v -0.078211 0.039850 1.088206
v -0.083482 0.027125 1.088206
v -0.086698 0.013731 1.088206
v -0.087778 -0.000000 1.088206
v -0.086698 -0.013732 1.088206
v -0.083482 -0.027125 1.088206
v -0.078211 -0.039851 1.088206
v -0.071014 -0.051595 1.088206
v -0.062069 -0.062069 1.088206
v -0.051595 -0.071014 1.088206
v -0.039851 -0.078211 1.088206
v -0.027125 -0.083482 1.088206
v -0.013732 -0.086698 1.088206
v 0.000000 -0.087778 1.088206
v 0.013586 -0.085776 1.079263
v -0.000000 -0.000000 1.084357
v 0.026837 -0.082595 1.079263
v 0.039427 -0.077380 1.079263
v 0.051047 -0.070260 1.079263
v 0.061409 -0.061409 1.079263
v 0.070260 -0.051047 1.079263
v 0.077380 -0.039427 1.079263
v 0.082595 -0.026837 1.079263
v 0.085776 -0.013586 1.079263
v 0.086846 -0.000000 1.079263
v 0.085776 0.013586 1.079263
v 0.082595 0.026837 1.079263
v 0.077380 0.039427 1.079263
v 0.070260 0.051046 1.079263
v 0.061409 0.061409 1.079263
v 0.051047 0.070259 1.079263
v 0.039427 0.077380 1.079263
v 0.026837 0.082595 1.079263
v 0.013586 0.085776 1.079263
v 0.000000 0.086845 1.079263
v -0.013586 0.085776 1.079263
v -0.026837 0.082595 1.079263
v -0.039427 0.077380 1.079263
v -0.051047 0.070259 1.079263
v -0.061409 0.061409 1.079263
v -0.070260 0.051046 1.079263
v -0.077380 0.039427 1.079263
v -0.082595 0.026837 1.079263
v -0.085776 0.013586 1.079263
v -0.086846 -0.000000 1.079263
v -0.085776 -0.013586 1.079263
v -0.082595 -0.026837 1.079263
v -0.077380 -0.039427 1.079263
v -0.070260 -0.051047 1.079263
v -0.061409 -0.061409 1.079263
v -0.051047 -0.070260 1.079263
v -0.039427 -0.077380 1.079263
v -0.026837 -0.082595 1.079263
v -0.013586 -0.085776 1.079263
v 0.000000 -0.086846 1.079263
v 0.154079 -0.012062 1.074469
v 0.126802 -0.012062 1.075856
v 0.126802 0.012062 1.075856
v 0.154079 0.012062 1.074469
v 0.094305 -0.011834 1.081246
v 0.094305 0.011834 1.081245
v 0.077889 -0.013670 1.127409
v 0.077889 0.013670 1.127409
v 0.049846 -0.013863 1.146028
v 0.049846 0.013863 1.146028
v 0.017759 -0.013863 1.152532
v 0.017759 0.013863 1.152532
v -0.014296 -0.013863 1.152381
v -0.014296 0.013863 1.152381
v -0.046321 -0.013863 1.145578
v -0.046321 0.013863 1.145578
v -0.074189 -0.013670 1.126697
v -0.074189 0.013670 1.126697
v -0.089859 -0.011834 1.082090
v -0.089859 0.011834 1.082090
v -0.124148 -0.012062 1.075442
v -0.124148 0.012062 1.075442
v -0.152690 -0.012062 1.075450
v -0.152690 0.012062 1.075450
v 0.154079 0.012062 1.074469
v 0.126802 0.012062 1.075856
v 0.126758 0.012062 1.085334
v 0.154035 0.012062 1.083947
v 0.094305 0.011834 1.081245
v 0.099727 0.012062 1.090749
v 0.077889 0.013670 1.127409
v 0.081939 0.013863 1.138321
v 0.049846 0.013863 1.146028
v 0.049795 0.013863 1.156921
v 0.017759 0.013863 1.152532
v 0.017708 0.013863 1.163424
v -0.014296 0.013863 1.152381
v -0.014348 0.013863 1.163274
v -0.046321 0.013863 1.145578
v -0.046372 0.013863 1.156470
v -0.074189 0.013670 1.126697
v -0.078340 0.013863 1.137570
v -0.089859 0.011834 1.082090
v -0.095370 0.012062 1.091542
v -0.124148 0.012062 1.075442
v -0.124192 0.012062 1.084919
v -0.152690 0.012062 1.075450
v -0.152735 0.012062 1.084927
v 0.154035 0.012062 1.083947
v 0.126758 0.012062 1.085334
v 0.126758 -0.012062 1.085334
v 0.154035 -0.012062 1.083947
v 0.099727 0.012062 1.090749
v 0.099727 -0.012062 1.090749
v 0.081939 0.013863 1.138321
v 0.081939 -0.013863 1.138321
v 0.049795 0.013863 1.156921
v 0.049795 -0.013863 1.156921
v 0.017708 0.013863 1.163424
v 0.017708 -0.013863 1.163424
v -0.014348 0.013863 1.163274
v -0.014348 -0.013863 1.163274
v -0.046372 0.013863 1.156470
v -0.046372 -0.013863 1.156470
v -0.078340 0.013863 1.137570
v -0.078340 -0.013863 1.137570
v -0.095370 0.012062 1.091542
v -0.095370 -0.012062 1.091542
v -0.124192 0.012062 1.084919
v -0.124192 -0.012062 1.084919
v -0.152735 0.012062 1.084927
v -0.152735 -0.012062 1.084927
v 0.154035 -0.012062 1.083947
v 0.126758 -0.012062 1.085334
v 0.126802 -0.012062 1.075856
v 0.154079 -0.012062 1.074469
v 0.099727 -0.012062 1.090749
v 0.094305 -0.011834 1.081246
v 0.081939 -0.013863 1.138321
v 0.077889 -0.013670 1.127409
v 0.049795 -0.013863 1.156921
v 0.049846 -0.013863 1.146028
v 0.017708 -0.013863 1.163424
v 0.017759 -0.013863 1.152532
v -0.014348 -0.013863 1.163274
v -0.014296 -0.013863 1.152381
v -0.046372 -0.013863 1.156470
v -0.046321 -0.013863 1.145578
v -0.078340 -0.013863 1.137570
v -0.074189 -0.013670 1.126697
v -0.095370 -0.012062 1.091542
v -0.089859 -0.011834 1.082090
v -0.124192 -0.012062 1.084919
v -0.124148 -0.012062 1.075442
v -0.152735 -0.012062 1.084927
v -0.152690 -0.012062 1.075450
v -0.152690 -0.012062 1.075450
v -0.152735 -0.012062 1.084927
v -0.152735 0.012062 1.084927
v -0.152690 0.012062 1.075450
v 0.154035 -0.012062 1.083947
v 0.154079 -0.012062 1.074469
v 0.154079 0.012062 1.074469
v 0.154035 0.012062 1.083947
v 0.060655 0.411555 0.907176
v 0.032408 0.413117 0.907176
v 0.032408 0.413117 0.883051
v 0.060655 0.411555 0.883051
v -0.001583 0.416541 0.906947
v -0.001583 0.416541 0.883280
v -0.026582 0.459518 0.908977
v -0.026582 0.459517 0.881250
v -0.058981 0.471549 0.908977
v -0.058981 0.471549 0.881250
v -0.091717 0.471116 0.908977
v -0.091717 0.471116 0.881250
v -0.123015 0.464186 0.908977
v -0.123015 0.464186 0.881250
v -0.152875 0.450761 0.908977
v -0.152875 0.450761 0.881250
v -0.177167 0.426178 0.908977
v -0.177167 0.426178 0.881250
v -0.181773 0.378477 0.906947
v -0.181773 0.378477 0.883280
v -0.212808 0.359779 0.907176
v -0.212808 0.359779 0.883051
v -0.238965 0.345707 0.907176
v -0.238965 0.345707 0.883051
v 0.060655 0.411555 0.883051
v 0.032408 0.413117 0.883051
v 0.030360 0.422370 0.883051
v 0.058606 0.420809 0.883051
v -0.001583 0.416541 0.883280
v 0.001706 0.426976 0.883051
v -0.026582 0.459517 0.881250
v -0.025984 0.470806 0.881250
v -0.058981 0.471549 0.881250
v -0.061335 0.482184 0.881250
v -0.091717 0.471116 0.881250
v -0.094072 0.481751 0.881250
v -0.123015 0.464186 0.881250
v -0.125370 0.474821 0.881250
v -0.152875 0.450761 0.881250
v -0.155230 0.461396 0.881250
v -0.177167 0.426178 0.881250
v -0.182475 0.436159 0.881250
v -0.181773 0.378477 0.883280
v -0.189159 0.386549 0.883051
v -0.212808 0.359779 0.883051
v -0.214857 0.369033 0.883051
v -0.238965 0.345707 0.883051
v -0.241014 0.354961 0.883051
v 0.058606 0.420809 0.883051
v 0.030360 0.422370 0.883051
v 0.030360 0.422370 0.907176
v 0.058606 0.420809 0.907176
v 0.001706 0.426976 0.883051
v 0.001706 0.426976 0.907176
v -0.025984 0.470806 0.881250
v -0.025984 0.470806 0.908977
v -0.061335 0.482184 0.881250
v -0.061335 0.482184 0.908977
v -0.094072 0.481751 0.881250
v -0.094072 0.481751 0.908977
v -0.125370 0.474821 0.881250
v -0.125370 0.474821 0.908977
v -0.155230 0.461396 0.881250
v -0.155230 0.461396 0.908977
v -0.182475 0.436159 0.881250
v -0.182475 0.436159 0.908977
v -0.189159 0.386549 0.883051
v -0.189159 0.386549 0.907176
v -0.214857 0.369033 0.883051
v -0.214857 0.369033 0.907176
v -0.241014 0.354961 0.883051
v -0.241014 0.354961 0.907176
v 0.058606 0.420809 0.907176
v 0.030360 0.422370 0.907176
v 0.032408 0.413117 0.907176
v 0.060655 0.411555 0.907176
v 0.001706 0.426976 0.907176
v -0.001583 0.416541 0.906947
v -0.025984 0.470806 0.908977
v -0.026582 0.459518 0.908977
v -0.061335 0.482184 0.908977
v -0.058981 0.471549 0.908977
v -0.094072 0.481751 0.908977
v -0.091717 0.471116 0.908977
v -0.125370 0.474821 0.908977
v -0.123015 0.464186 0.908977
v -0.155230 0.461396 0.908977
v -0.152875 0.450761 0.908977
v -0.182475 0.436159 0.908977
v -0.177167 0.426178 0.908977
v -0.189159 0.386549 0.907176
v -0.181773 0.378477 0.906947
v -0.214857 0.369033 0.907176
v -0.212808 0.359779 0.907176
v -0.241014 0.354961 0.907176
v -0.238965 0.345707 0.907176
v -0.238965 0.345707 0.907176
v -0.241014 0.354961 0.907176
v -0.241014 0.354961 0.883051
v -0.238965 0.345707 0.883051
v 0.058606 0.420809 0.907176
v 0.060655 0.411555 0.907176
v 0.060655 0.411555 0.883051
v 0.058606 0.420809 0.883051
v 0.056475 -0.356568 -0.031227
v 0.111559 -0.343344 -0.031227
v 0.121231 -0.354756 0.056502
v 0.053038 -0.371128 0.056502
v 0.163896 -0.321665 -0.031227
v 0.165127 -0.336574 0.056502
v 0.212198 -0.292066 -0.031227
v 0.224923 -0.299931 0.056502
v 0.255275 -0.255275 -0.031227
v 0.261052 -0.269074 0.056502
v 0.292066 -0.212198 -0.031227
v 0.306599 -0.215746 0.056502
v 0.321665 -0.163897 -0.031227
v 0.331424 -0.175235 0.056502
v 0.343344 -0.111559 -0.031227
v 0.358262 -0.110443 0.056502
v 0.356568 -0.056475 -0.031227
v 0.369354 -0.064243 0.056502
v 0.361013 -0.000000 -0.031227
v 0.374856 0.005672 0.056502
v 0.356568 0.056475 -0.031227
v 0.371128 0.053038 0.056502
v 0.343344 0.111559 -0.031227
v 0.354756 0.121231 0.056502
v 0.321665 0.163896 -0.031227
v 0.336574 0.165127 0.056502
v 0.292066 0.212198 -0.031227
v 0.299931 0.224923 0.056502
v 0.255275 0.255275 -0.031227
v 0.269074 0.261052 0.056502
v 0.212198 0.292065 -0.031227
v 0.215746 0.306599 0.056502
v 0.163897 0.321665 -0.031227
v 0.175235 0.331424 0.056502
v 0.111559 0.343344 -0.031227
v 0.110443 0.358262 0.056502
v 0.056475 0.356568 -0.031227
v 0.064243 0.369353 0.056502
v 0.000000 0.361013 -0.031227
v -0.005672 0.374856 0.056502
v -0.056475 0.356568 -0.031227
v -0.053038 0.371128 0.056502
v -0.111559 0.343344 -0.031227
v -0.121231 0.354756 0.056502
v -0.163896 0.321665 -0.031227
v -0.165127 0.336574 0.056502
v -0.212198 0.292065 -0.031227
v -0.224923 0.299931 0.056502
v -0.255275 0.255275 -0.031227
v -0.261052 0.269074 0.056502
v -0.292066 0.212198 -0.031227
v -0.306599 0.215746 0.056502
v -0.321665 0.163896 -0.031227
v -0.331424 0.175235 0.056502
v -0.343344 0.111559 -0.031227
v -0.358262 0.110442 0.056502
v -0.356568 0.056475 -0.031227
v -0.369353 0.064242 0.056502
v -0.361013 -0.000000 -0.031227
v -0.374856 -0.005672 0.056502
v -0.356568 -0.056475 -0.031227
v -0.371128 -0.053038 0.056502
v -0.343344 -0.111559 -0.031227
v -0.354756 -0.121231 0.056502
v -0.321665 -0.163896 -0.031227
v -0.336574 -0.165127 0.056502
v -0.292066 -0.212198 -0.031227
v -0.299931 -0.224923 0.056502
v -0.255275 -0.255275 -0.031227
v -0.269074 -0.261052 0.056502
v -0.212198 -0.292065 -0.031227
v -0.215746 -0.306599 0.056502
v -0.163896 -0.321665 -0.031227
v -0.175235 -0.331424 0.056502
v -0.111559 -0.343344 -0.031227
v -0.110442 -0.358262 0.056502
v -0.056475 -0.356568 -0.031227
v -0.064243 -0.369353 0.056502
v 0.000000 -0.361013 -0.031227
v 0.005672 -0.374856 0.056502
v 0.056475 -0.356568 -0.031227
v 0.053038 -0.371128 0.056502
v 0.008100 -0.347694 0.061234
v 0.046392 -0.344681 0.061234
v 0.053597 -0.390174 0.906263
v 0.008100 -0.393754 0.906263
v 0.005656 -0.421373 0.907379
v -0.071504 -0.415301 0.907379
v -0.099740 -0.333180 0.061234
v -0.062391 -0.342147 0.061234
v -0.069597 -0.387639 0.906263
v -0.113974 -0.376985 0.906263
v -0.124832 -0.402498 0.907379
v -0.196339 -0.372879 0.907379
v -0.197817 -0.286051 0.061234
v -0.165067 -0.306121 0.061234
v -0.185977 -0.347161 0.906263
v -0.224890 -0.323315 0.906263
v -0.243101 -0.344223 0.907379
v -0.301956 -0.293957 0.907379
v -0.276530 -0.210922 0.061234
v -0.251584 -0.240130 0.061234
v -0.284154 -0.272699 0.906263
v -0.313793 -0.237996 0.906263
v -0.337574 -0.252253 0.907379
v -0.378014 -0.186260 0.907379
v -0.328174 -0.115147 0.061234
v -0.313475 -0.150633 0.061234
v -0.354515 -0.171544 0.906263
v -0.371980 -0.129380 0.906263
v -0.399002 -0.135591 0.907379
v -0.417071 -0.060331 0.907379
v -0.347694 -0.008100 0.061234
v -0.344681 -0.046392 0.061234
v -0.390174 -0.053597 0.906263
v -0.393754 -0.008100 0.906263
v -0.421373 -0.005656 0.907379
v -0.415301 0.071504 0.907379
v -0.333180 0.099740 0.061234
v -0.342147 0.062391 0.061234
v -0.387640 0.069596 0.906263
v -0.376986 0.113974 0.906263
v -0.402498 0.124832 0.907379
v -0.372879 0.196339 0.907379
v -0.286051 0.197817 0.061234
v -0.306121 0.165067 0.061234
v -0.347161 0.185977 0.906263
v -0.323315 0.224890 0.906263
v -0.344223 0.243101 0.907379
v -0.293956 0.301955 0.907379
v -0.210922 0.276530 0.061234
v -0.240130 0.251584 0.061234
v -0.272699 0.284154 0.906263
v -0.237996 0.313793 0.906263
v -0.252253 0.337574 0.907379
v -0.186260 0.378014 0.907379
v -0.115147 0.328174 0.061234
v -0.150633 0.313475 0.061234
v -0.171544 0.354515 0.906263
v -0.129380 0.371980 0.906263
v -0.135591 0.399002 0.907379
v -0.060331 0.417070 0.907379
v -0.008099 0.347694 0.061234
v -0.046392 0.344681 0.061234
v -0.053597 0.390174 0.906263
v -0.008099 0.393754 0.906263
v -0.005656 0.421373 0.907379
v 0.071504 0.415301 0.907379
v 0.099741 0.333180 0.061234
v 0.062391 0.342147 0.061234
v 0.069597 0.387639 0.906263
v 0.113974 0.376985 0.906263
v 0.124832 0.402498 0.907379
v 0.196339 0.372879 0.907379
v 0.197817 0.286051 0.061234
v 0.165067 0.306121 0.061234
v 0.185978 0.347161 0.906263
v 0.224891 0.323315 0.906263
v 0.243101 0.344223 0.907379
v 0.301956 0.293956 0.907379
v 0.276530 0.210922 0.061234
v 0.251584 0.240130 0.061234
v 0.284154 0.272699 0.906263
v 0.313793 0.237996 0.906263
v 0.337574 0.252253 0.907379
v 0.378014 0.186260 0.907379
v 0.328174 0.115146 0.061234
v 0.313475 0.150633 0.061234
v 0.354515 0.171544 0.906263
v 0.371980 0.129380 0.906263
v 0.399002 0.135591 0.907379
v 0.417071 0.060331 0.907379
v 0.347695 0.008099 0.061234
v 0.344681 0.046391 0.061234
v 0.390174 0.053597 0.906263
v 0.393755 0.008099 0.906263
v 0.421374 0.005656 0.907379
v 0.415301 -0.071504 0.907379
v 0.333180 -0.099741 0.061234
v 0.342147 -0.062391 0.061234
v 0.387640 -0.069597 0.906263
v 0.376986 -0.113974 0.906263
v 0.402498 -0.124832 0.907379
v 0.372879 -0.196339 0.907379
v 0.286052 -0.197817 0.061234
v 0.306121 -0.165067 0.061234
v 0.347161 -0.185978 0.906263
v 0.323315 -0.224891 0.906263
v 0.344223 -0.243101 0.907379
v 0.293957 -0.301956 0.907379
v 0.210922 -0.276530 0.061234
v 0.240130 -0.251584 0.061234
v 0.272699 -0.284154 0.906263
v 0.237996 -0.313793 0.906263
v 0.252253 -0.337574 0.907379
v 0.186260 -0.378014 0.907379
v 0.115147 -0.328174 0.061234
v 0.150633 -0.313475 0.061234
v 0.171544 -0.354515 0.906263
v 0.129380 -0.371980 0.906263
v 0.135591 -0.399002 0.907379
v 0.060331 -0.417071 0.907379
v 0.060331 -0.417071 0.907379
v 0.065170 -0.411469 0.988547
v -0.000000 -0.416597 0.988547
v -0.065170 -0.411469 0.988547
v -0.128736 -0.396208 0.988547
v -0.189131 -0.371191 0.988547
v -0.244870 -0.337034 0.988547
v -0.294579 -0.294579 0.988547
v -0.337035 -0.244870 0.988547
v -0.371191 -0.189131 0.988547
v -0.396208 -0.128736 0.988547
v -0.411469 -0.065170 0.988547
v -0.416598 -0.000000 0.988547
v -0.411469 0.065170 0.988547
v -0.396208 0.128736 0.988547
v -0.371191 0.189131 0.988547
v -0.337035 0.244870 0.988547
v -0.294579 0.294579 0.988547
v -0.244870 0.337034 0.988547
v -0.189131 0.371191 0.988547
v -0.128736 0.396208 0.988547
v -0.065170 0.411469 0.988547
v 0.000000 0.416597 0.988547
v 0.065170 0.411469 0.988547
v 0.128736 0.396208 0.988547
v 0.189131 0.371191 0.988547
v 0.244870 0.337034 0.988547
v 0.294579 0.294579 0.988547
v 0.337035 0.244870 0.988547
v 0.371191 0.189131 0.988547
v 0.396208 0.128736 0.988547
v 0.411469 0.065170 0.988547
v 0.416598 -0.000000 0.988547
v 0.411469 -0.065170 0.988547
v 0.396208 -0.128736 0.988547
v 0.371191 -0.189132 0.988547
v 0.337035 -0.244870 0.988547
v 0.294579 -0.294579 0.988547
v 0.244870 -0.337035 0.988547
v 0.189131 -0.371191 0.988547
v 0.128736 -0.396208 0.988547
v 0.065170 -0.411469 0.988547
v 0.056475 -0.356568 -0.031227
v 0.000000 -0.361013 -0.031227
v -0.000000 -0.319076 -0.031227
v 0.049914 -0.315148 -0.031227
v -0.056475 -0.356568 -0.031227
v -0.049914 -0.315147 -0.031227
v -0.111559 -0.343344 -0.031227
v -0.098600 -0.303459 -0.031227
v -0.163896 -0.321665 -0.031227
v -0.144857 -0.284299 -0.031227
v -0.212198 -0.292065 -0.031227
v -0.187548 -0.258138 -0.031227
v -0.255275 -0.255275 -0.031227
v -0.225621 -0.225621 -0.031227
v -0.292066 -0.212198 -0.031227
v -0.258138 -0.187548 -0.031227
v -0.321665 -0.163896 -0.031227
v -0.284299 -0.144857 -0.031227
v -0.343344 -0.111559 -0.031227
v -0.303459 -0.098600 -0.031227
v -0.356568 -0.056475 -0.031227
v -0.315147 -0.049914 -0.031227
v -0.361013 -0.000000 -0.031227
v -0.319076 -0.000000 -0.031227
v -0.356568 0.056475 -0.031227
v -0.315147 0.049914 -0.031227
v -0.343344 0.111559 -0.031227
v -0.303459 0.098600 -0.031227
v -0.321665 0.163896 -0.031227
v -0.284299 0.144857 -0.031227
v -0.292066 0.212198 -0.031227
v -0.258138 0.187548 -0.031227
v -0.255275 0.255275 -0.031227
v -0.225621 0.225621 -0.031227
v -0.212198 0.292065 -0.031227
v -0.187548 0.258138 -0.031227
v -0.163896 0.321665 -0.031227
v -0.144857 0.284299 -0.031227
v -0.111559 0.343344 -0.031227
v -0.098600 0.303459 -0.031227
v -0.056475 0.356568 -0.031227
v -0.049914 0.315147 -0.031227
v 0.000000 0.361013 -0.031227
v 0.000000 0.319076 -0.031227
v 0.056475 0.356568 -0.031227
v 0.049914 0.315147 -0.031227
v 0.111559 0.343344 -0.031227
v 0.098600 0.303459 -0.031227
v 0.163897 0.321665 -0.031227
v 0.144857 0.284299 -0.031227
v 0.212198 0.292065 -0.031227
v 0.187548 0.258138 -0.031227
v 0.255275 0.255275 -0.031227
v 0.225621 0.225621 -0.031227
v 0.292066 0.212198 -0.031227
v 0.258138 0.187548 -0.031227
v 0.321665 0.163896 -0.031227
v 0.284299 0.144857 -0.031227
v 0.343344 0.111559 -0.031227
v 0.303459 0.098600 -0.031227
v 0.356568 0.056475 -0.031227
v 0.315148 0.049914 -0.031227
v 0.361013 -0.000000 -0.031227
v 0.319076 -0.000000 -0.031227
v 0.356568 -0.056475 -0.031227
v 0.315148 -0.049915 -0.031227
v 0.343344 -0.111559 -0.031227
v 0.303459 -0.098600 -0.031227
v 0.321665 -0.163897 -0.031227
v 0.284299 -0.144858 -0.031227
v 0.292066 -0.212198 -0.031227
v 0.258138 -0.187548 -0.031227
v 0.255275 -0.255275 -0.031227
v 0.225621 -0.225621 -0.031227
v 0.212198 -0.292066 -0.031227
v 0.187548 -0.258138 -0.031227
v 0.163896 -0.321665 -0.031227
v 0.144857 -0.284299 -0.031227
v 0.111559 -0.343344 -0.031227
v 0.098600 -0.303459 -0.031227
v 0.049914 -0.315148 -0.031227
v -0.000000 -0.319076 -0.031227
v -0.000000 -0.319076 0.000000
v 0.049914 -0.315148 0.000000
v -0.049914 -0.315147 -0.031227
v -0.049914 -0.315147 0.000000
v -0.098600 -0.303459 -0.031227
v -0.098600 -0.303459 0.000000
v -0.144857 -0.284299 -0.031227
v -0.144857 -0.284299 0.000000
v -0.187548 -0.258138 -0.031227
v -0.187548 -0.258138 0.000000
v -0.225621 -0.225621 -0.031227
v -0.225621 -0.225621 0.000000
v -0.258138 -0.187548 -0.031227
v -0.258138 -0.187548 0.000000
v -0.284299 -0.144857 -0.031227
v -0.284299 -0.144857 0.000000
v -0.303459 -0.098600 -0.031227
v -0.303459 -0.098600 0.000000
v -0.315147 -0.049914 -0.031227
v -0.315147 -0.049914 0.000000
v -0.319076 -0.000000 -0.031227
v -0.319076 -0.000000 0.000000
v -0.315147 0.049914 -0.031227
v -0.315147 0.049914 0.000000
v -0.303459 0.098600 -0.031227
v -0.303459 0.098600 0.000000
v -0.284299 0.144857 -0.031227
v -0.284299 0.144857 0.000000
v -0.258138 0.187548 -0.031227
v -0.258138 0.187548 0.000000
v -0.225621 0.225621 -0.031227
v -0.225621 0.225621 0.000000
v -0.187548 0.258138 -0.031227
v -0.187548 0.258138 0.000000
v -0.144857 0.284299 -0.031227
v -0.144857 0.284299 0.000000
v -0.098600 0.303459 -0.031227
v -0.098600 0.303459 0.000000
v -0.049914 0.315147 -0.031227
v -0.049914 0.315147 0.000000
v 0.000000 0.319076 -0.031227
v 0.000000 0.319076 0.000000
v 0.049914 0.315147 -0.031227
v 0.049914 0.315147 0.000000
v 0.098600 0.303459 -0.031227
v 0.098600 0.303459 0.000000
v 0.144857 0.284299 -0.031227
v 0.144857 0.284299 0.000000
v 0.187548 0.258138 -0.031227
v 0.187548 0.258138 0.000000
v 0.225621 0.225621 -0.031227
v 0.225621 0.225621 0.000000
v 0.258138 0.187548 -0.031227
v 0.258138 0.187548 0.000000
v 0.284299 0.144857 -0.031227
v 0.284299 0.144857 0.000000
v 0.303459 0.098600 -0.031227
v 0.303459 0.098600 0.000000
v 0.315148 0.049914 -0.031227
v 0.315148 0.049914 0.000000
v 0.319076 -0.000000 -0.031227
v 0.319076 -0.000000 0.000000
v 0.315148 -0.049915 -0.031227
v 0.315148 -0.049915 0.000000
v 0.303459 -0.098600 -0.031227
v 0.303459 -0.098600 0.000000
v 0.284299 -0.144858 -0.031227
v 0.284299 -0.144858 0.000000
v 0.258138 -0.187548 -0.031227
v 0.258138 -0.187548 0.000000
v 0.225621 -0.225621 -0.031227
v 0.225621 -0.225621 0.000000
v 0.187548 -0.258138 -0.031227
v 0.187548 -0.258138 0.000000
v 0.144857 -0.284299 -0.031227
v 0.144857 -0.284299 0.000000
v 0.098600 -0.303459 -0.031227
v 0.098600 -0.303459 0.000000
v 0.005672 -0.374856 0.056502
v 0.053038 -0.371128 0.056502
v 0.046392 -0.344681 0.061234
v 0.008100 -0.347694 0.061234
v 0.053038 -0.371128 0.056502
v 0.060331 -0.417071 0.907379
v 0.053597 -0.390174 0.906263
v 0.046392 -0.344681 0.061234
v 0.060331 -0.417071 0.907379
v 0.005656 -0.421373 0.907379
v 0.008100 -0.393754 0.906263
v 0.053597 -0.390174 0.906263
v 0.005656 -0.421373 0.907379
v 0.005672 -0.374856 0.056502
v 0.008100 -0.347694 0.061234
v 0.008100 -0.393754 0.906263
v -0.110442 -0.358262 0.056502
v -0.064243 -0.369353 0.056502
v -0.062391 -0.342147 0.061234
v -0.099740 -0.333180 0.061234
v -0.064243 -0.369353 0.056502
v -0.071504 -0.415301 0.907379
v -0.069597 -0.387639 0.906263
v -0.062391 -0.342147 0.061234
v -0.071504 -0.415301 0.907379
v -0.124832 -0.402498 0.907379
v -0.113974 -0.376985 0.906263
v -0.069597 -0.387639 0.906263
v -0.124832 -0.402498 0.907379
v -0.110442 -0.358262 0.056502
v -0.099740 -0.333180 0.061234
v -0.113974 -0.376985 0.906263
v -0.215746 -0.306599 0.056502
v -0.175235 -0.331424 0.056502
v -0.165067 -0.306121 0.061234
v -0.197817 -0.286051 0.061234
v -0.175235 -0.331424 0.056502
v -0.196339 -0.372879 0.907379
v -0.185977 -0.347161 0.906263
v -0.165067 -0.306121 0.061234
v -0.196339 -0.372879 0.907379
v -0.243101 -0.344223 0.907379
v -0.224890 -0.323315 0.906263
v -0.185977 -0.347161 0.906263
v -0.243101 -0.344223 0.907379
v -0.215746 -0.306599 0.056502
v -0.197817 -0.286051 0.061234
v -0.224890 -0.323315 0.906263
v -0.299931 -0.224923 0.056502
v -0.269074 -0.261052 0.056502
v -0.251584 -0.240130 0.061234
v -0.276530 -0.210922 0.061234
v -0.269074 -0.261052 0.056502
v -0.301956 -0.293957 0.907379
v -0.284154 -0.272699 0.906263
v -0.251584 -0.240130 0.061234
v -0.301956 -0.293957 0.907379
v -0.337574 -0.252253 0.907379
v -0.313793 -0.237996 0.906263
v -0.284154 -0.272699 0.906263
v -0.337574 -0.252253 0.907379
v -0.299931 -0.224923 0.056502
v -0.276530 -0.210922 0.061234
v -0.313793 -0.237996 0.906263
v -0.354756 -0.121231 0.056502
v -0.336574 -0.165127 0.056502
v -0.313475 -0.150633 0.061234
v -0.328174 -0.115147 0.061234
v -0.336574 -0.165127 0.056502
v -0.378014 -0.186260 0.907379
v -0.354515 -0.171544 0.906263
v -0.313475 -0.150633 0.061234
v -0.378014 -0.186260 0.907379
v -0.399002 -0.135591 0.907379
v -0.371980 -0.129380 0.906263
v -0.354515 -0.171544 0.906263
v -0.399002 -0.135591 0.907379
v -0.354756 -0.121231 0.056502
v -0.328174 -0.115147 0.061234
v -0.371980 -0.129380 0.906263
v -0.374856 -0.005672 0.056502
v -0.371128 -0.053038 0.056502
v -0.344681 -0.046392 0.061234
v -0.347694 -0.008100 0.061234
v -0.371128 -0.053038 0.056502
v -0.417071 -0.060331 0.907379
v -0.390174 -0.053597 0.906263
v -0.344681 -0.046392 0.061234
v -0.417071 -0.060331 0.907379
v -0.421373 -0.005656 0.907379
v -0.393754 -0.008100 0.906263
v -0.390174 -0.053597 0.906263
v -0.421373 -0.005656 0.907379
v -0.374856 -0.005672 0.056502
v -0.347694 -0.008100 0.061234
v -0.393754 -0.008100 0.906263
v -0.358262 0.110442 0.056502
v -0.369353 0.064242 0.056502
v -0.342147 0.062391 0.061234
v -0.333180 0.099740 0.061234
v -0.369353 0.064242 0.056502
v -0.415301 0.071504 0.907379
v -0.387640 0.069596 0.906263
v -0.342147 0.062391 0.061234
v -0.415301 0.071504 0.907379
v -0.402498 0.124832 0.907379
v -0.376986 0.113974 0.906263
v -0.387640 0.069596 0.906263
v -0.402498 0.124832 0.907379
v -0.358262 0.110442 0.056502
v -0.333180 0.099740 0.061234
v -0.376986 0.113974 0.906263
v -0.306599 0.215746 0.056502
v -0.331424 0.175235 0.056502
v -0.306121 0.165067 0.061234
v -0.286051 0.197817 0.061234
v -0.331424 0.175235 0.056502
v -0.372879 0.196339 0.907379
v -0.347161 0.185977 0.906263
v -0.306121 0.165067 0.061234
v -0.372879 0.196339 0.907379
v -0.344223 0.243101 0.907379
v -0.323315 0.224890 0.906263
v -0.347161 0.185977 0.906263
v -0.344223 0.243101 0.907379
v -0.306599 0.215746 0.056502
v -0.286051 0.197817 0.061234
v -0.323315 0.224890 0.906263
v -0.224923 0.299931 0.056502
v -0.261052 0.269074 0.056502
v -0.240130 0.251584 0.061234
v -0.210922 0.276530 0.061234
v -0.261052 0.269074 0.056502
v -0.293956 0.301955 0.907379
v -0.272699 0.284154 0.906263
v -0.240130 0.251584 0.061234
v -0.293956 0.301955 0.907379
v -0.252253 0.337574 0.907379
v -0.237996 0.313793 0.906263
v -0.272699 0.284154 0.906263
v -0.252253 0.337574 0.907379
v -0.224923 0.299931 0.056502
v -0.210922 0.276530 0.061234
v -0.237996 0.313793 0.906263
v -0.121231 0.354756 0.056502
v -0.165127 0.336574 0.056502
v -0.150633 0.313475 0.061234
v -0.115147 0.328174 0.061234
v -0.165127 0.336574 0.056502
v -0.186260 0.378014 0.907379
v -0.171544 0.354515 0.906263
v -0.150633 0.313475 0.061234
v -0.186260 0.378014 0.907379
v -0.135591 0.399002 0.907379
v -0.129380 0.371980 0.906263
v -0.171544 0.354515 0.906263
v -0.135591 0.399002 0.907379
v -0.121231 0.354756 0.056502
v -0.115147 0.328174 0.061234
v -0.129380 0.371980 0.906263
v -0.005672 0.374856 0.056502
v -0.053038 0.371128 0.056502
v -0.046392 0.344681 0.061234
v -0.008099 0.347694 0.061234
v -0.053038 0.371128 0.056502
v -0.060331 0.417070 0.907379
v -0.053597 0.390174 0.906263
v -0.046392 0.344681 0.061234
v -0.060331 0.417070 0.907379
v -0.005656 0.421373 0.907379
v -0.008099 0.393754 0.906263
v -0.053597 0.390174 0.906263
v -0.005656 0.421373 0.907379
v -0.005672 0.374856 0.056502
v -0.008099 0.347694 0.061234
v -0.008099 0.393754 0.906263
v 0.110443 0.358262 0.056502
v 0.064243 0.369353 0.056502
v 0.062391 0.342147 0.061234
v 0.099741 0.333180 0.061234
v 0.064243 0.369353 0.056502
v 0.071504 0.415301 0.907379
v 0.069597 0.387639 0.906263
v 0.062391 0.342147 0.061234
v 0.071504 0.415301 0.907379
v 0.124832 0.402498 0.907379
v 0.113974 0.376985 0.906263
v 0.069597 0.387639 0.906263
v 0.124832 0.402498 0.907379
v 0.110443 0.358262 0.056502
v 0.099741 0.333180 0.061234
v 0.113974 0.376985 0.906263
v 0.215746 0.306599 0.056502
v 0.175235 0.331424 0.056502
v 0.165067 0.306121 0.061234
v 0.197817 0.286051 0.061234
v 0.175235 0.331424 0.056502
v 0.196339 0.372879 0.907379
v 0.185978 0.347161 0.906263
v 0.165067 0.306121 0.061234
v 0.196339 0.372879 0.907379
v 0.243101 0.344223 0.907379
v 0.224891 0.323315 0.906263
v 0.185978 0.347161 0.906263
v 0.243101 0.344223 0.907379
v 0.215746 0.306599 0.056502
v 0.197817 0.286051 0.061234
v 0.224891 0.323315 0.906263
v 0.299931 0.224923 0.056502
v 0.269074 0.261052 0.056502
v 0.251584 0.240130 0.061234
v 0.276530 0.210922 0.061234
v 0.269074 0.261052 0.056502
v 0.301956 0.293956 0.907379
v 0.284154 0.272699 0.906263
v 0.251584 0.240130 0.061234
v 0.301956 0.293956 0.907379
v 0.337574 0.252253 0.907379
v 0.313793 0.237996 0.906263
v 0.284154 0.272699 0.906263
v 0.337574 0.252253 0.907379
v 0.299931 0.224923 0.056502
v 0.276530 0.210922 0.061234
v 0.313793 0.237996 0.906263
v 0.354756 0.121231 0.056502
v 0.336574 0.165127 0.056502
v 0.313475 0.150633 0.061234
v 0.328174 0.115146 0.061234
v 0.336574 0.165127 0.056502
v 0.378014 0.186260 0.907379
v 0.354515 0.171544 0.906263
v 0.313475 0.150633 0.061234
v 0.378014 0.186260 0.907379
v 0.399002 0.135591 0.907379
v 0.371980 0.129380 0.906263
v 0.354515 0.171544 0.906263
v 0.399002 0.135591 0.907379
v 0.354756 0.121231 0.056502
v 0.328174 0.115146 0.061234
v 0.371980 0.129380 0.906263
v 0.374856 0.005672 0.056502
v 0.371128 0.053038 0.056502
v 0.344681 0.046391 0.061234
v 0.347695 0.008099 0.061234
v 0.371128 0.053038 0.056502
v 0.417071 0.060331 0.907379
v 0.390174 0.053597 0.906263
v 0.344681 0.046391 0.061234
v 0.417071 0.060331 0.907379
v 0.421374 0.005656 0.907379
v 0.393755 0.008099 0.906263
v 0.390174 0.053597 0.906263
v 0.421374 0.005656 0.907379
v 0.374856 0.005672 0.056502
v 0.347695 0.008099 0.061234
v 0.393755 0.008099 0.906263
v 0.358262 -0.110443 0.056502
v 0.369354 -0.064243 0.056502
v 0.342147 -0.062391 0.061234
v 0.333180 -0.099741 0.061234
v 0.369354 -0.064243 0.056502
v 0.415301 -0.071504 0.907379
v 0.387640 -0.069597 0.906263
v 0.342147 -0.062391 0.061234
v 0.415301 -0.071504 0.907379
v 0.402498 -0.124832 0.907379
v 0.376986 -0.113974 0.906263
v 0.387640 -0.069597 0.906263
v 0.402498 -0.124832 0.907379
v 0.358262 -0.110443 0.056502
v 0.333180 -0.099741 0.061234
v 0.376986 -0.113974 0.906263
v 0.306599 -0.215746 0.056502
v 0.331424 -0.175235 0.056502
v 0.306121 -0.165067 0.061234
v 0.286052 -0.197817 0.061234
v 0.331424 -0.175235 0.056502
v 0.372879 -0.196339 0.907379
v 0.347161 -0.185978 0.906263
v 0.306121 -0.165067 0.061234
v 0.372879 -0.196339 0.907379
v 0.344223 -0.243101 0.907379
v 0.323315 -0.224891 0.906263
v 0.347161 -0.185978 0.906263
v 0.344223 -0.243101 0.907379
v 0.306599 -0.215746 0.056502
v 0.286052 -0.197817 0.061234
v 0.323315 -0.224891 0.906263
v 0.224923 -0.299931 0.056502
v 0.261052 -0.269074 0.056502
v 0.240130 -0.251584 0.061234
v 0.210922 -0.276530 0.061234
v 0.261052 -0.269074 0.056502
v 0.293957 -0.301956 0.907379
v 0.272699 -0.284154 0.906263
v 0.240130 -0.251584 0.061234
v 0.293957 -0.301956 0.907379
v 0.252253 -0.337574 0.907379
v 0.237996 -0.313793 0.906263
v 0.272699 -0.284154 0.906263
v 0.252253 -0.337574 0.907379
v 0.224923 -0.299931 0.056502
v 0.210922 -0.276530 0.061234
v 0.237996 -0.313793 0.906263
v 0.121231 -0.354756 0.056502
v 0.165127 -0.336574 0.056502
v 0.150633 -0.313475 0.061234
v 0.115147 -0.328174 0.061234
v 0.165127 -0.336574 0.056502
v 0.186260 -0.378014 0.907379
v 0.171544 -0.354515 0.906263
v 0.150633 -0.313475 0.061234
v 0.186260 -0.378014 0.907379
v 0.135591 -0.399002 0.907379
v 0.129380 -0.371980 0.906263
v 0.171544 -0.354515 0.906263
v 0.135591 -0.399002 0.907379
v 0.121231 -0.354756 0.056502
v 0.115147 -0.328174 0.061234
v 0.129380 -0.371980 0.906263
v 0.055172 -0.348342 -0.021468
v 0.055789 -0.352239 0.050907
v 0.110205 -0.339175 0.050907
v 0.108985 -0.335423 -0.021468
v 0.161906 -0.317759 0.050907
v 0.160115 -0.314244 -0.021468
v 0.209621 -0.288519 0.050907
v 0.207303 -0.285328 -0.021468
v 0.252175 -0.252175 0.050907
v 0.249386 -0.249386 -0.021468
v 0.288519 -0.209622 0.050907
v 0.285328 -0.207303 -0.021468
v 0.317759 -0.161907 0.050907
v 0.314244 -0.160116 -0.021468
v 0.339175 -0.110205 0.050907
v 0.335423 -0.108986 -0.021468
v 0.352239 -0.055789 0.050907
v 0.348342 -0.055172 -0.021468
v 0.356629 -0.000000 0.050907
v 0.352684 -0.000000 -0.021468
v 0.352239 0.055789 0.050907
v 0.348342 0.055172 -0.021468
v 0.339175 0.110204 0.050907
v 0.335423 0.108985 -0.021468
v 0.317759 0.161906 0.050907
v 0.314244 0.160115 -0.021468
v 0.288519 0.209621 0.050907
v 0.285328 0.207303 -0.021468
v 0.252175 0.252175 0.050907
v 0.249386 0.249385 -0.021468
v 0.209622 0.288519 0.050907
v 0.207303 0.285328 -0.021468
v 0.161906 0.317759 0.050907
v 0.160115 0.314244 -0.021468
v 0.110205 0.339175 0.050907
v 0.108986 0.335423 -0.021468
v 0.055789 0.352239 0.050907
v 0.055172 0.348342 -0.021468
v 0.000000 0.356629 0.050907
v 0.000000 0.352684 -0.021468
v -0.055789 0.352239 0.050907
v -0.055172 0.348342 -0.021468
v -0.110204 0.339175 0.050907
v -0.108985 0.335423 -0.021468
v -0.161906 0.317759 0.050907
v -0.160115 0.314244 -0.021468
v -0.209621 0.288519 0.050907
v -0.207303 0.285328 -0.021468
v -0.252175 0.252175 0.050907
v -0.249385 0.249385 -0.021468
v -0.288519 0.209621 0.050907
v -0.285328 0.207303 -0.021468
v -0.317759 0.161906 0.050907
v -0.314244 0.160115 -0.021468
v -0.339175 0.110204 0.050907
v -0.335423 0.108985 -0.021468
v -0.352239 0.055789 0.050907
v -0.348342 0.055172 -0.021468
v -0.356629 -0.000000 0.050907
v -0.352684 -0.000000 -0.021468
v -0.352239 -0.055789 0.050907
v -0.348342 -0.055172 -0.021468
v -0.339175 -0.110205 0.050907
v -0.335423 -0.108985 -0.021468
v -0.317759 -0.161906 0.050907
v -0.314244 -0.160115 -0.021468
v -0.288519 -0.209621 0.050907
v -0.285328 -0.207303 -0.021468
v -0.252175 -0.252175 0.050907
v -0.249386 -0.249385 -0.021468
v -0.209621 -0.288519 0.050907
v -0.207303 -0.285328 -0.021468
v -0.161906 -0.317759 0.050907
v -0.160115 -0.314244 -0.021468
v -0.110205 -0.339175 0.050907
v -0.108985 -0.335423 -0.021468
v -0.055789 -0.352239 0.050907
v -0.055172 -0.348342 -0.021468
v 0.000000 -0.356629 0.050907
v 0.000000 -0.352684 -0.021468
v 0.055789 -0.352239 0.050907
v 0.055172 -0.348342 -0.021468
v -0.001381 -0.339081 0.052079
v -0.001381 -0.386203 0.916589
v 0.061780 -0.381232 0.916589
v 0.054408 -0.334691 0.052079
v -0.063161 -0.398780 0.915418
v -0.000000 -0.403751 0.915418
v -0.106095 -0.322059 0.052079
v -0.120657 -0.366874 0.916589
v -0.059051 -0.381664 0.916589
v -0.051680 -0.335122 0.052079
v -0.183299 -0.359745 0.915418
v -0.124766 -0.383990 0.915418
v -0.200424 -0.273511 0.052079
v -0.228122 -0.311633 0.916589
v -0.174102 -0.344736 0.916589
v -0.152709 -0.302750 0.052079
v -0.285495 -0.285495 0.915418
v -0.237319 -0.326642 0.915418
v -0.275134 -0.198190 0.052079
v -0.313257 -0.225887 0.916589
v -0.272110 -0.274063 0.916589
v -0.238790 -0.240743 0.052079
v -0.359745 -0.183299 0.915418
v -0.326642 -0.237319 0.915418
v -0.322912 -0.103468 0.052079
v -0.367728 -0.118030 0.916589
v -0.343482 -0.176563 0.916589
v -0.301497 -0.155170 0.052079
v -0.398780 -0.063161 0.915418
v -0.383990 -0.124766 0.915418
v -0.339081 0.001381 0.052079
v -0.386203 0.001381 0.916589
v -0.381232 -0.061780 0.916589
v -0.334691 -0.054408 0.052079
v -0.398780 0.063161 0.915418
v -0.403751 -0.000000 0.915418
v -0.322059 0.106095 0.052079
v -0.366874 0.120657 0.916589
v -0.381664 0.059051 0.916589
v -0.335123 0.051680 0.052079
v -0.359745 0.183299 0.915418
v -0.383990 0.124766 0.915418
v -0.273511 0.200424 0.052079
v -0.311633 0.228122 0.916589
v -0.344736 0.174102 0.916589
v -0.302751 0.152709 0.052079
v -0.285495 0.285495 0.915418
v -0.326642 0.237319 0.915418
v -0.198190 0.275134 0.052079
v -0.225887 0.313257 0.916589
v -0.274063 0.272110 0.916589
v -0.240743 0.238790 0.052079
v -0.183299 0.359745 0.915418
v -0.237319 0.326641 0.915418
v -0.103468 0.322912 0.052079
v -0.118030 0.367728 0.916589
v -0.176563 0.343482 0.916589
v -0.155170 0.301497 0.052079
v -0.063161 0.398780 0.915418
v -0.124766 0.383990 0.915418
v 0.001381 0.339081 0.052079
v 0.001381 0.386203 0.916589
v -0.061779 0.381232 0.916589
v -0.054408 0.334690 0.052079
v 0.063161 0.398780 0.915418
v 0.000000 0.403751 0.915418
v 0.106095 0.322059 0.052079
v 0.120657 0.366874 0.916589
v 0.059051 0.381664 0.916589
v 0.051680 0.335122 0.052079
v 0.183299 0.359745 0.915418
v 0.124766 0.383990 0.915418
v 0.200424 0.273511 0.052079
v 0.228122 0.311633 0.916589
v 0.174102 0.344736 0.916589
v 0.152709 0.302750 0.052079
v 0.285495 0.285495 0.915418
v 0.237319 0.326641 0.915418
v 0.275134 0.198190 0.052079
v 0.313257 0.225887 0.916589
v 0.272110 0.274063 0.916589
v 0.238790 0.240743 0.052079
v 0.359745 0.183299 0.915418
v 0.326642 0.237319 0.915418
v 0.322912 0.103468 0.052079
v 0.367728 0.118030 0.916589
v 0.343483 0.176563 0.916589
v 0.301497 0.155170 0.052079
v 0.398780 0.063160 0.915418
v 0.383990 0.124766 0.915418
v 0.339081 -0.001381 0.052079
v 0.386203 -0.001381 0.916589
v 0.381232 0.061779 0.916589
v 0.334691 0.054408 0.052079
v 0.398780 -0.063161 0.915418
v 0.403751 -0.000000 0.915418
v 0.322059 -0.106096 0.052079
v 0.366874 -0.120657 0.916589
v 0.381664 -0.059052 0.916589
v 0.335123 -0.051680 0.052079
v 0.359745 -0.183299 0.915418
v 0.383990 -0.124766 0.915418
v 0.273511 -0.200424 0.052079
v 0.311633 -0.228122 0.916589
v 0.344737 -0.174102 0.916589
v 0.302751 -0.152709 0.052079
v 0.285495 -0.285495 0.915418
v 0.326642 -0.237319 0.915418
v 0.198190 -0.275134 0.052079
v 0.225887 -0.313257 0.916589
v 0.274063 -0.272110 0.916589
v 0.240743 -0.238790 0.052079
v 0.183299 -0.359745 0.915418
v 0.237319 -0.326642 0.915418
v 0.103468 -0.322912 0.052079
v 0.118030 -0.367728 0.916589
v 0.176563 -0.343483 0.916589
v 0.155170 -0.301497 0.052079
v 0.063161 -0.398780 0.915418
v 0.124766 -0.383990 0.915418
v -0.000000 -0.407769 0.989136
v 0.063789 -0.402749 0.989136
v 0.063161 -0.398780 0.915418
v -0.063789 -0.402749 0.989136
v -0.126008 -0.387812 0.989136
v -0.185123 -0.363325 0.989136
v -0.239681 -0.329892 0.989136
v -0.288336 -0.288336 0.989136
v -0.329892 -0.239681 0.989136
v -0.363325 -0.185123 0.989136
v -0.387812 -0.126008 0.989136
v -0.402749 -0.063789 0.989136
v -0.407769 -0.000000 0.989136
v -0.402749 0.063789 0.989136
v -0.387812 0.126008 0.989136
v -0.363325 0.185123 0.989136
v -0.329892 0.239681 0.989136
v -0.288336 0.288336 0.989136
v -0.239681 0.329892 0.989136
v -0.185123 0.363325 0.989136
v -0.126008 0.387812 0.989136
v -0.063789 0.402749 0.989136
v 0.000000 0.407769 0.989136
v 0.063789 0.402749 0.989136
v 0.126008 0.387812 0.989136
v 0.185124 0.363325 0.989136
v 0.239681 0.329892 0.989136
v 0.288337 0.288336 0.989136
v 0.329892 0.239681 0.989136
v 0.363325 0.185123 0.989136
v 0.387812 0.126008 0.989136
v 0.402749 0.063789 0.989136
v 0.407770 -0.000000 0.989136
v 0.402749 -0.063789 0.989136
v 0.387812 -0.126008 0.989136
v 0.363325 -0.185124 0.989136
v 0.329892 -0.239681 0.989136
v 0.288337 -0.288337 0.989136
v 0.239681 -0.329893 0.989136
v 0.185123 -0.363325 0.989136
v 0.126008 -0.387812 0.989136
v 0.063789 -0.402749 0.989136
v 0.055172 -0.348342 -0.021468
v 0.051298 -0.323883 -0.021468
v 0.000000 -0.327920 -0.021468
v 0.000000 -0.352684 -0.021468
v -0.051298 -0.323883 -0.021468
v -0.055172 -0.348342 -0.021468
v -0.101333 -0.311870 -0.021468
v -0.108985 -0.335423 -0.021468
v -0.148873 -0.292179 -0.021468
v -0.160115 -0.314244 -0.021468
v -0.192747 -0.265293 -0.021468
v -0.207303 -0.285328 -0.021468
v -0.231875 -0.231875 -0.021468
v -0.249386 -0.249385 -0.021468
v -0.265293 -0.192747 -0.021468
v -0.285328 -0.207303 -0.021468
v -0.292179 -0.148873 -0.021468
v -0.314244 -0.160115 -0.021468
v -0.311871 -0.101333 -0.021468
v -0.335423 -0.108985 -0.021468
v -0.323883 -0.051298 -0.021468
v -0.348342 -0.055172 -0.021468
v -0.327920 -0.000000 -0.021468
v -0.352684 -0.000000 -0.021468
v -0.323883 0.051298 -0.021468
v -0.348342 0.055172 -0.021468
v -0.311871 0.101333 -0.021468
v -0.335423 0.108985 -0.021468
v -0.292179 0.148873 -0.021468
v -0.314244 0.160115 -0.021468
v -0.265293 0.192747 -0.021468
v -0.285328 0.207303 -0.021468
v -0.231874 0.231874 -0.021468
v -0.249385 0.249385 -0.021468
v -0.192747 0.265293 -0.021468
v -0.207303 0.285328 -0.021468
v -0.148873 0.292179 -0.021468
v -0.160115 0.314244 -0.021468
v -0.101333 0.311870 -0.021468
v -0.108985 0.335423 -0.021468
v -0.051298 0.323883 -0.021468
v -0.055172 0.348342 -0.021468
v 0.000000 0.327920 -0.021468
v 0.000000 0.352684 -0.021468
v 0.051298 0.323883 -0.021468
v 0.055172 0.348342 -0.021468
v 0.101333 0.311870 -0.021468
v 0.108986 0.335423 -0.021468
v 0.148873 0.292179 -0.021468
v 0.160115 0.314244 -0.021468
v 0.192747 0.265293 -0.021468
v 0.207303 0.285328 -0.021468
v 0.231875 0.231874 -0.021468
v 0.249386 0.249385 -0.021468
v 0.265293 0.192747 -0.021468
v 0.285328 0.207303 -0.021468
v 0.292179 0.148872 -0.021468
v 0.314244 0.160115 -0.021468
v 0.311871 0.101333 -0.021468
v 0.335423 0.108985 -0.021468
v 0.323883 0.051298 -0.021468
v 0.348342 0.055172 -0.021468
v 0.327920 -0.000000 -0.021468
v 0.352684 -0.000000 -0.021468
v 0.323883 -0.051298 -0.021468
v 0.348342 -0.055172 -0.021468
v 0.311871 -0.101333 -0.021468
v 0.335423 -0.108986 -0.021468
v 0.292179 -0.148873 -0.021468
v 0.314244 -0.160116 -0.021468
v 0.265293 -0.192747 -0.021468
v 0.285328 -0.207303 -0.021468
v 0.231875 -0.231875 -0.021468
v 0.249386 -0.249386 -0.021468
v 0.192747 -0.265293 -0.021468
v 0.207303 -0.285328 -0.021468
v 0.148873 -0.292179 -0.021468
v 0.160115 -0.314244 -0.021468
v 0.101333 -0.311871 -0.021468
v 0.108985 -0.335423 -0.021468
v 0.051298 -0.323883 -0.021468
v 0.051298 -0.323883 0.009758
v 0.000000 -0.327920 0.009758
v 0.000000 -0.327920 -0.021468
v -0.051298 -0.323883 0.009758
v -0.051298 -0.323883 -0.021468
v -0.101333 -0.311870 0.009758
v -0.101333 -0.311870 -0.021468
v -0.148873 -0.292179 0.009758
v -0.148873 -0.292179 -0.021468
v -0.192747 -0.265293 0.009758
v -0.192747 -0.265293 -0.021468
v -0.231875 -0.231875 0.009758
v -0.231875 -0.231875 -0.021468
v -0.265293 -0.192747 0.009758
v -0.265293 -0.192747 -0.021468
v -0.292179 -0.148873 0.009758
v -0.292179 -0.148873 -0.021468
v -0.311871 -0.101333 0.009758
v -0.311871 -0.101333 -0.021468
v -0.323883 -0.051298 0.009758
v -0.323883 -0.051298 -0.021468
v -0.327920 -0.000000 0.009758
v -0.327920 -0.000000 -0.021468
v -0.323883 0.051298 0.009758
v -0.323883 0.051298 -0.021468
v -0.311871 0.101333 0.009758
v -0.311871 0.101333 -0.021468
v -0.292179 0.148873 0.009758
v -0.292179 0.148873 -0.021468
v -0.265293 0.192747 0.009758
v -0.265293 0.192747 -0.021468
v -0.231874 0.231874 0.009758
v -0.231874 0.231874 -0.021468
v -0.192747 0.265293 0.009758
v -0.192747 0.265293 -0.021468
v -0.148873 0.292179 0.009758
v -0.148873 0.292179 -0.021468
v -0.101333 0.311870 0.009758
v -0.101333 0.311870 -0.021468
v -0.051298 0.323883 0.009758
v -0.051298 0.323883 -0.021468
v 0.000000 0.327920 0.009758
v 0.000000 0.327920 -0.021468
v 0.051298 0.323883 0.009758
v 0.051298 0.323883 -0.021468
v 0.101333 0.311870 0.009758
v 0.101333 0.311870 -0.021468
v 0.148873 0.292179 0.009758
v 0.148873 0.292179 -0.021468
v 0.192747 0.265293 0.009758
v 0.192747 0.265293 -0.021468
v 0.231875 0.231874 0.009758
v 0.231875 0.231874 -0.021468
v 0.265293 0.192747 0.009758
v 0.265293 0.192747 -0.021468
v 0.292179 0.148872 0.009758
v 0.292179 0.148872 -0.021468
v 0.311871 0.101333 0.009758
v 0.311871 0.101333 -0.021468
v 0.323883 0.051298 0.009758
v 0.323883 0.051298 -0.021468
v 0.327920 -0.000000 0.009758
v 0.327920 -0.000000 -0.021468
v 0.323883 -0.051298 0.009758
v 0.323883 -0.051298 -0.021468
v 0.311871 -0.101333 0.009758
v 0.311871 -0.101333 -0.021468
v 0.292179 -0.148873 0.009758
v 0.292179 -0.148873 -0.021468
v 0.265293 -0.192747 0.009758
v 0.265293 -0.192747 -0.021468
v 0.231875 -0.231875 0.009758
v 0.231875 -0.231875 -0.021468
v 0.192747 -0.265293 0.009758
v 0.192747 -0.265293 -0.021468
v 0.148873 -0.292179 0.009758
v 0.148873 -0.292179 -0.021468
v 0.101333 -0.311871 0.009758
v 0.101333 -0.311871 -0.021468
v 0.000000 -0.356629 0.050907
v -0.001381 -0.339081 0.052079
v 0.054408 -0.334691 0.052079
v 0.055789 -0.352239 0.050907
v 0.055789 -0.352239 0.050907
v 0.054408 -0.334691 0.052079
v 0.061780 -0.381232 0.916589
v 0.063161 -0.398780 0.915418
v 0.063161 -0.398780 0.915418
v 0.061780 -0.381232 0.916589
v -0.001381 -0.386203 0.916589
v -0.000000 -0.403751 0.915418
v -0.000000 -0.403751 0.915418
v -0.001381 -0.386203 0.916589
v -0.001381 -0.339081 0.052079
v 0.000000 -0.356629 0.050907
v -0.110205 -0.339175 0.050907
v -0.106095 -0.322059 0.052079
v -0.051680 -0.335122 0.052079
v -0.055789 -0.352239 0.050907
v -0.055789 -0.352239 0.050907
v -0.051680 -0.335122 0.052079
v -0.059051 -0.381664 0.916589
v -0.063161 -0.398780 0.915418
v -0.063161 -0.398780 0.915418
v -0.059051 -0.381664 0.916589
v -0.120657 -0.366874 0.916589
v -0.124766 -0.383990 0.915418
v -0.124766 -0.383990 0.915418
v -0.120657 -0.366874 0.916589
v -0.106095 -0.322059 0.052079
v -0.110205 -0.339175 0.050907
v -0.209621 -0.288519 0.050907
v -0.200424 -0.273511 0.052079
v -0.152709 -0.302750 0.052079
v -0.161906 -0.317759 0.050907
v -0.161906 -0.317759 0.050907
v -0.152709 -0.302750 0.052079
v -0.174102 -0.344736 0.916589
v -0.183299 -0.359745 0.915418
v -0.183299 -0.359745 0.915418
v -0.174102 -0.344736 0.916589
v -0.228122 -0.311633 0.916589
v -0.237319 -0.326642 0.915418
v -0.237319 -0.326642 0.915418
v -0.228122 -0.311633 0.916589
v -0.200424 -0.273511 0.052079
v -0.209621 -0.288519 0.050907
v -0.288519 -0.209621 0.050907
v -0.275134 -0.198190 0.052079
v -0.238790 -0.240743 0.052079
v -0.252175 -0.252175 0.050907
v -0.252175 -0.252175 0.050907
v -0.238790 -0.240743 0.052079
v -0.272110 -0.274063 0.916589
v -0.285495 -0.285495 0.915418
v -0.285495 -0.285495 0.915418
v -0.272110 -0.274063 0.916589
v -0.313257 -0.225887 0.916589
v -0.326642 -0.237319 0.915418
v -0.326642 -0.237319 0.915418
v -0.313257 -0.225887 0.916589
v -0.275134 -0.198190 0.052079
v -0.288519 -0.209621 0.050907
v -0.339175 -0.110205 0.050907
v -0.322912 -0.103468 0.052079
v -0.301497 -0.155170 0.052079
v -0.317759 -0.161906 0.050907
v -0.317759 -0.161906 0.050907
v -0.301497 -0.155170 0.052079
v -0.343482 -0.176563 0.916589
v -0.359745 -0.183299 0.915418
v -0.359745 -0.183299 0.915418
v -0.343482 -0.176563 0.916589
v -0.367728 -0.118030 0.916589
v -0.383990 -0.124766 0.915418
v -0.383990 -0.124766 0.915418
v -0.367728 -0.118030 0.916589
v -0.322912 -0.103468 0.052079
v -0.339175 -0.110205 0.050907
v -0.356629 -0.000000 0.050907
v -0.339081 0.001381 0.052079
v -0.334691 -0.054408 0.052079
v -0.352239 -0.055789 0.050907
v -0.352239 -0.055789 0.050907
v -0.334691 -0.054408 0.052079
v -0.381232 -0.061780 0.916589
v -0.398780 -0.063161 0.915418
v -0.398780 -0.063161 0.915418
v -0.381232 -0.061780 0.916589
v -0.386203 0.001381 0.916589
v -0.403751 -0.000000 0.915418
v -0.403751 -0.000000 0.915418
v -0.386203 0.001381 0.916589
v -0.339081 0.001381 0.052079
v -0.356629 -0.000000 0.050907
v -0.339175 0.110204 0.050907
v -0.322059 0.106095 0.052079
v -0.335123 0.051680 0.052079
v -0.352239 0.055789 0.050907
v -0.352239 0.055789 0.050907
v -0.335123 0.051680 0.052079
v -0.381664 0.059051 0.916589
v -0.398780 0.063161 0.915418
v -0.398780 0.063161 0.915418
v -0.381664 0.059051 0.916589
v -0.366874 0.120657 0.916589
v -0.383990 0.124766 0.915418
v -0.383990 0.124766 0.915418
v -0.366874 0.120657 0.916589
v -0.322059 0.106095 0.052079
v -0.339175 0.110204 0.050907
v -0.288519 0.209621 0.050907
v -0.273511 0.200424 0.052079
v -0.302751 0.152709 0.052079
v -0.317759 0.161906 0.050907
v -0.317759 0.161906 0.050907
v -0.302751 0.152709 0.052079
v -0.344736 0.174102 0.916589
v -0.359745 0.183299 0.915418
v -0.359745 0.183299 0.915418
v -0.344736 0.174102 0.916589
v -0.311633 0.228122 0.916589
v -0.326642 0.237319 0.915418
v -0.326642 0.237319 0.915418
v -0.311633 0.228122 0.916589
v -0.273511 0.200424 0.052079
v -0.288519 0.209621 0.050907
v -0.209621 0.288519 0.050907
v -0.198190 0.275134 0.052079
v -0.240743 0.238790 0.052079
v -0.252175 0.252175 0.050907
v -0.252175 0.252175 0.050907
v -0.240743 0.238790 0.052079
v -0.274063 0.272110 0.916589
v -0.285495 0.285495 0.915418
v -0.285495 0.285495 0.915418
v -0.274063 0.272110 0.916589
v -0.225887 0.313257 0.916589
v -0.237319 0.326641 0.915418
v -0.237319 0.326641 0.915418
v -0.225887 0.313257 0.916589
v -0.198190 0.275134 0.052079
v -0.209621 0.288519 0.050907
v -0.110204 0.339175 0.050907
v -0.103468 0.322912 0.052079
v -0.155170 0.301497 0.052079
v -0.161906 0.317759 0.050907
v -0.161906 0.317759 0.050907
v -0.155170 0.301497 0.052079
v -0.176563 0.343482 0.916589
v -0.183299 0.359745 0.915418
v -0.183299 0.359745 0.915418
v -0.176563 0.343482 0.916589
v -0.118030 0.367728 0.916589
v -0.124766 0.383990 0.915418
v -0.124766 0.383990 0.915418
v -0.118030 0.367728 0.916589
v -0.103468 0.322912 0.052079
v -0.110204 0.339175 0.050907
v 0.000000 0.356629 0.050907
v 0.001381 0.339081 0.052079
v -0.054408 0.334690 0.052079
v -0.055789 0.352239 0.050907
v -0.055789 0.352239 0.050907
v -0.054408 0.334690 0.052079
v -0.061779 0.381232 0.916589
v -0.063161 0.398780 0.915418
v -0.063161 0.398780 0.915418
v -0.061779 0.381232 0.916589
v 0.001381 0.386203 0.916589
v 0.000000 0.403751 0.915418
v 0.000000 0.403751 0.915418
v 0.001381 0.386203 0.916589
v 0.001381 0.339081 0.052079
v 0.000000 0.356629 0.050907
v 0.110205 0.339175 0.050907
v 0.106095 0.322059 0.052079
v 0.051680 0.335122 0.052079
v 0.055789 0.352239 0.050907
v 0.055789 0.352239 0.050907
v 0.051680 0.335122 0.052079
v 0.059051 0.381664 0.916589
v 0.063161 0.398780 0.915418
v 0.063161 0.398780 0.915418
v 0.059051 0.381664 0.916589
v 0.120657 0.366874 0.916589
v 0.124766 0.383990 0.915418
v 0.124766 0.383990 0.915418
v 0.120657 0.366874 0.916589
v 0.106095 0.322059 0.052079
v 0.110205 0.339175 0.050907
v 0.209622 0.288519 0.050907
v 0.200424 0.273511 0.052079
v 0.152709 0.302750 0.052079
v 0.161906 0.317759 0.050907
v 0.161906 0.317759 0.050907
v 0.152709 0.302750 0.052079
v 0.174102 0.344736 0.916589
v 0.183299 0.359745 0.915418
v 0.183299 0.359745 0.915418
v 0.174102 0.344736 0.916589
v 0.228122 0.311633 0.916589
v 0.237319 0.326641 0.915418
v 0.237319 0.326641 0.915418
v 0.228122 0.311633 0.916589
v 0.200424 0.273511 0.052079
v 0.209622 0.288519 0.050907
v 0.288519 0.209621 0.050907
v 0.275134 0.198190 0.052079
v 0.238790 0.240743 0.052079
v 0.252175 0.252175 0.050907
v 0.252175 0.252175 0.050907
v 0.238790 0.240743 0.052079
v 0.272110 0.274063 0.916589
v 0.285495 0.285495 0.915418
v 0.285495 0.285495 0.915418
v 0.272110 0.274063 0.916589
v 0.313257 0.225887 0.916589
v 0.326642 0.237319 0.915418
v 0.326642 0.237319 0.915418
v 0.313257 0.225887 0.916589
v 0.275134 0.198190 0.052079
v 0.288519 0.209621 0.050907
v 0.339175 0.110204 0.050907
v 0.322912 0.103468 0.052079
v 0.301497 0.155170 0.052079
v 0.317759 0.161906 0.050907
v 0.317759 0.161906 0.050907
v 0.301497 0.155170 0.052079
v 0.343483 0.176563 0.916589
v 0.359745 0.183299 0.915418
v 0.359745 0.183299 0.915418
v 0.343483 0.176563 0.916589
v 0.367728 0.118030 0.916589
v 0.383990 0.124766 0.915418
v 0.383990 0.124766 0.915418
v 0.367728 0.118030 0.916589
v 0.322912 0.103468 0.052079
v 0.339175 0.110204 0.050907
v 0.356629 -0.000000 0.050907
v 0.339081 -0.001381 0.052079
v 0.334691 0.054408 0.052079
v 0.352239 0.055789 0.050907
v 0.352239 0.055789 0.050907
v 0.334691 0.054408 0.052079
v 0.381232 0.061779 0.916589
v 0.398780 0.063160 0.915418
v 0.398780 0.063160 0.915418
v 0.381232 0.061779 0.916589
v 0.386203 -0.001381 0.916589
v 0.403751 -0.000000 0.915418
v 0.403751 -0.000000 0.915418
v 0.386203 -0.001381 0.916589
v 0.339081 -0.001381 0.052079
v 0.356629 -0.000000 0.050907
v 0.339175 -0.110205 0.050907
v 0.322059 -0.106096 0.052079
v 0.335123 -0.051680 0.052079
v 0.352239 -0.055789 0.050907
v 0.352239 -0.055789 0.050907
v 0.335123 -0.051680 0.052079
v 0.381664 -0.059052 0.916589
v 0.398780 -0.063161 0.915418
v 0.398780 -0.063161 0.915418
v 0.381664 -0.059052 0.916589
v 0.366874 -0.120657 0.916589
v 0.383990 -0.124766 0.915418
v 0.383990 -0.124766 0.915418
v 0.366874 -0.120657 0.916589
v 0.322059 -0.106096 0.052079
v 0.339175 -0.110205 0.050907
v 0.288519 -0.209622 0.050907
v 0.273511 -0.200424 0.052079
v 0.302751 -0.152709 0.052079
v 0.317759 -0.161907 0.050907
v 0.317759 -0.161907 0.050907
v 0.302751 -0.152709 0.052079
v 0.344737 -0.174102 0.916589
v 0.359745 -0.183299 0.915418
v 0.359745 -0.183299 0.915418
v 0.344737 -0.174102 0.916589
v 0.311633 -0.228122 0.916589
v 0.326642 -0.237319 0.915418
v 0.326642 -0.237319 0.915418
v 0.311633 -0.228122 0.916589
v 0.273511 -0.200424 0.052079
v 0.288519 -0.209622 0.050907
v 0.209621 -0.288519 0.050907
v 0.198190 -0.275134 0.052079
v 0.240743 -0.238790 0.052079
v 0.252175 -0.252175 0.050907
v 0.252175 -0.252175 0.050907
v 0.240743 -0.238790 0.052079
v 0.274063 -0.272110 0.916589
v 0.285495 -0.285495 0.915418
v 0.285495 -0.285495 0.915418
v 0.274063 -0.272110 0.916589
v 0.225887 -0.313257 0.916589
v 0.237319 -0.326642 0.915418
v 0.237319 -0.326642 0.915418
v 0.225887 -0.313257 0.916589
v 0.198190 -0.275134 0.052079
v 0.209621 -0.288519 0.050907
v 0.110205 -0.339175 0.050907
v 0.103468 -0.322912 0.052079
v 0.155170 -0.301497 0.052079
v 0.161906 -0.317759 0.050907
v 0.161906 -0.317759 0.050907
v 0.155170 -0.301497 0.052079
v 0.176563 -0.343483 0.916589
v 0.183299 -0.359745 0.915418
v 0.183299 -0.359745 0.915418
v 0.176563 -0.343483 0.916589
v 0.118030 -0.367728 0.916589
v 0.124766 -0.383990 0.915418
v 0.124766 -0.383990 0.915418
v 0.118030 -0.367728 0.916589
v 0.103468 -0.322912 0.052079
v 0.110205 -0.339175 0.050907
v 0.063789 -0.402749 0.989136
v -0.000000 -0.407769 0.989136
v -0.000000 -0.416597 0.988547
v 0.065170 -0.411469 0.988547
v -0.063789 -0.402749 0.989136
v -0.065170 -0.411469 0.988547
v -0.126008 -0.387812 0.989136
v -0.128736 -0.396208 0.988547
v -0.185123 -0.363325 0.989136
v -0.189131 -0.371191 0.988547
v -0.239681 -0.329892 0.989136
v -0.244870 -0.337034 0.988547
v -0.288336 -0.288336 0.989136
v -0.294579 -0.294579 0.988547
v -0.329892 -0.239681 0.989136
v -0.337035 -0.244870 0.988547
v -0.363325 -0.185123 0.989136
v -0.371191 -0.189131 0.988547
v -0.387812 -0.126008 0.989136
v -0.396208 -0.128736 0.988547
v -0.402749 -0.063789 0.989136
v -0.411469 -0.065170 0.988547
v -0.407769 -0.000000 0.989136
v -0.416598 -0.000000 0.988547
v -0.402749 0.063789 0.989136
v -0.411469 0.065170 0.988547
v -0.387812 0.126008 0.989136
v -0.396208 0.128736 0.988547
v -0.363325 0.185123 0.989136
v -0.371191 0.189131 0.988547
v -0.329892 0.239681 0.989136
v -0.337035 0.244870 0.988547
v -0.288336 0.288336 0.989136
v -0.294579 0.294579 0.988547
v -0.239681 0.329892 0.989136
v -0.244870 0.337034 0.988547
v -0.185123 0.363325 0.989136
v -0.189131 0.371191 0.988547
v -0.126008 0.387812 0.989136
v -0.128736 0.396208 0.988547
v -0.063789 0.402749 0.989136
v -0.065170 0.411469 0.988547
v 0.000000 0.407769 0.989136
v 0.000000 0.416597 0.988547
v 0.063789 0.402749 0.989136
v 0.065170 0.411469 0.988547
v 0.126008 0.387812 0.989136
v 0.128736 0.396208 0.988547
v 0.185124 0.363325 0.989136
v 0.189131 0.371191 0.988547
v 0.239681 0.329892 0.989136
v 0.244870 0.337034 0.988547
v 0.288337 0.288336 0.989136
v 0.294579 0.294579 0.988547
v 0.329892 0.239681 0.989136
v 0.337035 0.244870 0.988547
v 0.363325 0.185123 0.989136
v 0.371191 0.189131 0.988547
v 0.387812 0.126008 0.989136
v 0.396208 0.128736 0.988547
v 0.402749 0.063789 0.989136
v 0.411469 0.065170 0.988547
v 0.407770 -0.000000 0.989136
v 0.416598 -0.000000 0.988547
v 0.402749 -0.063789 0.989136
v 0.411469 -0.065170 0.988547
v 0.387812 -0.126008 0.989136
v 0.396208 -0.128736 0.988547
v 0.363325 -0.185124 0.989136
v 0.371191 -0.189132 0.988547
v 0.329892 -0.239681 0.989136
v 0.337035 -0.244870 0.988547
v 0.288337 -0.288337 0.989136
v 0.294579 -0.294579 0.988547
v 0.239681 -0.329893 0.989136
v 0.244870 -0.337035 0.988547
v 0.185123 -0.363325 0.989136
v 0.189131 -0.371191 0.988547
v 0.126008 -0.387812 0.989136
v 0.128736 -0.396208 0.988547
v 0.063789 -0.402749 0.989136
v 0.065170 -0.411469 0.988547
v 0.121823 -0.403793 0.883051
v 0.094032 -0.409082 0.883051
v 0.094032 -0.409082 0.907176
v 0.121823 -0.403793 0.907176
v 0.060793 -0.416980 0.883280
v 0.060793 -0.416980 0.906947
v 0.041708 -0.462889 0.881250
v 0.041708 -0.462889 0.908977
v 0.011189 -0.479107 0.881250
v 0.011189 -0.479107 0.908977
v -0.021316 -0.483014 0.881250
v -0.021316 -0.483014 0.908977
v -0.053257 -0.480292 0.881250
v -0.053257 -0.480292 0.908977
v -0.084632 -0.470940 0.881250
v -0.084632 -0.470940 0.908977
v -0.111967 -0.449792 0.881250
v -0.111967 -0.449792 0.908977
v -0.122851 -0.403121 0.883280
v -0.122851 -0.403122 0.906947
v -0.156089 -0.388700 0.883051
v -0.156089 -0.388700 0.907176
v -0.183880 -0.378217 0.883051
v -0.183880 -0.378217 0.907176
v 0.121823 -0.403793 0.907176
v 0.094032 -0.409082 0.907176
v 0.093227 -0.418526 0.907176
v 0.121018 -0.413236 0.907176
v 0.060793 -0.416980 0.906947
v 0.065436 -0.426887 0.907176
v 0.041708 -0.462889 0.908977
v 0.043797 -0.473999 0.908977
v 0.011189 -0.479107 0.908977
v 0.010264 -0.489960 0.908977
v -0.021316 -0.483014 0.908977
v -0.022241 -0.493867 0.908977
v -0.053257 -0.480292 0.908977
v -0.054182 -0.491145 0.908977
v -0.084632 -0.470940 0.908977
v -0.085557 -0.481793 0.908977
v -0.111967 -0.449792 0.908977
v -0.115905 -0.460388 0.908977
v -0.122851 -0.403122 0.906947
v -0.129103 -0.412101 0.907176
v -0.156089 -0.388700 0.907176
v -0.156894 -0.398143 0.907176
v -0.183880 -0.378217 0.907176
v -0.184685 -0.387660 0.907176
v 0.121018 -0.413236 0.907176
v 0.093227 -0.418526 0.907176
v 0.093227 -0.418526 0.883051
v 0.121018 -0.413236 0.883051
v 0.065436 -0.426887 0.907176
v 0.065436 -0.426887 0.883051
v 0.043797 -0.473999 0.908977
v 0.043797 -0.473999 0.881250
v 0.010264 -0.489960 0.908977
v 0.010264 -0.489960 0.881250
v -0.022241 -0.493867 0.908977
v -0.022241 -0.493867 0.881250
v -0.054182 -0.491145 0.908977
v -0.054182 -0.491145 0.881250
v -0.085557 -0.481793 0.908977
v -0.085557 -0.481793 0.881250
v -0.115905 -0.460388 0.908977
v -0.115905 -0.460388 0.881250
v -0.129103 -0.412101 0.907176
v -0.129103 -0.412101 0.883051
v -0.156894 -0.398143 0.907176
v -0.156894 -0.398143 0.883051
v -0.184685 -0.387660 0.907176
v -0.184685 -0.387660 0.883051
v 0.121018 -0.413236 0.883051
v 0.093227 -0.418526 0.883051
v 0.094032 -0.409082 0.883051
v 0.121823 -0.403793 0.883051
v 0.065436 -0.426887 0.883051
v 0.060793 -0.416980 0.883280
v 0.043797 -0.473999 0.881250
v 0.041708 -0.462889 0.881250
v 0.010264 -0.489960 0.881250
v 0.011189 -0.479107 0.881250
v -0.022241 -0.493867 0.881250
v -0.021316 -0.483014 0.881250
v -0.054182 -0.491145 0.881250
v -0.053257 -0.480292 0.881250
v -0.085557 -0.481793 0.881250
v -0.084632 -0.470940 0.881250
v -0.115905 -0.460388 0.881250
v -0.111967 -0.449792 0.881250
v -0.129103 -0.412101 0.883051
v -0.122851 -0.403121 0.883280
v -0.156894 -0.398143 0.883051
v -0.156089 -0.388700 0.883051
v -0.184685 -0.387660 0.883051
v -0.183880 -0.378217 0.883051
v -0.183880 -0.378217 0.883051
v -0.184685 -0.387660 0.883051
v -0.184685 -0.387660 0.907176
v -0.183880 -0.378217 0.907176
v 0.121018 -0.413236 0.883051
v 0.121823 -0.403793 0.883051
v 0.121823 -0.403793 0.907176
v 0.121018 -0.413236 0.907176
v 0.069338 -0.437780 0.966786
v 0.136968 -0.421544 0.966786
v 0.136968 -0.421544 0.986177
v 0.069338 -0.437780 0.986177
v 0.201226 -0.394928 0.966786
v 0.201225 -0.394928 0.986177
v 0.260528 -0.358587 0.966786
v 0.260528 -0.358587 0.986177
v 0.313416 -0.313416 0.966786
v 0.313416 -0.313416 0.986177
v 0.358587 -0.260529 0.966786
v 0.358587 -0.260529 0.986177
v 0.394928 -0.201226 0.966786
v 0.394927 -0.201226 0.986177
v 0.421544 -0.136968 0.966786
v 0.421544 -0.136968 0.986177
v 0.437781 -0.069338 0.966786
v 0.437781 -0.069338 0.986177
v 0.443238 -0.000000 0.966786
v 0.443238 -0.000000 0.986177
v 0.437781 0.069337 0.966786
v 0.437781 0.069337 0.986177
v 0.421544 0.136968 0.966786
v 0.421544 0.136968 0.986177
v 0.394928 0.201225 0.966786
v 0.394927 0.201226 0.986177
v 0.358587 0.260528 0.966786
v 0.358587 0.260528 0.986177
v 0.313416 0.313416 0.966786
v 0.313397 0.313396 0.986205
v 0.260529 0.358587 0.966786
v 0.260529 0.358586 0.986177
v 0.201226 0.394927 0.966786
v 0.201226 0.394927 0.986177
v 0.136968 0.421544 0.966786
v 0.136968 0.421544 0.986177
v 0.069338 0.437780 0.966786
v 0.069338 0.437780 0.986177
v 0.000000 0.443237 0.966786
v 0.000000 0.443237 0.986177
v -0.069338 0.437780 0.966786
v -0.069337 0.437780 0.986177
v -0.136968 0.421544 0.966786
v -0.136968 0.421544 0.986177
v -0.201226 0.394927 0.966786
v -0.201226 0.394927 0.986177
v -0.260528 0.358586 0.966786
v -0.260528 0.358586 0.986177
v -0.313416 0.313416 0.966786
v -0.313416 0.313416 0.986177
v -0.358587 0.260528 0.966786
v -0.358586 0.260528 0.986177
v -0.394927 0.201226 0.966786
v -0.394927 0.201226 0.986177
v -0.421544 0.136968 0.966786
v -0.421544 0.136968 0.986177
v -0.437780 0.069338 0.966786
v -0.437780 0.069338 0.986177
v -0.443237 -0.000000 0.966786
v -0.443237 -0.000000 0.986177
v -0.437780 -0.069338 0.966786
v -0.437780 -0.069338 0.986177
v -0.421544 -0.136968 0.966786
v -0.421544 -0.136968 0.986177
v -0.394927 -0.201226 0.966786
v -0.394927 -0.201226 0.986177
v -0.358587 -0.260528 0.966786
v -0.358587 -0.260528 0.986177
v -0.313416 -0.313416 0.966786
v -0.313416 -0.313416 0.986177
v -0.260528 -0.358586 0.966786
v -0.260528 -0.358586 0.986177
v -0.201226 -0.394927 0.966786
v -0.201226 -0.394927 0.986177
v -0.136968 -0.421544 0.966786
v -0.136968 -0.421544 0.986177
v -0.069338 -0.437780 0.966786
v -0.069338 -0.437780 0.986177
v 0.000000 -0.443237 0.966786
v -0.000000 -0.443237 0.986177
v 0.069338 -0.437780 0.966786
v 0.069338 -0.437780 0.986177
v 0.072268 -0.456284 1.063433
v 0.142783 -0.439351 1.063433
v 0.129820 -0.399543 1.064257
v 0.065719 -0.414932 1.064257
v 0.209722 -0.411602 1.063477
v 0.190723 -0.374316 1.064257
v 0.271526 -0.373755 1.063433
v 0.246931 -0.339872 1.064257
v 0.326649 -0.326650 1.063477
v 0.297058 -0.297059 1.064257
v 0.373727 -0.271529 1.063477
v 0.339871 -0.246931 1.064257
v 0.411602 -0.209722 1.063477
v 0.374315 -0.190724 1.064257
v 0.439368 -0.142731 1.063433
v 0.399543 -0.129820 1.064257
v 0.456284 -0.072273 1.063433
v 0.414932 -0.065718 1.064257
v 0.461952 -0.000000 1.063477
v 0.420104 -0.000001 1.064257
v 0.456277 0.072297 1.063433
v 0.414932 0.065719 1.064257
v 0.439343 0.142751 1.063477
v 0.399543 0.129819 1.064257
v 0.411630 0.209714 1.063433
v 0.374315 0.190723 1.064257
v 0.373759 0.271521 1.063433
v 0.339872 0.246931 1.064257
v 0.326677 0.326652 1.063433
v 0.297058 0.297058 1.064257
v 0.271537 0.373745 1.063433
v 0.246931 0.339871 1.064257
v 0.209705 0.411631 1.063433
v 0.190723 0.374315 1.064257
v 0.142742 0.439365 1.063433
v 0.129819 0.399543 1.064257
v 0.072265 0.456264 1.063477
v 0.065719 0.414932 1.064257
v 0.000015 0.461973 1.063433
v 0.000000 0.420104 1.064257
v -0.072265 0.456264 1.063477
v -0.065719 0.414932 1.064257
v -0.142754 0.439362 1.063433
v -0.129819 0.399542 1.064257
v -0.209735 0.411617 1.063433
v -0.190723 0.374315 1.064257
v -0.271540 0.373743 1.063433
v -0.246931 0.339871 1.064257
v -0.326660 0.326667 1.063433
v -0.297058 0.297058 1.064257
v -0.373727 0.271529 1.063477
v -0.339871 0.246931 1.064257
v -0.411612 0.209750 1.063433
v -0.374315 0.190723 1.064257
v -0.439355 0.142784 1.063433
v -0.399543 0.129820 1.064257
v -0.456283 0.072281 1.063433
v -0.414932 0.065719 1.064257
v -0.461971 -0.000007 1.063433
v -0.420104 -0.000000 1.064257
v -0.456264 -0.072265 1.063477
v -0.414932 -0.065719 1.064257
v -0.439358 -0.142765 1.063433
v -0.399543 -0.129819 1.064257
v -0.411625 -0.209722 1.063433
v -0.374315 -0.190723 1.064257
v -0.373727 -0.271529 1.063477
v -0.339871 -0.246931 1.064257
v -0.326660 -0.326666 1.063433
v -0.297058 -0.297058 1.064257
v -0.271529 -0.373727 1.063477
v -0.246931 -0.339871 1.064257
v -0.209752 -0.411611 1.063433
v -0.190723 -0.374315 1.064257
v -0.142751 -0.439342 1.063477
v -0.129819 -0.399542 1.064257
v -0.072255 -0.456285 1.063433
v -0.065719 -0.414932 1.064257
v 0.000000 -0.461971 1.063433
v 0.000000 -0.420104 1.064257
v 0.054389 -0.343398 1.042670
v 0.107438 -0.330662 1.042670
v 0.080924 -0.249060 1.053438
v 0.040967 -0.258653 1.053438
v 0.157843 -0.309784 1.042670
v 0.118890 -0.233334 1.053438
v 0.204360 -0.281278 1.042670
v 0.153928 -0.211863 1.053438
v 0.245846 -0.245846 1.042670
v 0.185175 -0.185175 1.053438
v 0.281277 -0.204360 1.042670
v 0.211863 -0.153928 1.053438
v 0.309783 -0.157843 1.042670
v 0.233334 -0.118890 1.053438
v 0.330662 -0.107439 1.042670
v 0.249060 -0.080925 1.053438
v 0.343398 -0.054389 1.042670
v 0.258653 -0.040967 1.053438
v 0.347678 -0.000000 1.042670
v 0.261877 -0.000000 1.053438
v 0.343398 0.054389 1.042670
v 0.258653 0.040966 1.053438
v 0.330662 0.107438 1.042670
v 0.249060 0.080924 1.053438
v 0.309783 0.157842 1.042670
v 0.233334 0.118890 1.053438
v 0.281278 0.204360 1.042670
v 0.211863 0.153927 1.053438
v 0.245846 0.245845 1.042670
v 0.185175 0.185175 1.053438
v 0.204360 0.281277 1.042670
v 0.153928 0.211863 1.053438
v 0.157843 0.309783 1.042670
v 0.118890 0.233334 1.053438
v 0.107439 0.330661 1.042670
v 0.080925 0.249060 1.053438
v 0.054389 0.343397 1.042670
v 0.040967 0.258653 1.053438
v 0.000000 0.347678 1.042670
v 0.000000 0.261877 1.053438
v -0.054389 0.343397 1.042670
v -0.040967 0.258653 1.053438
v -0.107438 0.330661 1.042670
v -0.080925 0.249060 1.053438
v -0.157842 0.309783 1.042670
v -0.118890 0.233334 1.053438
v -0.204360 0.281277 1.042670
v -0.153928 0.211863 1.053438
v -0.245845 0.245845 1.042670
v -0.185175 0.185175 1.053438
v -0.281277 0.204360 1.042670
v -0.211863 0.153927 1.053438
v -0.309783 0.157842 1.042670
v -0.233334 0.118890 1.053438
v -0.330661 0.107438 1.042670
v -0.249060 0.080924 1.053438
v -0.343397 0.054389 1.042670
v -0.258653 0.040967 1.053438
v -0.347678 -0.000000 1.042670
v -0.261877 -0.000000 1.053438
v -0.343397 -0.054389 1.042670
v -0.258653 -0.040967 1.053438
v -0.330661 -0.107438 1.042670
v -0.249060 -0.080925 1.053438
v -0.309783 -0.157842 1.042670
v -0.233334 -0.118890 1.053438
v -0.281277 -0.204360 1.042670
v -0.211863 -0.153928 1.053438
v -0.245845 -0.245845 1.042670
v -0.185175 -0.185175 1.053438
v -0.204360 -0.281277 1.042670
v -0.153928 -0.211863 1.053438
v -0.157843 -0.309783 1.042670
v -0.118890 -0.233334 1.053438
v -0.107438 -0.330661 1.042670
v -0.080925 -0.249060 1.053438
v -0.054389 -0.343397 1.042670
v -0.040967 -0.258653 1.053438
v 0.000000 -0.347678 1.042670
v -0.000000 -0.261877 1.053438
v 0.040967 -0.258653 1.059765
v 0.080924 -0.249060 1.059765
v 0.054121 -0.166568 1.075070
v 0.027398 -0.172983 1.075070
v 0.118890 -0.233334 1.059765
v 0.079512 -0.156051 1.075070
v 0.153928 -0.211863 1.059765
v 0.102945 -0.141691 1.075070
v 0.185175 -0.185175 1.059765
v 0.123842 -0.123843 1.075070
v 0.211863 -0.153928 1.059765
v 0.141691 -0.102945 1.075070
v 0.233334 -0.118890 1.059765
v 0.156051 -0.079512 1.075070
v 0.249060 -0.080925 1.059765
v 0.166568 -0.054121 1.075070
v 0.258653 -0.040967 1.059765
v 0.172983 -0.027398 1.075070
v 0.261877 -0.000000 1.059765
v 0.175140 -0.000000 1.075070
v 0.258653 0.040966 1.059765
v 0.172983 0.027398 1.075070
v 0.249060 0.080924 1.059765
v 0.166568 0.054121 1.075070
v 0.233334 0.118890 1.059765
v 0.156051 0.079512 1.075070
v 0.211863 0.153927 1.059765
v 0.141691 0.102944 1.075070
v 0.185175 0.185175 1.059765
v 0.123843 0.123842 1.075070
v 0.153928 0.211863 1.059765
v 0.102945 0.141691 1.075070
v 0.118890 0.233334 1.059765
v 0.079512 0.156050 1.075070
v 0.080925 0.249060 1.059765
v 0.054121 0.166568 1.075070
v 0.040967 0.258653 1.059765
v 0.027398 0.172983 1.075070
v 0.000000 0.261877 1.059765
v 0.000000 0.175140 1.075070
v -0.040967 0.258653 1.059765
v -0.027398 0.172983 1.075070
v -0.080925 0.249060 1.059765
v -0.054121 0.166568 1.075070
v -0.118890 0.233334 1.059765
v -0.079512 0.156050 1.075070
v -0.153928 0.211863 1.059765
v -0.102944 0.141691 1.075070
v -0.185175 0.185175 1.059765
v -0.123842 0.123842 1.075070
v -0.211863 0.153927 1.059765
v -0.141691 0.102944 1.075070
v -0.233334 0.118890 1.059765
v -0.156051 0.079512 1.075070
v -0.249060 0.080924 1.059765
v -0.166568 0.054121 1.075070
v -0.258653 0.040967 1.059765
v -0.172983 0.027398 1.075070
v -0.261877 -0.000000 1.059765
v -0.175140 -0.000000 1.075070
v -0.258653 -0.040967 1.059765
v -0.172983 -0.027398 1.075070
v -0.249060 -0.080925 1.059765
v -0.166568 -0.054121 1.075070
v -0.233334 -0.118890 1.059765
v -0.156051 -0.079512 1.075070
v -0.211863 -0.153928 1.059765
v -0.141691 -0.102944 1.075070
v -0.185175 -0.185175 1.059765
v -0.123842 -0.123842 1.075070
v -0.153928 -0.211863 1.059765
v -0.102944 -0.141691 1.075070
v -0.118890 -0.233334 1.059765
v -0.079512 -0.156051 1.075070
v -0.080925 -0.249060 1.059765
v -0.054121 -0.166568 1.075070
v -0.040967 -0.258653 1.059765
v -0.027398 -0.172983 1.075070
v -0.000000 -0.261877 1.059765
v 0.000000 -0.175140 1.075070
v 0.027398 -0.172983 1.068743
v 0.054121 -0.166568 1.068743
v 0.027125 -0.083482 1.081880
v 0.013732 -0.086698 1.081880
v 0.079512 -0.156051 1.068743
v 0.039851 -0.078211 1.081880
v 0.102945 -0.141691 1.068743
v 0.051595 -0.071014 1.081880
v 0.123842 -0.123843 1.068743
v 0.062069 -0.062069 1.081880
v 0.141691 -0.102945 1.068743
v 0.071014 -0.051595 1.081880
v 0.156051 -0.079512 1.068743
v 0.078211 -0.039851 1.081880
v 0.166568 -0.054121 1.068743
v 0.083482 -0.027125 1.081880
v 0.172983 -0.027398 1.068743
v 0.086698 -0.013732 1.081880
v 0.175140 -0.000000 1.068743
v 0.087778 -0.000000 1.081880
v 0.172983 0.027398 1.068743
v 0.086698 0.013731 1.081880
v 0.166568 0.054121 1.068743
v 0.083482 0.027125 1.081880
v 0.156051 0.079512 1.068743
v 0.078211 0.039850 1.081880
v 0.141691 0.102944 1.068743
v 0.071014 0.051595 1.081880
v 0.123843 0.123842 1.068743
v 0.062069 0.062069 1.081880
v 0.102945 0.141691 1.068743
v 0.051595 0.071014 1.081880
v 0.079512 0.156050 1.068743
v 0.039851 0.078211 1.081880
v 0.054121 0.166568 1.068743
v 0.027125 0.083482 1.081880
v 0.027398 0.172983 1.068743
v 0.013732 0.086698 1.081880
v 0.000000 0.175140 1.068743
v 0.000000 0.087778 1.081880
v -0.027398 0.172983 1.068743
v -0.013732 0.086698 1.081880
v -0.054121 0.166568 1.068743
v -0.027125 0.083482 1.081880
v -0.079512 0.156050 1.068743
v -0.039850 0.078211 1.081880
v -0.102944 0.141691 1.068743
v -0.051595 0.071014 1.081880
v -0.123842 0.123842 1.068743
v -0.062069 0.062069 1.081880
v -0.141691 0.102944 1.068743
v -0.071014 0.051595 1.081880
v -0.156051 0.079512 1.068743
v -0.078211 0.039850 1.081880
v -0.166568 0.054121 1.068743
v -0.083482 0.027125 1.081880
v -0.172983 0.027398 1.068743
v -0.086698 0.013731 1.081880
v -0.175140 -0.000000 1.068743
v -0.087778 -0.000000 1.081880
v -0.172983 -0.027398 1.068743
v -0.086698 -0.013732 1.081880
v -0.166568 -0.054121 1.068743
v -0.083482 -0.027125 1.081880
v -0.156051 -0.079512 1.068743
v -0.078211 -0.039851 1.081880
v -0.141691 -0.102944 1.068743
v -0.071014 -0.051595 1.081880
v -0.123842 -0.123842 1.068743
v -0.062069 -0.062069 1.081880
v -0.102944 -0.141691 1.068743
v -0.051595 -0.071014 1.081880
v -0.079512 -0.156051 1.068743
v -0.039851 -0.078211 1.081880
v -0.054121 -0.166568 1.068743
v -0.027125 -0.083482 1.081880
v -0.027398 -0.172983 1.068743
v -0.013732 -0.086698 1.081880
v 0.000000 -0.175140 1.068743
v 0.000000 -0.087778 1.081880
v -0.000000 -0.434228 0.986177
v 0.067928 -0.428882 0.986177
v 0.067928 -0.428882 1.017343
v -0.000000 -0.434228 1.017343
v -0.067928 -0.428881 0.986177
v -0.067928 -0.428881 1.017343
v -0.134184 -0.412975 0.986177
v -0.134184 -0.412975 1.017343
v -0.197135 -0.386900 0.986177
v -0.197135 -0.386900 1.017343
v -0.255233 -0.351298 0.986177
v -0.255233 -0.351298 1.017343
v -0.307045 -0.307045 0.986177
v -0.307046 -0.307045 1.017343
v -0.351298 -0.255233 0.986177
v -0.351298 -0.255233 1.017343
v -0.386900 -0.197135 0.986177
v -0.386900 -0.197135 1.017343
v -0.412975 -0.134184 0.986177
v -0.412975 -0.134184 1.017343
v -0.428882 -0.067928 0.986177
v -0.428882 -0.067928 1.017343
v -0.434228 0.000000 0.986177
v -0.434228 -0.000000 1.017343
v -0.428882 0.067928 0.986177
v -0.428882 0.067928 1.017343
v -0.412975 0.134184 0.986177
v -0.412975 0.134184 1.017343
v -0.386900 0.197135 0.986177
v -0.386900 0.197135 1.017343
v -0.351298 0.255232 0.986177
v -0.351298 0.255233 1.017343
v -0.307045 0.307045 0.986177
v -0.307045 0.307045 1.017343
v -0.255233 0.351297 0.986177
v -0.255233 0.351298 1.017343
v -0.197135 0.386900 0.986177
v -0.197135 0.386900 1.017343
v -0.134184 0.412975 0.986177
v -0.134184 0.412975 1.017343
v -0.067928 0.428882 0.986177
v -0.067928 0.428882 1.017343
v 0.000000 0.434228 0.986177
v 0.000000 0.434228 1.017343
v 0.067928 0.428882 0.986177
v 0.067928 0.428882 1.017343
v 0.134184 0.412975 0.986177
v 0.134184 0.412975 1.017343
v 0.197135 0.386900 0.986177
v 0.197135 0.386900 1.017343
v 0.255233 0.351298 0.986177
v 0.255233 0.351298 1.017343
v 0.307026 0.307026 0.986205
v 0.307046 0.307045 1.017343
v 0.351298 0.255233 0.986177
v 0.351298 0.255233 1.017343
v 0.386900 0.197135 0.986177
v 0.386900 0.197135 1.017343
v 0.412975 0.134184 0.986177
v 0.412975 0.134184 1.017343
v 0.428882 0.067928 0.986177
v 0.428882 0.067928 1.017343
v 0.434228 -0.000000 0.986177
v 0.434228 -0.000000 1.017343
v 0.428882 -0.067928 0.986177
v 0.428882 -0.067928 1.017343
v 0.412975 -0.134184 0.986177
v 0.412975 -0.134184 1.017343
v 0.386900 -0.197135 0.986177
v 0.386900 -0.197135 1.017343
v 0.351298 -0.255233 0.986177
v 0.351298 -0.255233 1.017343
v 0.307045 -0.307046 0.986177
v 0.307045 -0.307046 1.017343
v 0.255233 -0.351298 0.986177
v 0.255233 -0.351298 1.017343
v 0.197135 -0.386900 0.986177
v 0.197135 -0.386900 1.017343
v 0.134184 -0.412975 0.986177
v 0.134184 -0.412975 1.017343
v 0.067928 -0.428882 0.986177
v 0.067928 -0.428882 1.017343
v -0.000000 -0.443237 1.017343
v 0.069338 -0.437780 1.017343
v 0.069337 -0.437780 1.040816
v -0.000000 -0.443237 1.040816
v -0.069338 -0.437780 1.017343
v -0.069338 -0.437780 1.040816
v -0.136968 -0.421544 1.017343
v -0.136968 -0.421544 1.040816
v -0.201226 -0.394927 1.017343
v -0.201226 -0.394927 1.040816
v -0.260529 -0.358586 1.017343
v -0.260529 -0.358586 1.040816
v -0.313416 -0.313416 1.017343
v -0.313416 -0.313416 1.040816
v -0.358587 -0.260528 1.017343
v -0.358587 -0.260528 1.040816
v -0.394927 -0.201226 1.017343
v -0.394927 -0.201226 1.040816
v -0.421544 -0.136968 1.017343
v -0.421544 -0.136968 1.040816
v -0.437780 -0.069338 1.017343
v -0.437780 -0.069338 1.040816
v -0.443237 -0.000000 1.017343
v -0.443237 -0.000000 1.040816
v -0.437780 0.069338 1.017343
v -0.437780 0.069338 1.040816
v -0.421544 0.136968 1.017343
v -0.421544 0.136968 1.040816
v -0.394928 0.201225 1.017343
v -0.394928 0.201225 1.040816
v -0.358586 0.260528 1.017343
v -0.358586 0.260528 1.040816
v -0.313416 0.313416 1.017343
v -0.313416 0.313416 1.040816
v -0.260528 0.358586 1.017343
v -0.260528 0.358586 1.040816
v -0.201226 0.394927 1.017343
v -0.201226 0.394927 1.040816
v -0.136968 0.421544 1.017343
v -0.136968 0.421544 1.040816
v -0.069337 0.437780 1.017343
v -0.069337 0.437780 1.040816
v 0.000000 0.443237 1.017343
v 0.000000 0.443237 1.040816
v 0.069338 0.437780 1.017343
v 0.069338 0.437780 1.040816
v 0.136968 0.421544 1.017343
v 0.136968 0.421544 1.040816
v 0.201226 0.394927 1.017343
v 0.201226 0.394927 1.040816
v 0.260529 0.358586 1.017343
v 0.260529 0.358586 1.040816
v 0.313416 0.313416 1.017343
v 0.313416 0.313416 1.040816
v 0.358587 0.260528 1.017343
v 0.358587 0.260528 1.040816
v 0.394928 0.201225 1.017343
v 0.394928 0.201225 1.040816
v 0.421544 0.136968 1.017343
v 0.421544 0.136968 1.040816
v 0.437781 0.069337 1.017343
v 0.437781 0.069337 1.040816
v 0.443238 -0.000000 1.017343
v 0.443238 -0.000000 1.040816
v 0.437781 -0.069338 1.017343
v 0.437781 -0.069338 1.040816
v 0.421544 -0.136968 1.017343
v 0.421544 -0.136968 1.040816
v 0.394928 -0.201226 1.017343
v 0.394928 -0.201226 1.040816
v 0.358587 -0.260529 1.017343
v 0.358587 -0.260529 1.040816
v 0.313416 -0.313416 1.017343
v 0.313416 -0.313416 1.040816
v 0.260529 -0.358587 1.017343
v 0.260529 -0.358587 1.040816
v 0.201226 -0.394928 1.017343
v 0.201226 -0.394928 1.040816
v 0.136968 -0.421544 1.017343
v 0.136968 -0.421544 1.040816
v 0.069338 -0.437780 1.017343
v 0.069337 -0.437780 1.040816
v -0.000000 -0.443237 0.986177
v 0.069338 -0.437780 0.986177
v 0.067928 -0.428882 0.986177
v -0.000000 -0.434228 0.986177
v 0.069338 -0.437780 1.017343
v -0.000000 -0.443237 1.017343
v -0.000000 -0.434228 1.017343
v 0.067928 -0.428882 1.017343
v -0.069338 -0.437780 0.986177
v -0.067928 -0.428881 0.986177
v -0.069338 -0.437780 1.017343
v -0.067928 -0.428881 1.017343
v -0.136968 -0.421544 0.986177
v -0.134184 -0.412975 0.986177
v -0.136968 -0.421544 1.017343
v -0.134184 -0.412975 1.017343
v -0.201226 -0.394927 0.986177
v -0.197135 -0.386900 0.986177
v -0.201226 -0.394927 1.017343
v -0.197135 -0.386900 1.017343
v -0.260528 -0.358586 0.986177
v -0.255233 -0.351298 0.986177
v -0.260529 -0.358586 1.017343
v -0.255233 -0.351298 1.017343
v -0.313416 -0.313416 0.986177
v -0.307045 -0.307045 0.986177
v -0.313416 -0.313416 1.017343
v -0.307046 -0.307045 1.017343
v -0.358587 -0.260528 0.986177
v -0.351298 -0.255233 0.986177
v -0.358587 -0.260528 1.017343
v -0.351298 -0.255233 1.017343
v -0.394927 -0.201226 0.986177
v -0.386900 -0.197135 0.986177
v -0.394927 -0.201226 1.017343
v -0.386900 -0.197135 1.017343
v -0.421544 -0.136968 0.986177
v -0.412975 -0.134184 0.986177
v -0.421544 -0.136968 1.017343
v -0.412975 -0.134184 1.017343
v -0.437780 -0.069338 0.986177
v -0.428882 -0.067928 0.986177
v -0.437780 -0.069338 1.017343
v -0.428882 -0.067928 1.017343
v -0.443237 -0.000000 0.986177
v -0.434228 0.000000 0.986177
v -0.443237 -0.000000 1.017343
v -0.434228 -0.000000 1.017343
v -0.437780 0.069338 0.986177
v -0.428882 0.067928 0.986177
v -0.437780 0.069338 1.017343
v -0.428882 0.067928 1.017343
v -0.421544 0.136968 0.986177
v -0.412975 0.134184 0.986177
v -0.421544 0.136968 1.017343
v -0.412975 0.134184 1.017343
v -0.394927 0.201226 0.986177
v -0.386900 0.197135 0.986177
v -0.394928 0.201225 1.017343
v -0.386900 0.197135 1.017343
v -0.358586 0.260528 0.986177
v -0.351298 0.255232 0.986177
v -0.358586 0.260528 1.017343
v -0.351298 0.255233 1.017343
v -0.313416 0.313416 0.986177
v -0.307045 0.307045 0.986177
v -0.313416 0.313416 1.017343
v -0.307045 0.307045 1.017343
v -0.260528 0.358586 0.986177
v -0.255233 0.351297 0.986177
v -0.260528 0.358586 1.017343
v -0.255233 0.351298 1.017343
v -0.201226 0.394927 0.986177
v -0.197135 0.386900 0.986177
v -0.201226 0.394927 1.017343
v -0.197135 0.386900 1.017343
v -0.136968 0.421544 0.986177
v -0.134184 0.412975 0.986177
v -0.136968 0.421544 1.017343
v -0.134184 0.412975 1.017343
v -0.069337 0.437780 0.986177
v -0.067928 0.428882 0.986177
v -0.069337 0.437780 1.017343
v -0.067928 0.428882 1.017343
v 0.000000 0.443237 0.986177
v 0.000000 0.434228 0.986177
v 0.000000 0.443237 1.017343
v 0.000000 0.434228 1.017343
v 0.069338 0.437780 0.986177
v 0.067928 0.428882 0.986177
v 0.069338 0.437780 1.017343
v 0.067928 0.428882 1.017343
v 0.136968 0.421544 0.986177
v 0.134184 0.412975 0.986177
v 0.136968 0.421544 1.017343
v 0.134184 0.412975 1.017343
v 0.201226 0.394927 0.986177
v 0.197135 0.386900 0.986177
v 0.201226 0.394927 1.017343
v 0.197135 0.386900 1.017343
v 0.260529 0.358586 0.986177
v 0.255233 0.351298 0.986177
v 0.260529 0.358586 1.017343
v 0.255233 0.351298 1.017343
v 0.313397 0.313396 0.986205
v 0.307026 0.307026 0.986205
v 0.313416 0.313416 1.017343
v 0.307046 0.307045 1.017343
v 0.358587 0.260528 0.986177
v 0.351298 0.255233 0.986177
v 0.358587 0.260528 1.017343
v 0.351298 0.255233 1.017343
v 0.394927 0.201226 0.986177
v 0.386900 0.197135 0.986177
v 0.394928 0.201225 1.017343
v 0.386900 0.197135 1.017343
v 0.421544 0.136968 0.986177
v 0.412975 0.134184 0.986177
v 0.421544 0.136968 1.017343
v 0.412975 0.134184 1.017343
v 0.437781 0.069337 0.986177
v 0.428882 0.067928 0.986177
v 0.437781 0.069337 1.017343
v 0.428882 0.067928 1.017343
v 0.443238 -0.000000 0.986177
v 0.434228 -0.000000 0.986177
v 0.443238 -0.000000 1.017343
v 0.434228 -0.000000 1.017343
v 0.437781 -0.069338 0.986177
v 0.428882 -0.067928 0.986177
v 0.437781 -0.069338 1.017343
v 0.428882 -0.067928 1.017343
v 0.421544 -0.136968 0.986177
v 0.412975 -0.134184 0.986177
v 0.421544 -0.136968 1.017343
v 0.412975 -0.134184 1.017343
v 0.394927 -0.201226 0.986177
v 0.386900 -0.197135 0.986177
v 0.394928 -0.201226 1.017343
v 0.386900 -0.197135 1.017343
v 0.358587 -0.260529 0.986177
v 0.351298 -0.255233 0.986177
v 0.358587 -0.260529 1.017343
v 0.351298 -0.255233 1.017343
v 0.313416 -0.313416 0.986177
v 0.307045 -0.307046 0.986177
v 0.313416 -0.313416 1.017343
v 0.307045 -0.307046 1.017343
v 0.260528 -0.358587 0.986177
v 0.255233 -0.351298 0.986177
v 0.260529 -0.358587 1.017343
v 0.255233 -0.351298 1.017343
v 0.201225 -0.394928 0.986177
v 0.197135 -0.386900 0.986177
v 0.201226 -0.394928 1.017343
v 0.197135 -0.386900 1.017343
v 0.136968 -0.421544 0.986177
v 0.134184 -0.412975 0.986177
v 0.136968 -0.421544 1.017343
v 0.134184 -0.412975 1.017343
v 0.069338 -0.437780 0.986177
v 0.067928 -0.428882 0.986177
v 0.069338 -0.437780 1.017343
v 0.067928 -0.428882 1.017343
v 0.000000 -0.415412 1.053014
v 0.064985 -0.410298 1.053014
v 0.054389 -0.343398 1.048996
v 0.000000 -0.347678 1.048996
v -0.064985 -0.410298 1.053014
v -0.054389 -0.343397 1.048996
v -0.128370 -0.395080 1.053014
v -0.107438 -0.330661 1.048996
v -0.188593 -0.370135 1.053014
v -0.157843 -0.309783 1.048996
v -0.244173 -0.336076 1.053014
v -0.204360 -0.281277 1.048996
v -0.293741 -0.293741 1.053014
v -0.245845 -0.245845 1.048996
v -0.336076 -0.244173 1.053014
v -0.281277 -0.204360 1.048996
v -0.370135 -0.188593 1.053014
v -0.309783 -0.157842 1.048996
v -0.395081 -0.128369 1.053014
v -0.330661 -0.107438 1.048996
v -0.410298 -0.064985 1.053014
v -0.343397 -0.054389 1.048996
v -0.415412 -0.000000 1.053014
v -0.347678 -0.000000 1.048996
v -0.410298 0.064985 1.053014
v -0.343397 0.054389 1.048996
v -0.395080 0.128370 1.053014
v -0.330661 0.107438 1.048996
v -0.370135 0.188593 1.053014
v -0.309783 0.157842 1.048996
v -0.336076 0.244173 1.053014
v -0.281277 0.204360 1.048996
v -0.293741 0.293741 1.053014
v -0.245845 0.245845 1.048996
v -0.244173 0.336075 1.053014
v -0.204360 0.281277 1.048996
v -0.188593 0.370135 1.053014
v -0.157842 0.309783 1.048996
v -0.128369 0.395080 1.053014
v -0.107438 0.330661 1.048996
v -0.064985 0.410298 1.053014
v -0.054389 0.343397 1.048996
v 0.000000 0.415412 1.053014
v 0.000000 0.347678 1.048996
v 0.064985 0.410298 1.053014
v 0.054389 0.343397 1.048996
v 0.128369 0.395081 1.053014
v 0.107439 0.330661 1.048996
v 0.188593 0.370135 1.053014
v 0.157843 0.309783 1.048996
v 0.244173 0.336075 1.053014
v 0.204360 0.281277 1.048996
v 0.293741 0.293741 1.053014
v 0.245846 0.245845 1.048996
v 0.336076 0.244173 1.053014
v 0.281278 0.204360 1.048996
v 0.370135 0.188593 1.053014
v 0.309783 0.157842 1.048996
v 0.395081 0.128369 1.053014
v 0.330662 0.107438 1.048996
v 0.410298 0.064985 1.053014
v 0.343398 0.054389 1.048996
v 0.415412 -0.000001 1.053014
v 0.347678 -0.000000 1.048996
v 0.410298 -0.064985 1.053014
v 0.343398 -0.054389 1.048996
v 0.395081 -0.128370 1.053014
v 0.330662 -0.107439 1.048996
v 0.370135 -0.188594 1.053014
v 0.309783 -0.157843 1.048996
v 0.336076 -0.244173 1.053014
v 0.281277 -0.204360 1.048996
v 0.293741 -0.293741 1.053014
v 0.245846 -0.245846 1.048996
v 0.244173 -0.336076 1.053014
v 0.204360 -0.281278 1.048996
v 0.188593 -0.370135 1.053014
v 0.157843 -0.309784 1.048996
v 0.128370 -0.395081 1.053014
v 0.107438 -0.330662 1.048996
v 0.069337 -0.437780 1.040816
v 0.136968 -0.421544 1.040816
v 0.142783 -0.439351 1.063433
v 0.072268 -0.456284 1.063433
v 0.128370 -0.395081 1.053014
v 0.064985 -0.410298 1.053014
v 0.065719 -0.414932 1.064257
v 0.129820 -0.399543 1.064257
v 0.201226 -0.394928 1.040816
v 0.209722 -0.411602 1.063477
v 0.188593 -0.370135 1.053014
v 0.190723 -0.374316 1.064257
v 0.260529 -0.358587 1.040816
v 0.271526 -0.373755 1.063433
v 0.244173 -0.336076 1.053014
v 0.246931 -0.339872 1.064257
v 0.313416 -0.313416 1.040816
v 0.326649 -0.326650 1.063477
v 0.293741 -0.293741 1.053014
v 0.297058 -0.297059 1.064257
v 0.358587 -0.260529 1.040816
v 0.373727 -0.271529 1.063477
v 0.336076 -0.244173 1.053014
v 0.339871 -0.246931 1.064257
v 0.394928 -0.201226 1.040816
v 0.411602 -0.209722 1.063477
v 0.370135 -0.188594 1.053014
v 0.374315 -0.190724 1.064257
v 0.421544 -0.136968 1.040816
v 0.439368 -0.142731 1.063433
v 0.395081 -0.128370 1.053014
v 0.399543 -0.129820 1.064257
v 0.437781 -0.069338 1.040816
v 0.456284 -0.072273 1.063433
v 0.410298 -0.064985 1.053014
v 0.414932 -0.065718 1.064257
v 0.443238 -0.000000 1.040816
v 0.461952 -0.000000 1.063477
v 0.415412 -0.000001 1.053014
v 0.420104 -0.000001 1.064257
v 0.437781 0.069337 1.040816
v 0.456277 0.072297 1.063433
v 0.410298 0.064985 1.053014
v 0.414932 0.065719 1.064257
v 0.421544 0.136968 1.040816
v 0.439343 0.142751 1.063477
v 0.395081 0.128369 1.053014
v 0.399543 0.129819 1.064257
v 0.394928 0.201225 1.040816
v 0.411630 0.209714 1.063433
v 0.370135 0.188593 1.053014
v 0.374315 0.190723 1.064257
v 0.358587 0.260528 1.040816
v 0.373759 0.271521 1.063433
v 0.336076 0.244173 1.053014
v 0.339872 0.246931 1.064257
v 0.313416 0.313416 1.040816
v 0.326677 0.326652 1.063433
v 0.293741 0.293741 1.053014
v 0.297058 0.297058 1.064257
v 0.260529 0.358586 1.040816
v 0.271537 0.373745 1.063433
v 0.244173 0.336075 1.053014
v 0.246931 0.339871 1.064257
v 0.201226 0.394927 1.040816
v 0.209705 0.411631 1.063433
v 0.188593 0.370135 1.053014
v 0.190723 0.374315 1.064257
v 0.136968 0.421544 1.040816
v 0.142742 0.439365 1.063433
v 0.128369 0.395081 1.053014
v 0.129819 0.399543 1.064257
v 0.069338 0.437780 1.040816
v 0.072265 0.456264 1.063477
v 0.064985 0.410298 1.053014
v 0.065719 0.414932 1.064257
v 0.000000 0.443237 1.040816
v 0.000015 0.461973 1.063433
v 0.000000 0.415412 1.053014
v 0.000000 0.420104 1.064257
v -0.069337 0.437780 1.040816
v -0.072265 0.456264 1.063477
v -0.064985 0.410298 1.053014
v -0.065719 0.414932 1.064257
v -0.136968 0.421544 1.040816
v -0.142754 0.439362 1.063433
v -0.128369 0.395080 1.053014
v -0.129819 0.399542 1.064257
v -0.201226 0.394927 1.040816
v -0.209735 0.411617 1.063433
v -0.188593 0.370135 1.053014
v -0.190723 0.374315 1.064257
v -0.260528 0.358586 1.040816
v -0.271540 0.373743 1.063433
v -0.244173 0.336075 1.053014
v -0.246931 0.339871 1.064257
v -0.313416 0.313416 1.040816
v -0.326660 0.326667 1.063433
v -0.293741 0.293741 1.053014
v -0.297058 0.297058 1.064257
v -0.358586 0.260528 1.040816
v -0.373727 0.271529 1.063477
v -0.336076 0.244173 1.053014
v -0.339871 0.246931 1.064257
v -0.394928 0.201225 1.040816
v -0.411612 0.209750 1.063433
v -0.370135 0.188593 1.053014
v -0.374315 0.190723 1.064257
v -0.421544 0.136968 1.040816
v -0.439355 0.142784 1.063433
v -0.395080 0.128370 1.053014
v -0.399543 0.129820 1.064257
v -0.437780 0.069338 1.040816
v -0.456283 0.072281 1.063433
v -0.410298 0.064985 1.053014
v -0.414932 0.065719 1.064257
v -0.443237 -0.000000 1.040816
v -0.461971 -0.000007 1.063433
v -0.415412 -0.000000 1.053014
v -0.420104 -0.000000 1.064257
v -0.437780 -0.069338 1.040816
v -0.456264 -0.072265 1.063477
v -0.410298 -0.064985 1.053014
v -0.414932 -0.065719 1.064257
v -0.421544 -0.136968 1.040816
v -0.439358 -0.142765 1.063433
v -0.395081 -0.128369 1.053014
v -0.399543 -0.129819 1.064257
v -0.394927 -0.201226 1.040816
v -0.411625 -0.209722 1.063433
v -0.370135 -0.188593 1.053014
v -0.374315 -0.190723 1.064257
v -0.358587 -0.260528 1.040816
v -0.373727 -0.271529 1.063477
v -0.336076 -0.244173 1.053014
v -0.339871 -0.246931 1.064257
v -0.313416 -0.313416 1.040816
v -0.326660 -0.326666 1.063433
v -0.293741 -0.293741 1.053014
v -0.297058 -0.297058 1.064257
v -0.260529 -0.358586 1.040816
v -0.271529 -0.373727 1.063477
v -0.244173 -0.336076 1.053014
v -0.246931 -0.339871 1.064257
v -0.201226 -0.394927 1.040816
v -0.209752 -0.411611 1.063433
v -0.188593 -0.370135 1.053014
v -0.190723 -0.374315 1.064257
v -0.136968 -0.421544 1.040816
v -0.142751 -0.439342 1.063477
v -0.128370 -0.395080 1.053014
v -0.129819 -0.399542 1.064257
v -0.069338 -0.437780 1.040816
v -0.072255 -0.456285 1.063433
v -0.064985 -0.410298 1.053014
v -0.065719 -0.414932 1.064257
v -0.000000 -0.443237 1.040816
v 0.000000 -0.461971 1.063433
v 0.000000 -0.415412 1.053014
v 0.000000 -0.420104 1.064257
v 0.067928 -0.428882 0.966786
v 0.067928 -0.428882 0.977195
v 0.134184 -0.412975 0.977195
v 0.134184 -0.412975 0.966786
v 0.197135 -0.386900 0.977195
v 0.197135 -0.386900 0.966786
v 0.255233 -0.351298 0.977195
v 0.255233 -0.351298 0.966786
v 0.307045 -0.307046 0.977195
v 0.307045 -0.307046 0.966786
v 0.351298 -0.255233 0.977195
v 0.351298 -0.255233 0.966786
v 0.386900 -0.197135 0.977195
v 0.386900 -0.197135 0.966786
v 0.412975 -0.134184 0.977195
v 0.412975 -0.134184 0.966786
v 0.428882 -0.067928 0.977195
v 0.428882 -0.067928 0.966786
v 0.434228 -0.000000 0.977195
v 0.434228 -0.000000 0.966786
v 0.428882 0.067928 0.977195
v 0.428882 0.067928 0.966786
v 0.412975 0.134184 0.977195
v 0.412975 0.134184 0.966786
v 0.386900 0.197135 0.977195
v 0.386900 0.197135 0.966786
v 0.351298 0.255233 0.977195
v 0.351298 0.255233 0.966786
v 0.307046 0.307045 0.977195
v 0.307046 0.307045 0.966786
v 0.255233 0.351298 0.977195
v 0.255233 0.351298 0.966786
v 0.197135 0.386900 0.977195
v 0.197135 0.386900 0.966786
v 0.134184 0.412975 0.977195
v 0.134184 0.412975 0.966786
v 0.067928 0.428882 0.977195
v 0.067928 0.428882 0.966786
v 0.000000 0.434228 0.977195
v 0.000000 0.434228 0.966786
v -0.067928 0.428882 0.977195
v -0.067928 0.428882 0.966786
v -0.134184 0.412975 0.977195
v -0.134184 0.412975 0.966786
v -0.197135 0.386900 0.977195
v -0.197135 0.386900 0.966786
v -0.255233 0.351298 0.977195
v -0.255233 0.351298 0.966786
v -0.307045 0.307045 0.977195
v -0.307045 0.307045 0.966786
v -0.351298 0.255233 0.977195
v -0.351298 0.255233 0.966786
v -0.386900 0.197135 0.977195
v -0.386900 0.197135 0.966786
v -0.412975 0.134184 0.977195
v -0.412975 0.134184 0.966786
v -0.428882 0.067928 0.977195
v -0.428882 0.067928 0.966786
v -0.434228 -0.000000 0.977195
v -0.434228 -0.000000 0.966786
v -0.428882 -0.067928 0.977195
v -0.428882 -0.067928 0.966786
v -0.412975 -0.134184 0.977195
v -0.412975 -0.134184 0.966786
v -0.386900 -0.197135 0.977195
v -0.386900 -0.197135 0.966786
v -0.351298 -0.255233 0.977195
v -0.351298 -0.255233 0.966786
v -0.307045 -0.307045 0.977195
v -0.307045 -0.307045 0.966786
v -0.255233 -0.351298 0.977195
v -0.255233 -0.351298 0.966786
v -0.197135 -0.386900 0.977195
v -0.197135 -0.386900 0.966786
v -0.134184 -0.412975 0.977195
v -0.134184 -0.412975 0.966786
v -0.067928 -0.428882 0.977195
v -0.067928 -0.428882 0.966786
v 0.000000 -0.434228 0.977195
v 0.000000 -0.434228 0.966786
v 0.067928 -0.428882 0.977195
v 0.067928 -0.428882 0.966786
v 0.069324 -0.437697 1.054820
v 0.066651 -0.420819 1.055156
v 0.131661 -0.405211 1.055156
v 0.136942 -0.421463 1.054820
v 0.193429 -0.379626 1.055156
v 0.201187 -0.394852 1.054820
v 0.250434 -0.344693 1.055156
v 0.260479 -0.358518 1.054820
v 0.301273 -0.301273 1.055156
v 0.313356 -0.313356 1.054820
v 0.344693 -0.250434 1.055156
v 0.358518 -0.260479 1.054820
v 0.379626 -0.193429 1.055156
v 0.394852 -0.201187 1.054820
v 0.405211 -0.131661 1.055156
v 0.421463 -0.136942 1.054820
v 0.420819 -0.066651 1.055156
v 0.437697 -0.069325 1.054820
v 0.426064 -0.000000 1.055156
v 0.443153 -0.000000 1.054820
v 0.420819 0.066651 1.055156
v 0.437697 0.069324 1.054820
v 0.405211 0.131661 1.055156
v 0.421463 0.136942 1.054820
v 0.379626 0.193429 1.055156
v 0.394852 0.201187 1.054820
v 0.344693 0.250434 1.055156
v 0.358518 0.260478 1.054820
v 0.301273 0.301273 1.055156
v 0.313356 0.313356 1.054820
v 0.250434 0.344693 1.055156
v 0.260479 0.358518 1.054820
v 0.193429 0.379626 1.055156
v 0.201187 0.394852 1.054820
v 0.131661 0.405211 1.055156
v 0.136942 0.421463 1.054820
v 0.066651 0.420819 1.055156
v 0.069324 0.437697 1.054820
v 0.000000 0.426064 1.055156
v 0.000000 0.443152 1.054820
v -0.066651 0.420819 1.055156
v -0.069324 0.437697 1.054820
v -0.131661 0.405211 1.055156
v -0.136942 0.421463 1.054820
v -0.193429 0.379626 1.055156
v -0.201187 0.394852 1.054820
v -0.250434 0.344693 1.055156
v -0.260478 0.358518 1.054820
v -0.301273 0.301273 1.055156
v -0.313356 0.313356 1.054820
v -0.344693 0.250434 1.055156
v -0.358518 0.260479 1.054820
v -0.379626 0.193429 1.055156
v -0.394852 0.201187 1.054820
v -0.405211 0.131661 1.055156
v -0.421463 0.136942 1.054819
v -0.420819 0.066651 1.055156
v -0.437697 0.069324 1.054820
v -0.426064 -0.000000 1.055156
v -0.443152 -0.000000 1.054820
v -0.420819 -0.066651 1.055156
v -0.437697 -0.069324 1.054820
v -0.405211 -0.131661 1.055156
v -0.421463 -0.136942 1.054820
v -0.379626 -0.193429 1.055156
v -0.394852 -0.201187 1.054820
v -0.344693 -0.250434 1.055156
v -0.358518 -0.260478 1.054820
v -0.301273 -0.301273 1.055156
v -0.313356 -0.313356 1.054820
v -0.250434 -0.344693 1.055156
v -0.260479 -0.358518 1.054820
v -0.193429 -0.379626 1.055156
v -0.201187 -0.394852 1.054820
v -0.131661 -0.405211 1.055156
v -0.136942 -0.421463 1.054819
v -0.066651 -0.420819 1.055156
v -0.069324 -0.437697 1.054820
v 0.000000 -0.426064 1.055156
v 0.000000 -0.443152 1.054820
v 0.054343 -0.343105 1.039981
v 0.040757 -0.257329 1.050880
v 0.080510 -0.247785 1.050880
v 0.107347 -0.330380 1.039981
v 0.118281 -0.232140 1.050880
v 0.157708 -0.309520 1.039981
v 0.153140 -0.210779 1.050880
v 0.204186 -0.281038 1.039981
v 0.184227 -0.184227 1.050880
v 0.245636 -0.245636 1.039981
v 0.210779 -0.153140 1.050880
v 0.281038 -0.204186 1.039981
v 0.232140 -0.118281 1.050880
v 0.309520 -0.157708 1.039981
v 0.247785 -0.080510 1.050880
v 0.330380 -0.107347 1.039981
v 0.257329 -0.040757 1.050880
v 0.343106 -0.054343 1.039981
v 0.260537 -0.000000 1.050880
v 0.347382 -0.000000 1.039981
v 0.257329 0.040757 1.050880
v 0.343106 0.054342 1.039981
v 0.247785 0.080510 1.050880
v 0.330380 0.107347 1.039981
v 0.232140 0.118281 1.050880
v 0.309520 0.157708 1.039981
v 0.210779 0.153140 1.050880
v 0.281038 0.204186 1.039981
v 0.184227 0.184227 1.050880
v 0.245636 0.245636 1.039981
v 0.153140 0.210779 1.050880
v 0.204186 0.281038 1.039981
v 0.118281 0.232140 1.050880
v 0.157708 0.309520 1.039981
v 0.080510 0.247785 1.050880
v 0.107347 0.330380 1.039981
v 0.040757 0.257329 1.050880
v 0.054343 0.343105 1.039981
v 0.000000 0.260537 1.050880
v 0.000000 0.347382 1.039981
v -0.040757 0.257329 1.050880
v -0.054342 0.343105 1.039981
v -0.080510 0.247785 1.050880
v -0.107347 0.330380 1.039981
v -0.118281 0.232140 1.050880
v -0.157708 0.309520 1.039981
v -0.153140 0.210779 1.050880
v -0.204186 0.281038 1.039981
v -0.184227 0.184227 1.050880
v -0.245636 0.245636 1.039981
v -0.210779 0.153140 1.050880
v -0.281038 0.204186 1.039981
v -0.232140 0.118281 1.050880
v -0.309520 0.157708 1.039981
v -0.247785 0.080510 1.050880
v -0.330380 0.107347 1.039981
v -0.257329 0.040757 1.050880
v -0.343105 0.054343 1.039981
v -0.260537 -0.000000 1.050880
v -0.347382 -0.000000 1.039981
v -0.257329 -0.040757 1.050880
v -0.343105 -0.054343 1.039981
v -0.247785 -0.080510 1.050880
v -0.330380 -0.107347 1.039981
v -0.232140 -0.118281 1.050880
v -0.309520 -0.157708 1.039981
v -0.210779 -0.153140 1.050880
v -0.281038 -0.204186 1.039981
v -0.184227 -0.184227 1.050880
v -0.245636 -0.245636 1.039981
v -0.153140 -0.210779 1.050880
v -0.204186 -0.281038 1.039981
v -0.118281 -0.232140 1.050880
v -0.157708 -0.309520 1.039981
v -0.080510 -0.247785 1.050880
v -0.107347 -0.330380 1.039981
v -0.040757 -0.257329 1.050880
v -0.054343 -0.343105 1.039981
v -0.000000 -0.260537 1.050880
v 0.000000 -0.347382 1.039981
v 0.027171 -0.171553 1.066204
v 0.053674 -0.165190 1.066204
v 0.078854 -0.154760 1.066204
v 0.102093 -0.140519 1.066204
v 0.122818 -0.122818 1.066204
v 0.140519 -0.102093 1.066204
v 0.154760 -0.078854 1.066204
v 0.165190 -0.053674 1.066204
v 0.171553 -0.027171 1.066204
v 0.173691 -0.000000 1.066204
v 0.171553 0.027171 1.066204
v 0.165190 0.053673 1.066204
v 0.154760 0.078854 1.066204
v 0.140519 0.102093 1.066204
v 0.122818 0.122818 1.066204
v 0.102093 0.140519 1.066204
v 0.078854 0.154760 1.066204
v 0.053674 0.165190 1.066204
v 0.027171 0.171553 1.066204
v 0.000000 0.173691 1.066204
v -0.027171 0.171553 1.066204
v -0.053673 0.165190 1.066204
v -0.078854 0.154760 1.066204
v -0.102093 0.140519 1.066204
v -0.122818 0.122818 1.066204
v -0.140519 0.102093 1.066204
v -0.154760 0.078854 1.066204
v -0.165190 0.053673 1.066204
v -0.171553 0.027171 1.066204
v -0.173691 -0.000000 1.066204
v -0.171553 -0.027171 1.066204
v -0.165190 -0.053674 1.066204
v -0.154760 -0.078854 1.066204
v -0.140519 -0.102093 1.066204
v -0.122818 -0.122818 1.066204
v -0.102093 -0.140519 1.066204
v -0.078854 -0.154760 1.066204
v -0.053673 -0.165190 1.066204
v -0.027171 -0.171553 1.066204
v 0.000000 -0.173691 1.066204
v 0.000000 -0.425218 0.977195
v 0.000000 -0.425218 1.026325
v 0.066519 -0.419983 1.026325
v 0.066519 -0.419983 0.977195
v -0.066519 -0.419983 0.977195
v -0.066519 -0.419983 1.026325
v -0.131400 -0.404406 0.977195
v -0.131400 -0.404406 1.026325
v -0.193045 -0.378872 0.977195
v -0.193045 -0.378872 1.026325
v -0.249937 -0.344009 0.977195
v -0.249937 -0.344009 1.026325
v -0.300675 -0.300675 0.977195
v -0.300675 -0.300675 1.026325
v -0.344009 -0.249937 0.977195
v -0.344009 -0.249937 1.026325
v -0.378872 -0.193045 0.977195
v -0.378872 -0.193045 1.026325
v -0.404406 -0.131400 0.977195
v -0.404406 -0.131400 1.026325
v -0.419983 -0.066519 0.977195
v -0.419983 -0.066519 1.026325
v -0.425218 -0.000000 0.977195
v -0.425218 -0.000000 1.026325
v -0.419983 0.066519 0.977195
v -0.419983 0.066519 1.026325
v -0.404406 0.131400 0.977195
v -0.404406 0.131400 1.026325
v -0.378872 0.193045 0.977195
v -0.378872 0.193045 1.026325
v -0.344009 0.249937 0.977195
v -0.344009 0.249937 1.026325
v -0.300675 0.300675 0.977195
v -0.300675 0.300675 1.026325
v -0.249937 0.344009 0.977195
v -0.249937 0.344009 1.026325
v -0.193045 0.378872 0.977195
v -0.193045 0.378872 1.026325
v -0.131400 0.404406 0.977195
v -0.131400 0.404406 1.026325
v -0.066519 0.419983 0.977195
v -0.066519 0.419983 1.026325
v 0.000000 0.425218 0.977195
v 0.000000 0.425218 1.026325
v 0.066519 0.419983 0.977195
v 0.066519 0.419983 1.026325
v 0.131400 0.404406 0.977195
v 0.131400 0.404406 1.026325
v 0.193045 0.378872 0.977195
v 0.193045 0.378872 1.026325
v 0.249937 0.344009 0.977195
v 0.249937 0.344009 1.026325
v 0.300675 0.300675 0.977195
v 0.300675 0.300675 1.026325
v 0.344009 0.249937 0.977195
v 0.344009 0.249937 1.026325
v 0.378872 0.193045 0.977195
v 0.378872 0.193045 1.026325
v 0.404407 0.131399 0.977195
v 0.404407 0.131399 1.026325
v 0.419983 0.066519 0.977195
v 0.419983 0.066519 1.026325
v 0.425218 -0.000000 0.977195
v 0.425218 -0.000000 1.026325
v 0.419983 -0.066519 0.977195
v 0.419983 -0.066519 1.026325
v 0.404407 -0.131400 0.977195
v 0.404407 -0.131400 1.026325
v 0.378872 -0.193045 0.977195
v 0.378872 -0.193045 1.026325
v 0.344009 -0.249937 0.977195
v 0.344009 -0.249937 1.026325
v 0.300675 -0.300675 0.977195
v 0.300675 -0.300675 1.026325
v 0.249937 -0.344009 0.977195
v 0.249937 -0.344009 1.026325
v 0.193045 -0.378872 0.977195
v 0.193045 -0.378872 1.026325
v 0.131400 -0.404407 0.977195
v 0.131400 -0.404407 1.026325
v 0.066519 -0.419983 0.977195
v 0.066519 -0.419983 1.026325
v 0.000000 -0.434228 1.026325
v 0.000000 -0.434228 1.044045
v 0.067928 -0.428882 1.044045
v 0.067928 -0.428882 1.026325
v -0.067928 -0.428882 1.026325
v -0.067928 -0.428882 1.044045
v -0.134184 -0.412975 1.026325
v -0.134184 -0.412975 1.044045
v -0.197135 -0.386900 1.026325
v -0.197135 -0.386900 1.044045
v -0.255233 -0.351298 1.026325
v -0.255233 -0.351298 1.044045
v -0.307045 -0.307045 1.026325
v -0.307045 -0.307045 1.044045
v -0.351298 -0.255233 1.026325
v -0.351298 -0.255233 1.044045
v -0.386900 -0.197135 1.026325
v -0.386900 -0.197135 1.044045
v -0.412975 -0.134184 1.026325
v -0.412975 -0.134184 1.044045
v -0.428882 -0.067928 1.026325
v -0.428882 -0.067928 1.044045
v -0.434228 -0.000000 1.026325
v -0.434228 -0.000000 1.044045
v -0.428882 0.067928 1.026325
v -0.428882 0.067928 1.044045
v -0.412975 0.134184 1.026325
v -0.412975 0.134184 1.044045
v -0.386900 0.197135 1.026325
v -0.386900 0.197135 1.044045
v -0.351298 0.255233 1.026325
v -0.351298 0.255233 1.044045
v -0.307045 0.307045 1.026325
v -0.307045 0.307045 1.044045
v -0.255233 0.351298 1.026325
v -0.255233 0.351298 1.044045
v -0.197135 0.386900 1.026325
v -0.197135 0.386900 1.044045
v -0.134184 0.412975 1.026325
v -0.134184 0.412975 1.044045
v -0.067928 0.428882 1.026325
v -0.067928 0.428882 1.044045
v 0.000000 0.434228 1.026325
v 0.000000 0.434228 1.044045
v 0.067928 0.428882 1.026325
v 0.067928 0.428882 1.044045
v 0.134184 0.412975 1.026325
v 0.134184 0.412975 1.044045
v 0.197135 0.386900 1.026325
v 0.197135 0.386900 1.044045
v 0.255233 0.351298 1.026325
v 0.255233 0.351298 1.044045
v 0.307046 0.307045 1.026325
v 0.307046 0.307045 1.044045
v 0.351298 0.255233 1.026325
v 0.351298 0.255233 1.044045
v 0.386900 0.197135 1.026325
v 0.386900 0.197135 1.044045
v 0.412975 0.134184 1.026325
v 0.412975 0.134184 1.044045
v 0.428882 0.067928 1.026325
v 0.428882 0.067928 1.044045
v 0.434228 -0.000000 1.026325
v 0.434228 -0.000000 1.044045
v 0.428882 -0.067928 1.026325
v 0.428882 -0.067928 1.044045
v 0.412975 -0.134184 1.026325
v 0.412975 -0.134184 1.044045
v 0.386900 -0.197135 1.026325
v 0.386900 -0.197135 1.044045
v 0.351298 -0.255233 1.026325
v 0.351298 -0.255233 1.044045
v 0.307045 -0.307046 1.026325
v 0.307045 -0.307046 1.044045
v 0.255233 -0.351298 1.026325
v 0.255233 -0.351298 1.044045
v 0.197135 -0.386900 1.026325
v 0.197135 -0.386900 1.044045
v 0.134184 -0.412975 1.026325
v 0.134184 -0.412975 1.044045
v 0.067928 -0.428882 1.026325
v 0.067928 -0.428882 1.044045
v 0.000000 -0.434228 0.977195
v 0.000000 -0.425218 0.977195
v 0.066519 -0.419983 0.977195
v 0.067928 -0.428882 0.977195
v 0.067928 -0.428882 1.026325
v 0.066519 -0.419983 1.026325
v 0.000000 -0.425218 1.026325
v 0.000000 -0.434228 1.026325
v -0.067928 -0.428882 0.977195
v -0.066519 -0.419983 0.977195
v -0.066519 -0.419983 1.026325
v -0.067928 -0.428882 1.026325
v -0.134184 -0.412975 0.977195
v -0.131400 -0.404406 0.977195
v -0.131400 -0.404406 1.026325
v -0.134184 -0.412975 1.026325
v -0.197135 -0.386900 0.977195
v -0.193045 -0.378872 0.977195
v -0.193045 -0.378872 1.026325
v -0.197135 -0.386900 1.026325
v -0.255233 -0.351298 0.977195
v -0.249937 -0.344009 0.977195
v -0.249937 -0.344009 1.026325
v -0.255233 -0.351298 1.026325
v -0.307045 -0.307045 0.977195
v -0.300675 -0.300675 0.977195
v -0.300675 -0.300675 1.026325
v -0.307045 -0.307045 1.026325
v -0.351298 -0.255233 0.977195
v -0.344009 -0.249937 0.977195
v -0.344009 -0.249937 1.026325
v -0.351298 -0.255233 1.026325
v -0.386900 -0.197135 0.977195
v -0.378872 -0.193045 0.977195
v -0.378872 -0.193045 1.026325
v -0.386900 -0.197135 1.026325
v -0.412975 -0.134184 0.977195
v -0.404406 -0.131400 0.977195
v -0.404406 -0.131400 1.026325
v -0.412975 -0.134184 1.026325
v -0.428882 -0.067928 0.977195
v -0.419983 -0.066519 0.977195
v -0.419983 -0.066519 1.026325
v -0.428882 -0.067928 1.026325
v -0.434228 -0.000000 0.977195
v -0.425218 -0.000000 0.977195
v -0.425218 -0.000000 1.026325
v -0.434228 -0.000000 1.026325
v -0.428882 0.067928 0.977195
v -0.419983 0.066519 0.977195
v -0.419983 0.066519 1.026325
v -0.428882 0.067928 1.026325
v -0.412975 0.134184 0.977195
v -0.404406 0.131400 0.977195
v -0.404406 0.131400 1.026325
v -0.412975 0.134184 1.026325
v -0.386900 0.197135 0.977195
v -0.378872 0.193045 0.977195
v -0.378872 0.193045 1.026325
v -0.386900 0.197135 1.026325
v -0.351298 0.255233 0.977195
v -0.344009 0.249937 0.977195
v -0.344009 0.249937 1.026325
v -0.351298 0.255233 1.026325
v -0.307045 0.307045 0.977195
v -0.300675 0.300675 0.977195
v -0.300675 0.300675 1.026325
v -0.307045 0.307045 1.026325
v -0.255233 0.351298 0.977195
v -0.249937 0.344009 0.977195
v -0.249937 0.344009 1.026325
v -0.255233 0.351298 1.026325
v -0.197135 0.386900 0.977195
v -0.193045 0.378872 0.977195
v -0.193045 0.378872 1.026325
v -0.197135 0.386900 1.026325
v -0.134184 0.412975 0.977195
v -0.131400 0.404406 0.977195
v -0.131400 0.404406 1.026325
v -0.134184 0.412975 1.026325
v -0.067928 0.428882 0.977195
v -0.066519 0.419983 0.977195
v -0.066519 0.419983 1.026325
v -0.067928 0.428882 1.026325
v 0.000000 0.434228 0.977195
v 0.000000 0.425218 0.977195
v 0.000000 0.425218 1.026325
v 0.000000 0.434228 1.026325
v 0.067928 0.428882 0.977195
v 0.066519 0.419983 0.977195
v 0.066519 0.419983 1.026325
v 0.067928 0.428882 1.026325
v 0.134184 0.412975 0.977195
v 0.131400 0.404406 0.977195
v 0.131400 0.404406 1.026325
v 0.134184 0.412975 1.026325
v 0.197135 0.386900 0.977195
v 0.193045 0.378872 0.977195
v 0.193045 0.378872 1.026325
v 0.197135 0.386900 1.026325
v 0.255233 0.351298 0.977195
v 0.249937 0.344009 0.977195
v 0.249937 0.344009 1.026325
v 0.255233 0.351298 1.026325
v 0.307046 0.307045 0.977195
v 0.300675 0.300675 0.977195
v 0.300675 0.300675 1.026325
v 0.307046 0.307045 1.026325
v 0.351298 0.255233 0.977195
v 0.344009 0.249937 0.977195
v 0.344009 0.249937 1.026325
v 0.351298 0.255233 1.026325
v 0.386900 0.197135 0.977195
v 0.378872 0.193045 0.977195
v 0.378872 0.193045 1.026325
v 0.386900 0.197135 1.026325
v 0.412975 0.134184 0.977195
v 0.404407 0.131399 0.977195
v 0.404407 0.131399 1.026325
v 0.412975 0.134184 1.026325
v 0.428882 0.067928 0.977195
v 0.419983 0.066519 0.977195
v 0.419983 0.066519 1.026325
v 0.428882 0.067928 1.026325
v 0.434228 -0.000000 0.977195
v 0.425218 -0.000000 0.977195
v 0.425218 -0.000000 1.026325
v 0.434228 -0.000000 1.026325
v 0.428882 -0.067928 0.977195
v 0.419983 -0.066519 0.977195
v 0.419983 -0.066519 1.026325
v 0.428882 -0.067928 1.026325
v 0.412975 -0.134184 0.977195
v 0.404407 -0.131400 0.977195
v 0.404407 -0.131400 1.026325
v 0.412975 -0.134184 1.026325
v 0.386900 -0.197135 0.977195
v 0.378872 -0.193045 0.977195
v 0.378872 -0.193045 1.026325
v 0.386900 -0.197135 1.026325
v 0.351298 -0.255233 0.977195
v 0.344009 -0.249937 0.977195
v 0.344009 -0.249937 1.026325
v 0.351298 -0.255233 1.026325
v 0.307045 -0.307046 0.977195
v 0.300675 -0.300675 0.977195
v 0.300675 -0.300675 1.026325
v 0.307045 -0.307046 1.026325
v 0.255233 -0.351298 0.977195
v 0.249937 -0.344009 0.977195
v 0.249937 -0.344009 1.026325
v 0.255233 -0.351298 1.026325
v 0.197135 -0.386900 0.977195
v 0.193045 -0.378872 0.977195
v 0.193045 -0.378872 1.026325
v 0.197135 -0.386900 1.026325
v 0.134184 -0.412975 0.977195
v 0.131400 -0.404407 0.977195
v 0.131400 -0.404407 1.026325
v 0.134184 -0.412975 1.026325
v 0.067928 -0.428882 0.977195
v 0.066519 -0.419983 0.977195
v 0.066519 -0.419983 1.026325
v 0.067928 -0.428882 1.026325
v 0.000000 -0.421568 1.044381
v 0.065948 -0.416378 1.044381
v -0.065948 -0.416378 1.044381
v -0.130272 -0.400935 1.044381
v -0.191388 -0.375620 1.044381
v -0.247791 -0.341056 1.044381
v -0.298094 -0.298094 1.044381
v -0.341056 -0.247791 1.044381
v -0.375620 -0.191388 1.044381
v -0.400935 -0.130272 1.044381
v -0.416378 -0.065948 1.044381
v -0.421568 -0.000000 1.044381
v -0.416378 0.065948 1.044381
v -0.400935 0.130272 1.044381
v -0.375620 0.191388 1.044381
v -0.341056 0.247791 1.044381
v -0.298094 0.298094 1.044381
v -0.247791 0.341056 1.044381
v -0.191388 0.375620 1.044381
v -0.130272 0.400935 1.044381
v -0.065948 0.416378 1.044381
v 0.000000 0.421568 1.044381
v 0.065948 0.416378 1.044381
v 0.130272 0.400935 1.044381
v 0.191388 0.375620 1.044381
v 0.247792 0.341056 1.044381
v 0.298094 0.298093 1.044381
v 0.341056 0.247791 1.044381
v 0.375620 0.191388 1.044381
v 0.400935 0.130272 1.044381
v 0.416378 0.065948 1.044381
v 0.421568 -0.000000 1.044381
v 0.416378 -0.065948 1.044381
v 0.400935 -0.130272 1.044381
v 0.375620 -0.191388 1.044381
v 0.341056 -0.247792 1.044381
v 0.298094 -0.298094 1.044381
v 0.247791 -0.341056 1.044381
v 0.191388 -0.375620 1.044381
v 0.130272 -0.400935 1.044381
v 0.067928 -0.428882 1.044045
v 0.069324 -0.437697 1.054820
v 0.136942 -0.421463 1.054820
v 0.134184 -0.412975 1.044045
v 0.130272 -0.400935 1.044381
v 0.131661 -0.405211 1.055156
v 0.066651 -0.420819 1.055156
v 0.065948 -0.416378 1.044381
v 0.201187 -0.394852 1.054820
v 0.197135 -0.386900 1.044045
v 0.191388 -0.375620 1.044381
v 0.193429 -0.379626 1.055156
v 0.260479 -0.358518 1.054820
v 0.255233 -0.351298 1.044045
v 0.247791 -0.341056 1.044381
v 0.250434 -0.344693 1.055156
v 0.313356 -0.313356 1.054820
v 0.307045 -0.307046 1.044045
v 0.298094 -0.298094 1.044381
v 0.301273 -0.301273 1.055156
v 0.358518 -0.260479 1.054820
v 0.351298 -0.255233 1.044045
v 0.341056 -0.247792 1.044381
v 0.344693 -0.250434 1.055156
v 0.394852 -0.201187 1.054820
v 0.386900 -0.197135 1.044045
v 0.375620 -0.191388 1.044381
v 0.379626 -0.193429 1.055156
v 0.421463 -0.136942 1.054820
v 0.412975 -0.134184 1.044045
v 0.400935 -0.130272 1.044381
v 0.405211 -0.131661 1.055156
v 0.437697 -0.069325 1.054820
v 0.428882 -0.067928 1.044045
v 0.416378 -0.065948 1.044381
v 0.420819 -0.066651 1.055156
v 0.443153 -0.000000 1.054820
v 0.434228 -0.000000 1.044045
v 0.421568 -0.000000 1.044381
v 0.426064 -0.000000 1.055156
v 0.437697 0.069324 1.054820
v 0.428882 0.067928 1.044045
v 0.416378 0.065948 1.044381
v 0.420819 0.066651 1.055156
v 0.421463 0.136942 1.054820
v 0.412975 0.134184 1.044045
v 0.400935 0.130272 1.044381
v 0.405211 0.131661 1.055156
v 0.394852 0.201187 1.054820
v 0.386900 0.197135 1.044045
v 0.375620 0.191388 1.044381
v 0.379626 0.193429 1.055156
v 0.358518 0.260478 1.054820
v 0.351298 0.255233 1.044045
v 0.341056 0.247791 1.044381
v 0.344693 0.250434 1.055156
v 0.313356 0.313356 1.054820
v 0.307046 0.307045 1.044045
v 0.298094 0.298093 1.044381
v 0.301273 0.301273 1.055156
v 0.260479 0.358518 1.054820
v 0.255233 0.351298 1.044045
v 0.247792 0.341056 1.044381
v 0.250434 0.344693 1.055156
v 0.201187 0.394852 1.054820
v 0.197135 0.386900 1.044045
v 0.191388 0.375620 1.044381
v 0.193429 0.379626 1.055156
v 0.136942 0.421463 1.054820
v 0.134184 0.412975 1.044045
v 0.130272 0.400935 1.044381
v 0.131661 0.405211 1.055156
v 0.069324 0.437697 1.054820
v 0.067928 0.428882 1.044045
v 0.065948 0.416378 1.044381
v 0.066651 0.420819 1.055156
v 0.000000 0.443152 1.054820
v 0.000000 0.434228 1.044045
v 0.000000 0.421568 1.044381
v 0.000000 0.426064 1.055156
v -0.069324 0.437697 1.054820
v -0.067928 0.428882 1.044045
v -0.065948 0.416378 1.044381
v -0.066651 0.420819 1.055156
v -0.136942 0.421463 1.054820
v -0.134184 0.412975 1.044045
v -0.130272 0.400935 1.044381
v -0.131661 0.405211 1.055156
v -0.201187 0.394852 1.054820
v -0.197135 0.386900 1.044045
v -0.191388 0.375620 1.044381
v -0.193429 0.379626 1.055156
v -0.260478 0.358518 1.054820
v -0.255233 0.351298 1.044045
v -0.247791 0.341056 1.044381
v -0.250434 0.344693 1.055156
v -0.313356 0.313356 1.054820
v -0.307045 0.307045 1.044045
v -0.298094 0.298094 1.044381
v -0.301273 0.301273 1.055156
v -0.358518 0.260479 1.054820
v -0.351298 0.255233 1.044045
v -0.341056 0.247791 1.044381
v -0.344693 0.250434 1.055156
v -0.394852 0.201187 1.054820
v -0.386900 0.197135 1.044045
v -0.375620 0.191388 1.044381
v -0.379626 0.193429 1.055156
v -0.421463 0.136942 1.054819
v -0.412975 0.134184 1.044045
v -0.400935 0.130272 1.044381
v -0.405211 0.131661 1.055156
v -0.437697 0.069324 1.054820
v -0.428882 0.067928 1.044045
v -0.416378 0.065948 1.044381
v -0.420819 0.066651 1.055156
v -0.443152 -0.000000 1.054820
v -0.434228 -0.000000 1.044045
v -0.421568 -0.000000 1.044381
v -0.426064 -0.000000 1.055156
v -0.437697 -0.069324 1.054820
v -0.428882 -0.067928 1.044045
v -0.416378 -0.065948 1.044381
v -0.420819 -0.066651 1.055156
v -0.421463 -0.136942 1.054820
v -0.412975 -0.134184 1.044045
v -0.400935 -0.130272 1.044381
v -0.405211 -0.131661 1.055156
v -0.394852 -0.201187 1.054820
v -0.386900 -0.197135 1.044045
v -0.375620 -0.191388 1.044381
v -0.379626 -0.193429 1.055156
v -0.358518 -0.260478 1.054820
v -0.351298 -0.255233 1.044045
v -0.341056 -0.247791 1.044381
v -0.344693 -0.250434 1.055156
v -0.313356 -0.313356 1.054820
v -0.307045 -0.307045 1.044045
v -0.298094 -0.298094 1.044381
v -0.301273 -0.301273 1.055156
v -0.260479 -0.358518 1.054820
v -0.255233 -0.351298 1.044045
v -0.247791 -0.341056 1.044381
v -0.250434 -0.344693 1.055156
v -0.201187 -0.394852 1.054820
v -0.197135 -0.386900 1.044045
v -0.191388 -0.375620 1.044381
v -0.193429 -0.379626 1.055156
v -0.136942 -0.421463 1.054819
v -0.134184 -0.412975 1.044045
v -0.130272 -0.400935 1.044381
v -0.131661 -0.405211 1.055156
v -0.069324 -0.437697 1.054820
v -0.067928 -0.428882 1.044045
v -0.065948 -0.416378 1.044381
v -0.066651 -0.420819 1.055156
v 0.000000 -0.443152 1.054820
v 0.000000 -0.434228 1.044045
v 0.000000 -0.421568 1.044381
v 0.000000 -0.426064 1.055156
v 0.067928 -0.428882 0.966786
v 0.134184 -0.412975 0.966786
v 0.136968 -0.421544 0.966786
v 0.069338 -0.437780 0.966786
v 0.197135 -0.386900 0.966786
v 0.201226 -0.394928 0.966786
v 0.255233 -0.351298 0.966786
v 0.260528 -0.358587 0.966786
v 0.307045 -0.307046 0.966786
v 0.313416 -0.313416 0.966786
v 0.351298 -0.255233 0.966786
v 0.358587 -0.260529 0.966786
v 0.386900 -0.197135 0.966786
v 0.394928 -0.201226 0.966786
v 0.412975 -0.134184 0.966786
v 0.421544 -0.136968 0.966786
v 0.428882 -0.067928 0.966786
v 0.437781 -0.069338 0.966786
v 0.434228 -0.000000 0.966786
v 0.443238 -0.000000 0.966786
v 0.428882 0.067928 0.966786
v 0.437781 0.069337 0.966786
v 0.412975 0.134184 0.966786
v 0.421544 0.136968 0.966786
v 0.386900 0.197135 0.966786
v 0.394928 0.201225 0.966786
v 0.351298 0.255233 0.966786
v 0.358587 0.260528 0.966786
v 0.307046 0.307045 0.966786
v 0.313416 0.313416 0.966786
v 0.255233 0.351298 0.966786
v 0.260529 0.358587 0.966786
v 0.197135 0.386900 0.966786
v 0.201226 0.394927 0.966786
v 0.134184 0.412975 0.966786
v 0.136968 0.421544 0.966786
v 0.067928 0.428882 0.966786
v 0.069338 0.437780 0.966786
v 0.000000 0.434228 0.966786
v 0.000000 0.443237 0.966786
v -0.067928 0.428882 0.966786
v -0.069338 0.437780 0.966786
v -0.134184 0.412975 0.966786
v -0.136968 0.421544 0.966786
v -0.197135 0.386900 0.966786
v -0.201226 0.394927 0.966786
v -0.255233 0.351298 0.966786
v -0.260528 0.358586 0.966786
v -0.307045 0.307045 0.966786
v -0.313416 0.313416 0.966786
v -0.351298 0.255233 0.966786
v -0.358587 0.260528 0.966786
v -0.386900 0.197135 0.966786
v -0.394927 0.201226 0.966786
v -0.412975 0.134184 0.966786
v -0.421544 0.136968 0.966786
v -0.428882 0.067928 0.966786
v -0.437780 0.069338 0.966786
v -0.434228 -0.000000 0.966786
v -0.443237 -0.000000 0.966786
v -0.428882 -0.067928 0.966786
v -0.437780 -0.069338 0.966786
v -0.412975 -0.134184 0.966786
v -0.421544 -0.136968 0.966786
v -0.386900 -0.197135 0.966786
v -0.394927 -0.201226 0.966786
v -0.351298 -0.255233 0.966786
v -0.358587 -0.260528 0.966786
v -0.307045 -0.307045 0.966786
v -0.313416 -0.313416 0.966786
v -0.255233 -0.351298 0.966786
v -0.260528 -0.358586 0.966786
v -0.197135 -0.386900 0.966786
v -0.201226 -0.394927 0.966786
v -0.134184 -0.412975 0.966786
v -0.136968 -0.421544 0.966786
v -0.067928 -0.428882 0.966786
v -0.069338 -0.437780 0.966786
v 0.000000 -0.434228 0.966786
v 0.000000 -0.443237 0.966786
v 0.067928 -0.428882 0.966786
v 0.069338 -0.437780 0.966786
v 0.054389 -0.343398 1.048996
v 0.107438 -0.330662 1.048996
v 0.107438 -0.330662 1.042670
v 0.054389 -0.343398 1.042670
v 0.080924 -0.249060 1.059765
v 0.040967 -0.258653 1.059765
v 0.040967 -0.258653 1.053438
v 0.080924 -0.249060 1.053438
v 0.107438 -0.330662 1.048996
v 0.157843 -0.309784 1.048996
v 0.157843 -0.309784 1.042670
v 0.107438 -0.330662 1.042670
v 0.118890 -0.233334 1.059765
v 0.080924 -0.249060 1.059765
v 0.080924 -0.249060 1.053438
v 0.118890 -0.233334 1.053438
v 0.157843 -0.309784 1.048996
v 0.204360 -0.281278 1.048996
v 0.204360 -0.281278 1.042670
v 0.157843 -0.309784 1.042670
v 0.153928 -0.211863 1.059765
v 0.118890 -0.233334 1.059765
v 0.118890 -0.233334 1.053438
v 0.153928 -0.211863 1.053438
v 0.204360 -0.281278 1.048996
v 0.245846 -0.245846 1.048996
v 0.245846 -0.245846 1.042670
v 0.204360 -0.281278 1.042670
v 0.185175 -0.185175 1.059765
v 0.153928 -0.211863 1.059765
v 0.153928 -0.211863 1.053438
v 0.185175 -0.185175 1.053438
v 0.245846 -0.245846 1.048996
v 0.281277 -0.204360 1.048996
v 0.281277 -0.204360 1.042670
v 0.245846 -0.245846 1.042670
v 0.211863 -0.153928 1.059765
v 0.185175 -0.185175 1.059765
v 0.185175 -0.185175 1.053438
v 0.211863 -0.153928 1.053438
v 0.281277 -0.204360 1.048996
v 0.309783 -0.157843 1.048996
v 0.309783 -0.157843 1.042670
v 0.281277 -0.204360 1.042670
v 0.233334 -0.118890 1.059765
v 0.211863 -0.153928 1.059765
v 0.211863 -0.153928 1.053438
v 0.233334 -0.118890 1.053438
v 0.309783 -0.157843 1.048996
v 0.330662 -0.107439 1.048996
v 0.330662 -0.107439 1.042670
v 0.309783 -0.157843 1.042670
v 0.249060 -0.080925 1.059765
v 0.233334 -0.118890 1.059765
v 0.233334 -0.118890 1.053438
v 0.249060 -0.080925 1.053438
v 0.330662 -0.107439 1.048996
v 0.343398 -0.054389 1.048996
v 0.343398 -0.054389 1.042670
v 0.330662 -0.107439 1.042670
v 0.258653 -0.040967 1.059765
v 0.249060 -0.080925 1.059765
v 0.249060 -0.080925 1.053438
v 0.258653 -0.040967 1.053438
v 0.343398 -0.054389 1.048996
v 0.347678 -0.000000 1.048996
v 0.347678 -0.000000 1.042670
v 0.343398 -0.054389 1.042670
v 0.261877 -0.000000 1.059765
v 0.258653 -0.040967 1.059765
v 0.258653 -0.040967 1.053438
v 0.261877 -0.000000 1.053438
v 0.347678 -0.000000 1.048996
v 0.343398 0.054389 1.048996
v 0.343398 0.054389 1.042670
v 0.347678 -0.000000 1.042670
v 0.258653 0.040966 1.059765
v 0.261877 -0.000000 1.059765
v 0.261877 -0.000000 1.053438
v 0.258653 0.040966 1.053438
v 0.343398 0.054389 1.048996
v 0.330662 0.107438 1.048996
v 0.330662 0.107438 1.042670
v 0.343398 0.054389 1.042670
v 0.249060 0.080924 1.059765
v 0.258653 0.040966 1.059765
v 0.258653 0.040966 1.053438
v 0.249060 0.080924 1.053438
v 0.330662 0.107438 1.048996
v 0.309783 0.157842 1.048996
v 0.309783 0.157842 1.042670
v 0.330662 0.107438 1.042670
v 0.233334 0.118890 1.059765
v 0.249060 0.080924 1.059765
v 0.249060 0.080924 1.053438
v 0.233334 0.118890 1.053438
v 0.309783 0.157842 1.048996
v 0.281278 0.204360 1.048996
v 0.281278 0.204360 1.042670
v 0.309783 0.157842 1.042670
v 0.211863 0.153927 1.059765
v 0.233334 0.118890 1.059765
v 0.233334 0.118890 1.053438
v 0.211863 0.153927 1.053438
v 0.281278 0.204360 1.048996
v 0.245846 0.245845 1.048996
v 0.245846 0.245845 1.042670
v 0.281278 0.204360 1.042670
v 0.185175 0.185175 1.059765
v 0.211863 0.153927 1.059765
v 0.211863 0.153927 1.053438
v 0.185175 0.185175 1.053438
v 0.245846 0.245845 1.048996
v 0.204360 0.281277 1.048996
v 0.204360 0.281277 1.042670
v 0.245846 0.245845 1.042670
v 0.153928 0.211863 1.059765
v 0.185175 0.185175 1.059765
v 0.185175 0.185175 1.053438
v 0.153928 0.211863 1.053438
v 0.204360 0.281277 1.048996
v 0.157843 0.309783 1.048996
v 0.157843 0.309783 1.042670
v 0.204360 0.281277 1.042670
v 0.118890 0.233334 1.059765
v 0.153928 0.211863 1.059765
v 0.153928 0.211863 1.053438
v 0.118890 0.233334 1.053438
v 0.157843 0.309783 1.048996
v 0.107439 0.330661 1.048996
v 0.107439 0.330661 1.042670
v 0.157843 0.309783 1.042670
v 0.080925 0.249060 1.059765
v 0.118890 0.233334 1.059765
v 0.118890 0.233334 1.053438
v 0.080925 0.249060 1.053438
v 0.107439 0.330661 1.048996
v 0.054389 0.343397 1.048996
v 0.054389 0.343397 1.042670
v 0.107439 0.330661 1.042670
v 0.040967 0.258653 1.059765
v 0.080925 0.249060 1.059765
v 0.080925 0.249060 1.053438
v 0.040967 0.258653 1.053438
v 0.054389 0.343397 1.048996
v 0.000000 0.347678 1.048996
v 0.000000 0.347678 1.042670
v 0.054389 0.343397 1.042670
v 0.000000 0.261877 1.059765
v 0.040967 0.258653 1.059765
v 0.040967 0.258653 1.053438
v 0.000000 0.261877 1.053438
v 0.000000 0.347678 1.048996
v -0.054389 0.343397 1.048996
v -0.054389 0.343397 1.042670
v 0.000000 0.347678 1.042670
v -0.040967 0.258653 1.059765
v 0.000000 0.261877 1.059765
v 0.000000 0.261877 1.053438
v -0.040967 0.258653 1.053438
v -0.054389 0.343397 1.048996
v -0.107438 0.330661 1.048996
v -0.107438 0.330661 1.042670
v -0.054389 0.343397 1.042670
v -0.080925 0.249060 1.059765
v -0.040967 0.258653 1.059765
v -0.040967 0.258653 1.053438
v -0.080925 0.249060 1.053438
v -0.107438 0.330661 1.048996
v -0.157842 0.309783 1.048996
v -0.157842 0.309783 1.042670
v -0.107438 0.330661 1.042670
v -0.118890 0.233334 1.059765
v -0.080925 0.249060 1.059765
v -0.080925 0.249060 1.053438
v -0.118890 0.233334 1.053438
v -0.157842 0.309783 1.048996
v -0.204360 0.281277 1.048996
v -0.204360 0.281277 1.042670
v -0.157842 0.309783 1.042670
v -0.153928 0.211863 1.059765
v -0.118890 0.233334 1.059765
v -0.118890 0.233334 1.053438
v -0.153928 0.211863 1.053438
v -0.204360 0.281277 1.048996
v -0.245845 0.245845 1.048996
v -0.245845 0.245845 1.042670
v -0.204360 0.281277 1.042670
v -0.185175 0.185175 1.059765
v -0.153928 0.211863 1.059765
v -0.153928 0.211863 1.053438
v -0.185175 0.185175 1.053438
v -0.245845 0.245845 1.048996
v -0.281277 0.204360 1.048996
v -0.281277 0.204360 1.042670
v -0.245845 0.245845 1.042670
v -0.211863 0.153927 1.059765
v -0.185175 0.185175 1.059765
v -0.185175 0.185175 1.053438
v -0.211863 0.153927 1.053438
v -0.281277 0.204360 1.048996
v -0.309783 0.157842 1.048996
v -0.309783 0.157842 1.042670
v -0.281277 0.204360 1.042670
v -0.233334 0.118890 1.059765
v -0.211863 0.153927 1.059765
v -0.211863 0.153927 1.053438
v -0.233334 0.118890 1.053438
v -0.309783 0.157842 1.048996
v -0.330661 0.107438 1.048996
v -0.330661 0.107438 1.042670
v -0.309783 0.157842 1.042670
v -0.249060 0.080924 1.059765
v -0.233334 0.118890 1.059765
v -0.233334 0.118890 1.053438
v -0.249060 0.080924 1.053438
v -0.330661 0.107438 1.048996
v -0.343397 0.054389 1.048996
v -0.343397 0.054389 1.042670
v -0.330661 0.107438 1.042670
v -0.258653 0.040967 1.059765
v -0.249060 0.080924 1.059765
v -0.249060 0.080924 1.053438
v -0.258653 0.040967 1.053438
v -0.343397 0.054389 1.048996
v -0.347678 -0.000000 1.048996
v -0.347678 -0.000000 1.042670
v -0.343397 0.054389 1.042670
v -0.261877 -0.000000 1.059765
v -0.258653 0.040967 1.059765
v -0.258653 0.040967 1.053438
v -0.261877 -0.000000 1.053438
v -0.347678 -0.000000 1.048996
v -0.343397 -0.054389 1.048996
v -0.343397 -0.054389 1.042670
v -0.347678 -0.000000 1.042670
v -0.258653 -0.040967 1.059765
v -0.261877 -0.000000 1.059765
v -0.261877 -0.000000 1.053438
v -0.258653 -0.040967 1.053438
v -0.343397 -0.054389 1.048996
v -0.330661 -0.107438 1.048996
v -0.330661 -0.107438 1.042670
v -0.343397 -0.054389 1.042670
v -0.249060 -0.080925 1.059765
v -0.258653 -0.040967 1.059765
v -0.258653 -0.040967 1.053438
v -0.249060 -0.080925 1.053438
v -0.330661 -0.107438 1.048996
v -0.309783 -0.157842 1.048996
v -0.309783 -0.157842 1.042670
v -0.330661 -0.107438 1.042670
v -0.233334 -0.118890 1.059765
v -0.249060 -0.080925 1.059765
v -0.249060 -0.080925 1.053438
v -0.233334 -0.118890 1.053438
v -0.309783 -0.157842 1.048996
v -0.281277 -0.204360 1.048996
v -0.281277 -0.204360 1.042670
v -0.309783 -0.157842 1.042670
v -0.211863 -0.153928 1.059765
v -0.233334 -0.118890 1.059765
v -0.233334 -0.118890 1.053438
v -0.211863 -0.153928 1.053438
v -0.281277 -0.204360 1.048996
v -0.245845 -0.245845 1.048996
v -0.245845 -0.245845 1.042670
v -0.281277 -0.204360 1.042670
v -0.185175 -0.185175 1.059765
v -0.211863 -0.153928 1.059765
v -0.211863 -0.153928 1.053438
v -0.185175 -0.185175 1.053438
v -0.245845 -0.245845 1.048996
v -0.204360 -0.281277 1.048996
v -0.204360 -0.281277 1.042670
v -0.245845 -0.245845 1.042670
v -0.153928 -0.211863 1.059765
v -0.185175 -0.185175 1.059765
v -0.185175 -0.185175 1.053438
v -0.153928 -0.211863 1.053438
v -0.204360 -0.281277 1.048996
v -0.157843 -0.309783 1.048996
v -0.157843 -0.309783 1.042670
v -0.204360 -0.281277 1.042670
v -0.118890 -0.233334 1.059765
v -0.153928 -0.211863 1.059765
v -0.153928 -0.211863 1.053438
v -0.118890 -0.233334 1.053438
v -0.157843 -0.309783 1.048996
v -0.107438 -0.330661 1.048996
v -0.107438 -0.330661 1.042670
v -0.157843 -0.309783 1.042670
v -0.080925 -0.249060 1.059765
v -0.118890 -0.233334 1.059765
v -0.118890 -0.233334 1.053438
v -0.080925 -0.249060 1.053438
v -0.107438 -0.330661 1.048996
v -0.054389 -0.343397 1.048996
v -0.054389 -0.343397 1.042670
v -0.107438 -0.330661 1.042670
v -0.040967 -0.258653 1.059765
v -0.080925 -0.249060 1.059765
v -0.080925 -0.249060 1.053438
v -0.040967 -0.258653 1.053438
v -0.054389 -0.343397 1.048996
v 0.000000 -0.347678 1.048996
v 0.000000 -0.347678 1.042670
v -0.054389 -0.343397 1.042670
v -0.000000 -0.261877 1.059765
v -0.040967 -0.258653 1.059765
v -0.040967 -0.258653 1.053438
v -0.000000 -0.261877 1.053438
v 0.000000 -0.347678 1.048996
v 0.054389 -0.343398 1.048996
v 0.054389 -0.343398 1.042670
v 0.000000 -0.347678 1.042670
v 0.040967 -0.258653 1.059765
v -0.000000 -0.261877 1.059765
v -0.000000 -0.261877 1.053438
v 0.040967 -0.258653 1.053438
v 0.027398 -0.172983 1.075070
v 0.054121 -0.166568 1.075070
v 0.054121 -0.166568 1.068743
v 0.027398 -0.172983 1.068743
v 0.027125 -0.083482 1.088206
v 0.013732 -0.086698 1.088206
v 0.013732 -0.086698 1.081880
v 0.027125 -0.083482 1.081880
v 0.054121 -0.166568 1.075070
v 0.079512 -0.156051 1.075070
v 0.079512 -0.156051 1.068743
v 0.054121 -0.166568 1.068743
v 0.039851 -0.078211 1.088206
v 0.027125 -0.083482 1.088206
v 0.027125 -0.083482 1.081880
v 0.039851 -0.078211 1.081880
v 0.079512 -0.156051 1.075070
v 0.102945 -0.141691 1.075070
v 0.102945 -0.141691 1.068743
v 0.079512 -0.156051 1.068743
v 0.051595 -0.071014 1.088206
v 0.039851 -0.078211 1.088206
v 0.039851 -0.078211 1.081880
v 0.051595 -0.071014 1.081880
v 0.102945 -0.141691 1.075070
v 0.123842 -0.123843 1.075070
v 0.123842 -0.123843 1.068743
v 0.102945 -0.141691 1.068743
v 0.062069 -0.062069 1.088206
v 0.051595 -0.071014 1.088206
v 0.051595 -0.071014 1.081880
v 0.062069 -0.062069 1.081880
v 0.123842 -0.123843 1.075070
v 0.141691 -0.102945 1.075070
v 0.141691 -0.102945 1.068743
v 0.123842 -0.123843 1.068743
v 0.071014 -0.051595 1.088206
v 0.062069 -0.062069 1.088206
v 0.062069 -0.062069 1.081880
v 0.071014 -0.051595 1.081880
v 0.141691 -0.102945 1.075070
v 0.156051 -0.079512 1.075070
v 0.156051 -0.079512 1.068743
v 0.141691 -0.102945 1.068743
v 0.078211 -0.039851 1.088206
v 0.071014 -0.051595 1.088206
v 0.071014 -0.051595 1.081880
v 0.078211 -0.039851 1.081880
v 0.156051 -0.079512 1.075070
v 0.166568 -0.054121 1.075070
v 0.166568 -0.054121 1.068743
v 0.156051 -0.079512 1.068743
v 0.083482 -0.027125 1.088206
v 0.078211 -0.039851 1.088206
v 0.078211 -0.039851 1.081880
v 0.083482 -0.027125 1.081880
v 0.166568 -0.054121 1.075070
v 0.172983 -0.027398 1.075070
v 0.172983 -0.027398 1.068743
v 0.166568 -0.054121 1.068743
v 0.086698 -0.013732 1.088206
v 0.083482 -0.027125 1.088206
v 0.083482 -0.027125 1.081880
v 0.086698 -0.013732 1.081880
v 0.172983 -0.027398 1.075070
v 0.175140 -0.000000 1.075070
v 0.175140 -0.000000 1.068743
v 0.172983 -0.027398 1.068743
v 0.087778 -0.000000 1.088206
v 0.086698 -0.013732 1.088206
v 0.086698 -0.013732 1.081880
v 0.087778 -0.000000 1.081880
v 0.175140 -0.000000 1.075070
v 0.172983 0.027398 1.075070
v 0.172983 0.027398 1.068743
v 0.175140 -0.000000 1.068743
v 0.086698 0.013731 1.088206
v 0.087778 -0.000000 1.088206
v 0.087778 -0.000000 1.081880
v 0.086698 0.013731 1.081880
v 0.172983 0.027398 1.075070
v 0.166568 0.054121 1.075070
v 0.166568 0.054121 1.068743
v 0.172983 0.027398 1.068743
v 0.083482 0.027125 1.088206
v 0.086698 0.013731 1.088206
v 0.086698 0.013731 1.081880
v 0.083482 0.027125 1.081880
v 0.166568 0.054121 1.075070
v 0.156051 0.079512 1.075070
v 0.156051 0.079512 1.068743
v 0.166568 0.054121 1.068743
v 0.078211 0.039850 1.088206
v 0.083482 0.027125 1.088206
v 0.083482 0.027125 1.081880
v 0.078211 0.039850 1.081880
v 0.156051 0.079512 1.075070
v 0.141691 0.102944 1.075070
v 0.141691 0.102944 1.068743
v 0.156051 0.079512 1.068743
v 0.071014 0.051595 1.088206
v 0.078211 0.039850 1.088206
v 0.078211 0.039850 1.081880
v 0.071014 0.051595 1.081880
v 0.141691 0.102944 1.075070
v 0.123843 0.123842 1.075070
v 0.123843 0.123842 1.068743
v 0.141691 0.102944 1.068743
v 0.062069 0.062069 1.088206
v 0.071014 0.051595 1.088206
v 0.071014 0.051595 1.081880
v 0.062069 0.062069 1.081880
v 0.123843 0.123842 1.075070
v 0.102945 0.141691 1.075070
v 0.102945 0.141691 1.068743
v 0.123843 0.123842 1.068743
v 0.051595 0.071014 1.088206
v 0.062069 0.062069 1.088206
v 0.062069 0.062069 1.081880
v 0.051595 0.071014 1.081880
v 0.102945 0.141691 1.075070
v 0.079512 0.156050 1.075070
v 0.079512 0.156050 1.068743
v 0.102945 0.141691 1.068743
v 0.039851 0.078211 1.088206
v 0.051595 0.071014 1.088206
v 0.051595 0.071014 1.081880
v 0.039851 0.078211 1.081880
v 0.079512 0.156050 1.075070
v 0.054121 0.166568 1.075070
v 0.054121 0.166568 1.068743
v 0.079512 0.156050 1.068743
v 0.027125 0.083482 1.088206
v 0.039851 0.078211 1.088206
v 0.039851 0.078211 1.081880
v 0.027125 0.083482 1.081880
v 0.054121 0.166568 1.075070
v 0.027398 0.172983 1.075070
v 0.027398 0.172983 1.068743
v 0.054121 0.166568 1.068743
v 0.013732 0.086698 1.088206
v 0.027125 0.083482 1.088206
v 0.027125 0.083482 1.081880
v 0.013732 0.086698 1.081880
v 0.027398 0.172983 1.075070
v 0.000000 0.175140 1.075070
v 0.000000 0.175140 1.068743
v 0.027398 0.172983 1.068743
v 0.000000 0.087778 1.088206
v 0.013732 0.086698 1.088206
v 0.013732 0.086698 1.081880
v 0.000000 0.087778 1.081880
v 0.000000 0.175140 1.075070
v -0.027398 0.172983 1.075070
v -0.027398 0.172983 1.068743
v 0.000000 0.175140 1.068743
v -0.013732 0.086698 1.088206
v 0.000000 0.087778 1.088206
v 0.000000 0.087778 1.081880
v -0.013732 0.086698 1.081880
v -0.027398 0.172983 1.075070
v -0.054121 0.166568 1.075070
v -0.054121 0.166568 1.068743
v -0.027398 0.172983 1.068743
v -0.027125 0.083482 1.088206
v -0.013732 0.086698 1.088206
v -0.013732 0.086698 1.081880
v -0.027125 0.083482 1.081880
v -0.054121 0.166568 1.075070
v -0.079512 0.156050 1.075070
v -0.079512 0.156050 1.068743
v -0.054121 0.166568 1.068743
v -0.039850 0.078211 1.088206
v -0.027125 0.083482 1.088206
v -0.027125 0.083482 1.081880
v -0.039850 0.078211 1.081880
v -0.079512 0.156050 1.075070
v -0.102944 0.141691 1.075070
v -0.102944 0.141691 1.068743
v -0.079512 0.156050 1.068743
v -0.051595 0.071014 1.088206
v -0.039850 0.078211 1.088206
v -0.039850 0.078211 1.081880
v -0.051595 0.071014 1.081880
v -0.102944 0.141691 1.075070
v -0.123842 0.123842 1.075070
v -0.123842 0.123842 1.068743
v -0.102944 0.141691 1.068743
v -0.062069 0.062069 1.088206
v -0.051595 0.071014 1.088206
v -0.051595 0.071014 1.081880
v -0.062069 0.062069 1.081880
v -0.123842 0.123842 1.075070
v -0.141691 0.102944 1.075070
v -0.141691 0.102944 1.068743
v -0.123842 0.123842 1.068743
v -0.071014 0.051595 1.088206
v -0.062069 0.062069 1.088206
v -0.062069 0.062069 1.081880
v -0.071014 0.051595 1.081880
v -0.141691 0.102944 1.075070
v -0.156051 0.079512 1.075070
v -0.156051 0.079512 1.068743
v -0.141691 0.102944 1.068743
v -0.078211 0.039850 1.088206
v -0.071014 0.051595 1.088206
v -0.071014 0.051595 1.081880
v -0.078211 0.039850 1.081880
v -0.156051 0.079512 1.075070
v -0.166568 0.054121 1.075070
v -0.166568 0.054121 1.068743
v -0.156051 0.079512 1.068743
v -0.083482 0.027125 1.088206
v -0.078211 0.039850 1.088206
v -0.078211 0.039850 1.081880
v -0.083482 0.027125 1.081880
v -0.166568 0.054121 1.075070
v -0.172983 0.027398 1.075070
v -0.172983 0.027398 1.068743
v -0.166568 0.054121 1.068743
v -0.086698 0.013731 1.088206
v -0.083482 0.027125 1.088206
v -0.083482 0.027125 1.081880
v -0.086698 0.013731 1.081880
v -0.172983 0.027398 1.075070
v -0.175140 -0.000000 1.075070
v -0.175140 -0.000000 1.068743
v -0.172983 0.027398 1.068743
v -0.087778 -0.000000 1.088206
v -0.086698 0.013731 1.088206
v -0.086698 0.013731 1.081880
v -0.087778 -0.000000 1.081880
v -0.175140 -0.000000 1.075070
v -0.172983 -0.027398 1.075070
v -0.172983 -0.027398 1.068743
v -0.175140 -0.000000 1.068743
v -0.086698 -0.013732 1.088206
v -0.087778 -0.000000 1.088206
v -0.087778 -0.000000 1.081880
v -0.086698 -0.013732 1.081880
v -0.172983 -0.027398 1.075070
v -0.166568 -0.054121 1.075070
v -0.166568 -0.054121 1.068743
v -0.172983 -0.027398 1.068743
v -0.083482 -0.027125 1.088206
v -0.086698 -0.013732 1.088206
v -0.086698 -0.013732 1.081880
v -0.083482 -0.027125 1.081880
v -0.166568 -0.054121 1.075070
v -0.156051 -0.079512 1.075070
v -0.156051 -0.079512 1.068743
v -0.166568 -0.054121 1.068743
v -0.078211 -0.039851 1.088206
v -0.083482 -0.027125 1.088206
v -0.083482 -0.027125 1.081880
v -0.078211 -0.039851 1.081880
v -0.156051 -0.079512 1.075070
v -0.141691 -0.102944 1.075070
v -0.141691 -0.102944 1.068743
v -0.156051 -0.079512 1.068743
v -0.071014 -0.051595 1.088206
v -0.078211 -0.039851 1.088206
v -0.078211 -0.039851 1.081880
v -0.071014 -0.051595 1.081880
v -0.141691 -0.102944 1.075070
v -0.123842 -0.123842 1.075070
v -0.123842 -0.123842 1.068743
v -0.141691 -0.102944 1.068743
v -0.062069 -0.062069 1.088206
v -0.071014 -0.051595 1.088206
v -0.071014 -0.051595 1.081880
v -0.062069 -0.062069 1.081880
v -0.123842 -0.123842 1.075070
v -0.102944 -0.141691 1.075070
v -0.102944 -0.141691 1.068743
v -0.123842 -0.123842 1.068743
v -0.051595 -0.071014 1.088206
v -0.062069 -0.062069 1.088206
v -0.062069 -0.062069 1.081880
v -0.051595 -0.071014 1.081880
v -0.102944 -0.141691 1.075070
v -0.079512 -0.156051 1.075070
v -0.079512 -0.156051 1.068743
v -0.102944 -0.141691 1.068743
v -0.039851 -0.078211 1.088206
v -0.051595 -0.071014 1.088206
v -0.051595 -0.071014 1.081880
v -0.039851 -0.078211 1.081880
v -0.079512 -0.156051 1.075070
v -0.054121 -0.166568 1.075070
v -0.054121 -0.166568 1.068743
v -0.079512 -0.156051 1.068743
v -0.027125 -0.083482 1.088206
v -0.039851 -0.078211 1.088206
v -0.039851 -0.078211 1.081880
v -0.027125 -0.083482 1.081880
v -0.054121 -0.166568 1.075070
v -0.027398 -0.172983 1.075070
v -0.027398 -0.172983 1.068743
v -0.054121 -0.166568 1.068743
v -0.013732 -0.086698 1.088206
v -0.027125 -0.083482 1.088206
v -0.027125 -0.083482 1.081880
v -0.013732 -0.086698 1.081880
v -0.027398 -0.172983 1.075070
v 0.000000 -0.175140 1.075070
v 0.000000 -0.175140 1.068743
v -0.027398 -0.172983 1.068743
v 0.000000 -0.087778 1.088206
v -0.013732 -0.086698 1.088206
v -0.013732 -0.086698 1.081880
v 0.000000 -0.087778 1.081880
v 0.000000 -0.175140 1.075070
v 0.027398 -0.172983 1.075070
v 0.027398 -0.172983 1.068743
v 0.000000 -0.175140 1.068743
v 0.013732 -0.086698 1.088206
v 0.000000 -0.087778 1.088206
v 0.000000 -0.087778 1.081880
v 0.013732 -0.086698 1.081880
v 0.049914 -0.315148 0.000000
v -0.000000 -0.319076 0.000000
v -0.049914 -0.315147 0.000000
v -0.098600 -0.303459 0.000000
v -0.144857 -0.284299 0.000000
v -0.187548 -0.258138 0.000000
v -0.225621 -0.225621 0.000000
v -0.258138 -0.187548 0.000000
v -0.284299 -0.144857 0.000000
v -0.303459 -0.098600 0.000000
v -0.315147 -0.049914 0.000000
v -0.319076 -0.000000 0.000000
v -0.315147 0.049914 0.000000
v -0.303459 0.098600 0.000000
v -0.284299 0.144857 0.000000
v -0.258138 0.187548 0.000000
v -0.225621 0.225621 0.000000
v -0.187548 0.258138 0.000000
v -0.144857 0.284299 0.000000
v -0.098600 0.303459 0.000000
v -0.049914 0.315147 0.000000
v 0.000000 0.319076 0.000000
v 0.049914 0.315147 0.000000
v 0.098600 0.303459 0.000000
v 0.144857 0.284299 0.000000
v 0.187548 0.258138 0.000000
v 0.225621 0.225621 0.000000
v 0.258138 0.187548 0.000000
v 0.284299 0.144857 0.000000
v 0.303459 0.098600 0.000000
v 0.315148 0.049914 0.000000
v 0.319076 -0.000000 0.000000
v 0.315148 -0.049915 0.000000
v 0.303459 -0.098600 0.000000
v 0.284299 -0.144858 0.000000
v 0.258138 -0.187548 0.000000
v 0.225621 -0.225621 0.000000
v 0.187548 -0.258138 0.000000
v 0.144857 -0.284299 0.000000
v 0.098600 -0.303459 0.000000
v 0.051298 -0.323883 0.009758
v 0.101333 -0.311871 0.009758
v 0.148873 -0.292179 0.009758
v 0.192747 -0.265293 0.009758
v 0.231875 -0.231875 0.009758
v 0.265293 -0.192747 0.009758
v 0.292179 -0.148873 0.009758
v 0.311871 -0.101333 0.009758
v 0.323883 -0.051298 0.009758
v 0.327920 -0.000000 0.009758
v 0.323883 0.051298 0.009758
v 0.311871 0.101333 0.009758
v 0.292179 0.148872 0.009758
v 0.265293 0.192747 0.009758
v 0.231875 0.231874 0.009758
v 0.192747 0.265293 0.009758
v 0.148873 0.292179 0.009758
v 0.101333 0.311870 0.009758
v 0.051298 0.323883 0.009758
v 0.000000 0.327920 0.009758
v -0.051298 0.323883 0.009758
v -0.101333 0.311870 0.009758
v -0.148873 0.292179 0.009758
v -0.192747 0.265293 0.009758
v -0.231874 0.231874 0.009758
v -0.265293 0.192747 0.009758
v -0.292179 0.148873 0.009758
v -0.311871 0.101333 0.009758
v -0.323883 0.051298 0.009758
v -0.327920 -0.000000 0.009758
v -0.323883 -0.051298 0.009758
v -0.311871 -0.101333 0.009758
v -0.292179 -0.148873 0.009758
v -0.265293 -0.192747 0.009758
v -0.231875 -0.231875 0.009758
v -0.192747 -0.265293 0.009758
v -0.148873 -0.292179 0.009758
v -0.101333 -0.311870 0.009758
v -0.051298 -0.323883 0.009758
v 0.000000 -0.327920 0.009758
vn 0.0092 -0.0578 0.9983
vn 0.0181 -0.0557 0.9983
vn -0.0000 -0.0000 1.0000
vn 0.0266 -0.0522 0.9983
vn 0.0344 -0.0474 0.9983
vn 0.0414 -0.0414 0.9983
vn 0.0474 -0.0344 0.9983
vn 0.0522 -0.0266 0.9983
vn 0.0557 -0.0181 0.9983
vn 0.0578 -0.0092 0.9983
vn 0.0586 -0.0000 0.9983
vn 0.0578 0.0092 0.9983
vn 0.0557 0.0181 0.9983
vn 0.0522 0.0266 0.9983
vn 0.0474 0.0344 0.9983
vn 0.0414 0.0414 0.9983
vn 0.0344 0.0474 0.9983
vn 0.0266 0.0522 0.9983
vn 0.0181 0.0557 0.9983
vn 0.0092 0.0578 0.9983
vn -0.0000 0.0586 0.9983
vn -0.0092 0.0578 0.9983
vn -0.0181 0.0557 0.9983
vn -0.0266 0.0522 0.9983
vn -0.0344 0.0474 0.9983
vn -0.0414 0.0414 0.9983
vn -0.0474 0.0344 0.9983
vn -0.0522 0.0266 0.9983
vn -0.0557 0.0181 0.9983
vn -0.0578 0.0092 0.9983
vn -0.0586 -0.0000 0.9983
vn -0.0578 -0.0092 0.9983
vn -0.0557 -0.0181 0.9983
vn -0.0522 -0.0266 0.9983
vn -0.0474 -0.0344 0.9983
vn -0.0414 -0.0414 0.9983
vn -0.0344 -0.0474 0.9983
vn -0.0266 -0.0522 0.9983
vn -0.0181 -0.0557 0.9983
vn -0.0092 -0.0578 0.9983
vn -0.0000 -0.0586 0.9983
vn -0.0200 0.1265 -0.9918
vn -0.0000 -0.0000 -1.0000
vn -0.0396 0.1217 -0.9918
vn -0.0581 0.1141 -0.9918
vn -0.0753 0.1036 -0.9918
vn -0.0905 0.0906 -0.9918
vn -0.1036 0.0753 -0.9918
vn -0.1141 0.0581 -0.9918
vn -0.1218 0.0396 -0.9918
vn -0.1265 0.0200 -0.9918
vn -0.1281 -0.0000 -0.9918
vn -0.1265 -0.0200 -0.9918
vn -0.1218 -0.0396 -0.9918
vn -0.1141 -0.0581 -0.9918
vn -0.1036 -0.0753 -0.9918
vn -0.0906 -0.0905 -0.9918
vn -0.0753 -0.1036 -0.9918
vn -0.0581 -0.1141 -0.9918
vn -0.0396 -0.1218 -0.9918
vn -0.0200 -0.1265 -0.9918
vn -0.0000 -0.1281 -0.9918
vn 0.0200 -0.1265 -0.9918
vn 0.0396 -0.1218 -0.9918
vn 0.0581 -0.1141 -0.9918
vn 0.0753 -0.1036 -0.9918
vn 0.0905 -0.0906 -0.9918
vn 0.1036 -0.0753 -0.9918
vn 0.1141 -0.0581 -0.9918
vn 0.1218 -0.0396 -0.9918
vn 0.1265 -0.0200 -0.9918
vn 0.1281 -0.0000 -0.9918
vn 0.1265 0.0200 -0.9918
vn 0.1218 0.0396 -0.9918
vn 0.1141 0.0581 -0.9918
vn 0.1036 0.0753 -0.9918
vn 0.0906 0.0905 -0.9918
vn 0.0753 0.1036 -0.9918
vn 0.0581 0.1141 -0.9918
vn 0.0396 0.1218 -0.9918
vn 0.0200 0.1265 -0.9918
vn -0.0000 0.1281 -0.9918
vn -0.0508 -0.0000 -0.9987
vn -0.1122 -0.0000 -0.9937
vn -0.1123 -0.0000 -0.9937
vn -0.7412 -0.0000 -0.6712
vn -0.7412 -0.0000 -0.6713
vn -0.8148 -0.0003 -0.5797
vn -0.8148 -0.0000 -0.5797
vn -0.3845 -0.0000 -0.9231
vn -0.0985 -0.0000 -0.9951
vn -0.0984 -0.0000 -0.9951
vn 0.1078 -0.0000 -0.9942
vn 0.3932 -0.0000 -0.9195
vn 0.3931 -0.0000 -0.9195
vn 0.8150 -0.0000 -0.5795
vn 0.8150 0.0003 -0.5795
vn 0.7323 -0.0000 -0.6810
vn 0.1044 -0.0000 -0.9945
vn 0.1044 -0.0001 -0.9945
vn -0.0003 -0.0000 -1.0000
vn -0.0000 1.0000 -0.0000
vn -0.0028 1.0000 -0.0052
vn -0.0033 1.0000 -0.0060
vn 0.0077 0.9998 -0.0203
vn 0.0112 0.9997 -0.0230
vn 0.0138 0.9996 -0.0233
vn 0.0053 0.9999 -0.0154
vn -0.0013 1.0000 -0.0053
vn -0.0008 1.0000 -0.0032
vn 0.0013 1.0000 -0.0053
vn 0.0008 1.0000 -0.0032
vn -0.0144 0.9996 -0.0238
vn -0.0056 0.9999 -0.0156
vn -0.0075 0.9998 -0.0202
vn -0.0114 0.9997 -0.0231
vn 0.0030 1.0000 -0.0053
vn 0.0033 1.0000 -0.0059
vn 0.0508 -0.0000 0.9987
vn 0.1239 -0.0000 0.9923
vn 0.7780 -0.0000 0.6282
vn 0.7886 -0.0000 0.6149
vn 0.3640 -0.0000 0.9314
vn 0.0985 -0.0000 0.9951
vn -0.1080 -0.0000 0.9942
vn -0.1079 -0.0000 0.9942
vn -0.3727 -0.0000 0.9279
vn -0.7885 -0.0000 0.6150
vn -0.7886 -0.0000 0.6150
vn -0.7692 -0.0000 0.6390
vn -0.1145 -0.0000 0.9934
vn 0.0003 -0.0000 1.0000
vn -0.0000 -1.0000 -0.0000
vn -0.0033 -1.0000 -0.0060
vn -0.0029 -1.0000 -0.0052
vn 0.0112 -0.9997 -0.0230
vn 0.0077 -0.9998 -0.0203
vn 0.0053 -0.9999 -0.0154
vn 0.0139 -0.9996 -0.0233
vn -0.0008 -1.0000 -0.0032
vn -0.0013 -1.0000 -0.0053
vn 0.0008 -1.0000 -0.0032
vn 0.0013 -1.0000 -0.0053
vn -0.0055 -0.9999 -0.0156
vn -0.0145 -0.9996 -0.0238
vn -0.0114 -0.9997 -0.0231
vn -0.0075 -0.9998 -0.0202
vn 0.0033 -1.0000 -0.0059
vn 0.0029 -1.0000 -0.0052
vn -1.0000 -0.0000 -0.0047
vn 1.0000 -0.0000 0.0047
vn -0.0552 -0.9985 -0.0000
vn -0.0797 -0.9968 -0.0000
vn -0.6359 -0.7718 -0.0000
vn -0.6789 -0.7342 -0.0000
vn -0.1753 -0.9845 -0.0000
vn 0.1143 -0.9935 -0.0000
vn 0.1142 -0.9935 -0.0000
vn 0.3158 -0.9488 -0.0000
vn 0.5745 -0.8185 -0.0000
vn 0.9217 -0.3879 -0.0000
vn 0.8918 -0.4524 -0.0000
vn 0.4970 -0.8678 -0.0000
vn 0.4738 -0.8806 -0.0000
vn -0.0023 -0.0050 -1.0000
vn -0.0033 -0.0073 -1.0000
vn 0.0150 -0.0142 -0.9998
vn 0.0242 -0.0155 -0.9996
vn 0.0288 -0.0122 -0.9995
vn 0.0110 -0.0047 -0.9999
vn -0.0217 -0.0237 -0.9995
vn -0.0083 -0.0090 -0.9999
vn -0.0074 -0.0191 -0.9998
vn -0.0154 -0.0243 -0.9996
vn 0.0042 -0.0037 -1.0000
vn 0.0060 -0.0053 -1.0000
vn 0.0552 0.9985 -0.0000
vn 0.1077 0.9942 -0.0000
vn 0.6661 0.7459 -0.0000
vn 0.6468 0.7626 -0.0000
vn 0.6468 0.7627 -0.0000
vn 0.1587 0.9873 -0.0000
vn -0.1144 0.9934 -0.0000
vn -0.1142 0.9935 -0.0000
vn -0.3158 0.9488 -0.0000
vn -0.5606 0.8281 -0.0000
vn -0.9041 0.4274 -0.0000
vn -0.9041 0.4273 -0.0000
vn -0.9089 0.4169 -0.0000
vn -0.5203 0.8540 -0.0000
vn -0.5201 0.8541 -0.0000
vn -0.4738 0.8807 -0.0000
vn -0.0033 -0.0072 1.0000
vn -0.0023 -0.0051 1.0000
vn 0.0242 -0.0155 0.9996
vn 0.0150 -0.0142 0.9998
vn 0.0110 -0.0047 0.9999
vn 0.0288 -0.0122 0.9995
vn -0.0083 -0.0090 0.9999
vn -0.0218 -0.0237 0.9995
vn -0.0154 -0.0243 0.9996
vn -0.0074 -0.0191 0.9998
vn 0.0060 -0.0053 1.0000
vn 0.0042 -0.0037 1.0000
vn -0.9764 -0.2162 -0.0000
vn 0.9764 0.2162 -0.0000
vn 0.1651 -0.9740 -0.1552
vn 0.2951 -0.9428 -0.1552
vn 0.2427 -0.9677 -0.0685
vn 0.2231 -0.9724 -0.0685
vn 0.4580 -0.8753 -0.1552
vn 0.5126 -0.8559 -0.0685
vn 0.5720 -0.8054 -0.1552
vn 0.5299 -0.8453 -0.0685
vn 0.7061 -0.6909 -0.1552
vn 0.7520 -0.6556 -0.0685
vn 0.7929 -0.5893 -0.1552
vn 0.7651 -0.6402 -0.0685
vn 0.8850 -0.4389 -0.1552
vn 0.9178 -0.3911 -0.0685
vn 0.9362 -0.3154 -0.1552
vn 0.9255 -0.3724 -0.0685
vn 0.9773 -0.1440 -0.1552
vn 0.9937 -0.0884 -0.0685
vn 0.9878 -0.0107 -0.1552
vn 0.9953 -0.0682 -0.0685
vn 0.9740 0.1651 -0.1552
vn 0.9724 0.2230 -0.0685
vn 0.9428 0.2951 -0.1552
vn 0.9677 0.2427 -0.0685
vn 0.8753 0.4580 -0.1552
vn 0.8559 0.5126 -0.0685
vn 0.8054 0.5720 -0.1552
vn 0.8453 0.5299 -0.0685
vn 0.6909 0.7061 -0.1552
vn 0.6556 0.7520 -0.0685
vn 0.5893 0.7929 -0.1552
vn 0.6402 0.7651 -0.0685
vn 0.4389 0.8850 -0.1552
vn 0.3911 0.9178 -0.0685
vn 0.3154 0.9362 -0.1552
vn 0.3724 0.9255 -0.0685
vn 0.1440 0.9773 -0.1552
vn 0.0884 0.9937 -0.0685
vn 0.0107 0.9878 -0.1552
vn 0.0682 0.9953 -0.0685
vn -0.1651 0.9740 -0.1552
vn -0.2230 0.9724 -0.0685
vn -0.2951 0.9428 -0.1552
vn -0.2427 0.9677 -0.0685
vn -0.4580 0.8753 -0.1552
vn -0.5126 0.8559 -0.0685
vn -0.5720 0.8054 -0.1552
vn -0.5299 0.8453 -0.0685
vn -0.7061 0.6909 -0.1552
vn -0.7520 0.6556 -0.0685
vn -0.7929 0.5893 -0.1552
vn -0.7651 0.6402 -0.0685
vn -0.8850 0.4389 -0.1552
vn -0.9178 0.3911 -0.0685
vn -0.9362 0.3154 -0.1552
vn -0.9255 0.3724 -0.0685
vn -0.9773 0.1440 -0.1552
vn -0.9937 0.0884 -0.0685
vn -0.9878 0.0107 -0.1552
vn -0.9953 0.0682 -0.0685
vn -0.9740 -0.1651 -0.1552
vn -0.9724 -0.2230 -0.0685
vn -0.9428 -0.2951 -0.1552
vn -0.9677 -0.2427 -0.0685
vn -0.8753 -0.4580 -0.1552
vn -0.8559 -0.5126 -0.0685
vn -0.8054 -0.5720 -0.1552
vn -0.8453 -0.5299 -0.0685
vn -0.6909 -0.7061 -0.1552
vn -0.6556 -0.7520 -0.0685
vn -0.5893 -0.7929 -0.1552
vn -0.6402 -0.7651 -0.0685
vn -0.4389 -0.8850 -0.1552
vn -0.3911 -0.9178 -0.0685
vn -0.3154 -0.9362 -0.1552
vn -0.3724 -0.9255 -0.0685
vn -0.1440 -0.9773 -0.1552
vn -0.0884 -0.9937 -0.0685
vn -0.0107 -0.9878 -0.1552
vn -0.0682 -0.9953 -0.0685
vn 0.2230 -0.9724 -0.0685
vn 0.0783 -0.9954 -0.0543
vn -0.0676 -0.9970 -0.0382
vn -0.0892 -0.9953 -0.0381
vn -0.2331 -0.9709 -0.0543
vn -0.3724 -0.9273 -0.0382
vn -0.3924 -0.9190 -0.0381
vn -0.5217 -0.8514 -0.0543
vn -0.6407 -0.7669 -0.0382
vn -0.6572 -0.7528 -0.0381
vn -0.7593 -0.6485 -0.0543
vn -0.8463 -0.5313 -0.0382
vn -0.8576 -0.5128 -0.0381
vn -0.9225 -0.3821 -0.0543
vn -0.9691 -0.2438 -0.0382
vn -0.9741 -0.2227 -0.0381
vn -0.9954 -0.0783 -0.0543
vn -0.9970 0.0676 -0.0382
vn -0.9953 0.0892 -0.0381
vn -0.9709 0.2331 -0.0543
vn -0.9273 0.3724 -0.0382
vn -0.9190 0.3924 -0.0381
vn -0.8514 0.5217 -0.0543
vn -0.7669 0.6407 -0.0382
vn -0.7528 0.6572 -0.0381
vn -0.6485 0.7593 -0.0543
vn -0.5313 0.8463 -0.0382
vn -0.5128 0.8576 -0.0381
vn -0.3821 0.9225 -0.0543
vn -0.2438 0.9691 -0.0382
vn -0.2227 0.9741 -0.0381
vn -0.0783 0.9954 -0.0543
vn 0.0676 0.9970 -0.0382
vn 0.0892 0.9953 -0.0381
vn 0.2331 0.9709 -0.0543
vn 0.3724 0.9273 -0.0382
vn 0.3924 0.9190 -0.0381
vn 0.5217 0.8514 -0.0543
vn 0.6407 0.7669 -0.0382
vn 0.6572 0.7528 -0.0381
vn 0.7593 0.6485 -0.0543
vn 0.8463 0.5313 -0.0382
vn 0.8576 0.5128 -0.0381
vn 0.9225 0.3821 -0.0543
vn 0.9691 0.2438 -0.0382
vn 0.9741 0.2227 -0.0381
vn 0.9954 0.0783 -0.0543
vn 0.9970 -0.0676 -0.0382
vn 0.9953 -0.0892 -0.0381
vn 0.9709 -0.2331 -0.0543
vn 0.9273 -0.3724 -0.0382
vn 0.9190 -0.3924 -0.0381
vn 0.8514 -0.5217 -0.0543
vn 0.7669 -0.6407 -0.0382
vn 0.7528 -0.6572 -0.0381
vn 0.6485 -0.7593 -0.0543
vn 0.5313 -0.8463 -0.0382
vn 0.5128 -0.8576 -0.0381
vn 0.3821 -0.9225 -0.0543
vn 0.2438 -0.9691 -0.0382
vn 0.2227 -0.9741 -0.0382
vn 0.2227 -0.9741 -0.0381
vn 0.1662 -0.9844 0.0580
vn -0.0102 -0.9983 0.0580
vn -0.1461 -0.9876 0.0580
vn -0.3181 -0.9463 0.0580
vn -0.4442 -0.8941 0.0580
vn -0.5950 -0.8016 0.0580
vn -0.6987 -0.7130 0.0580
vn -0.8136 -0.5786 0.0580
vn -0.8849 -0.4622 0.0580
vn -0.9525 -0.2988 0.0580
vn -0.9844 -0.1662 0.0580
vn -0.9983 0.0102 0.0580
vn -0.9876 0.1461 0.0580
vn -0.9463 0.3181 0.0580
vn -0.8941 0.4442 0.0580
vn -0.8016 0.5950 0.0580
vn -0.7130 0.6987 0.0580
vn -0.5786 0.8136 0.0580
vn -0.4622 0.8849 0.0580
vn -0.2988 0.9525 0.0580
vn -0.1662 0.9844 0.0580
vn 0.0102 0.9983 0.0580
vn 0.1461 0.9876 0.0580
vn 0.3181 0.9463 0.0580
vn 0.4442 0.8941 0.0580
vn 0.5950 0.8016 0.0580
vn 0.6987 0.7130 0.0580
vn 0.8136 0.5786 0.0580
vn 0.8849 0.4622 0.0580
vn 0.9525 0.2988 0.0580
vn 0.9844 0.1662 0.0580
vn 0.9983 -0.0102 0.0580
vn 0.9876 -0.1461 0.0580
vn 0.9463 -0.3181 0.0580
vn 0.8941 -0.4442 0.0580
vn 0.8016 -0.5950 0.0580
vn 0.7130 -0.6987 0.0580
vn 0.5786 -0.8136 0.0580
vn 0.4622 -0.8849 0.0580
vn 0.2988 -0.9525 0.0580
vn -0.1564 0.9877 -0.0000
vn 0.1564 0.9877 -0.0000
vn 0.3090 0.9511 -0.0000
vn 0.4540 0.8910 -0.0000
vn 0.5878 0.8090 -0.0000
vn 0.7071 0.7071 -0.0000
vn 0.8090 0.5878 -0.0000
vn 0.8910 0.4540 -0.0000
vn 0.9511 0.3090 -0.0000
vn 0.9877 0.1564 -0.0000
vn 1.0000 -0.0000 -0.0000
vn 0.9877 -0.1564 -0.0000
vn 0.9511 -0.3090 -0.0000
vn 0.8910 -0.4540 -0.0000
vn 0.8090 -0.5878 -0.0000
vn 0.7071 -0.7071 -0.0000
vn 0.5878 -0.8090 -0.0000
vn 0.4540 -0.8910 -0.0000
vn 0.3090 -0.9511 -0.0000
vn 0.1564 -0.9877 -0.0000
vn -0.1564 -0.9877 -0.0000
vn -0.3090 -0.9511 -0.0000
vn -0.4540 -0.8910 -0.0000
vn -0.5878 -0.8090 -0.0000
vn -0.7071 -0.7071 -0.0000
vn -0.8090 -0.5878 -0.0000
vn -0.8910 -0.4540 -0.0000
vn -0.9511 -0.3090 -0.0000
vn -0.9877 -0.1564 -0.0000
vn -1.0000 -0.0000 -0.0000
vn -0.9877 0.1564 -0.0000
vn -0.9511 0.3090 -0.0000
vn -0.8910 0.4540 -0.0000
vn -0.8090 0.5878 -0.0000
vn -0.7071 0.7071 -0.0000
vn -0.5878 0.8090 -0.0000
vn -0.4540 0.8910 -0.0000
vn -0.3090 0.9511 -0.0000
vn 0.0136 -0.1728 0.9849
vn -0.9700 -0.2430 -0.0048
vn -0.9700 -0.2429 -0.0048
vn 0.0032 -0.0407 -0.9992
vn 0.9961 -0.0882 -0.0048
vn 0.9961 -0.0883 -0.0048
vn -0.0405 -0.1686 0.9849
vn -0.9976 0.0686 -0.0048
vn -0.9976 0.0687 -0.0048
vn -0.0095 -0.0397 -0.9992
vn 0.9201 -0.3917 -0.0048
vn 0.9200 -0.3918 -0.0048
vn -0.0906 -0.1478 0.9849
vn -0.9276 0.3735 -0.0048
vn -0.9276 0.3736 -0.0048
vn -0.0213 -0.0348 -0.9992
vn 0.7540 -0.6568 -0.0048
vn 0.7539 -0.6569 -0.0048
vn -0.1318 -0.1126 0.9849
vn -0.7668 0.6419 -0.0048
vn -0.7667 0.6420 -0.0048
vn -0.0310 -0.0265 -0.9992
vn 0.5141 -0.8577 -0.0048
vn 0.5140 -0.8578 -0.0048
vn -0.1601 -0.0663 0.9849
vn -0.5309 0.8474 -0.0048
vn -0.5308 0.8475 -0.0048
vn -0.0377 -0.0156 -0.9992
vn 0.2239 -0.9746 -0.0048
vn 0.2238 -0.9746 -0.0048
vn -0.1728 -0.0136 0.9849
vn -0.2430 0.9700 -0.0048
vn -0.2429 0.9700 -0.0048
vn -0.0407 -0.0032 -0.9992
vn -0.0882 -0.9961 -0.0048
vn -0.0883 -0.9961 -0.0048
vn -0.1686 0.0405 0.9849
vn 0.0686 0.9976 -0.0048
vn 0.0687 0.9976 -0.0048
vn -0.0397 0.0095 -0.9992
vn -0.3918 -0.9200 -0.0048
vn -0.3917 -0.9201 -0.0048
vn -0.1478 0.0906 0.9849
vn 0.3735 0.9276 -0.0048
vn 0.3736 0.9276 -0.0048
vn -0.0348 0.0213 -0.9992
vn -0.6568 -0.7540 -0.0048
vn -0.6569 -0.7539 -0.0048
vn -0.1126 0.1318 0.9849
vn 0.6419 0.7668 -0.0048
vn 0.6420 0.7667 -0.0048
vn -0.0265 0.0310 -0.9992
vn -0.8577 -0.5141 -0.0048
vn -0.8578 -0.5140 -0.0048
vn -0.0663 0.1602 0.9849
vn -0.0663 0.1601 0.9849
vn 0.8474 0.5309 -0.0048
vn 0.8475 0.5308 -0.0048
vn -0.0156 0.0377 -0.9992
vn -0.9746 -0.2239 -0.0048
vn -0.9746 -0.2238 -0.0048
vn -0.0136 0.1728 0.9849
vn 0.9700 0.2430 -0.0048
vn 0.9700 0.2429 -0.0048
vn -0.0032 0.0407 -0.9992
vn -0.9961 0.0882 -0.0048
vn -0.9961 0.0883 -0.0048
vn 0.0405 0.1686 0.9849
vn 0.9976 -0.0686 -0.0048
vn 0.9976 -0.0687 -0.0048
vn 0.0095 0.0397 -0.9992
vn -0.9201 0.3917 -0.0048
vn -0.9200 0.3918 -0.0048
vn 0.0906 0.1478 0.9849
vn 0.9276 -0.3735 -0.0048
vn 0.9276 -0.3736 -0.0048
vn 0.0213 0.0348 -0.9992
vn -0.7540 0.6568 -0.0048
vn -0.7539 0.6569 -0.0048
vn 0.1318 0.1126 0.9849
vn 0.7668 -0.6419 -0.0048
vn 0.7667 -0.6420 -0.0048
vn 0.0310 0.0265 -0.9992
vn -0.5141 0.8577 -0.0048
vn -0.5140 0.8578 -0.0048
vn 0.1601 0.0663 0.9849
vn 0.5309 -0.8474 -0.0048
vn 0.5308 -0.8475 -0.0048
vn 0.0377 0.0156 -0.9992
vn -0.2239 0.9746 -0.0048
vn -0.2238 0.9746 -0.0048
vn 0.1728 0.0136 0.9849
vn 0.2430 -0.9700 -0.0048
vn 0.2429 -0.9700 -0.0048
vn 0.0407 0.0032 -0.9992
vn 0.0882 0.9961 -0.0048
vn 0.0883 0.9961 -0.0048
vn 0.1686 -0.0405 0.9849
vn -0.0686 -0.9976 -0.0048
vn -0.0687 -0.9976 -0.0048
vn 0.0397 -0.0095 -0.9992
vn 0.3917 0.9201 -0.0048
vn 0.3918 0.9200 -0.0048
vn 0.1478 -0.0906 0.9849
vn -0.3735 -0.9276 -0.0048
vn -0.3736 -0.9276 -0.0048
vn 0.0348 -0.0213 -0.9992
vn 0.6568 0.7540 -0.0048
vn 0.6569 0.7539 -0.0048
vn 0.1126 -0.1318 0.9849
vn -0.6419 -0.7668 -0.0048
vn -0.6420 -0.7667 -0.0048
vn 0.0265 -0.0310 -0.9992
vn 0.8577 0.5141 -0.0048
vn 0.8578 0.5140 -0.0048
vn 0.0663 -0.1601 0.9849
vn -0.8474 -0.5309 -0.0048
vn -0.8475 -0.5308 -0.0048
vn 0.0156 -0.0377 -0.9992
vn 0.9746 0.2239 -0.0048
vn 0.9746 0.2238 -0.0048
vn -0.1562 0.9862 0.0544
vn -0.2229 0.9733 0.0543
vn -0.2433 0.9684 0.0541
vn -0.3086 0.9496 0.0544
vn -0.5127 0.8568 0.0543
vn -0.4533 0.8897 0.0544
vn -0.5307 0.8459 0.0541
vn -0.5869 0.8078 0.0544
vn -0.7524 0.6565 0.0543
vn -0.7061 0.7061 0.0544
vn -0.7661 0.6404 0.0541
vn -0.8078 0.5869 0.0544
vn -0.9184 0.3918 0.0543
vn -0.8897 0.4533 0.0544
vn -0.9265 0.3724 0.0541
vn -0.9496 0.3086 0.0544
vn -0.9946 0.0888 0.0543
vn -0.9862 0.1562 0.0544
vn -0.9962 0.0678 0.0541
vn -0.9985 -0.0000 0.0544
vn -0.9733 -0.2228 0.0543
vn -0.9862 -0.1562 0.0544
vn -0.9684 -0.2433 0.0541
vn -0.9496 -0.3086 0.0544
vn -0.8568 -0.5127 0.0543
vn -0.8897 -0.4533 0.0544
vn -0.8459 -0.5307 0.0541
vn -0.8078 -0.5869 0.0544
vn -0.6565 -0.7524 0.0543
vn -0.7061 -0.7061 0.0544
vn -0.6404 -0.7661 0.0541
vn -0.5869 -0.8078 0.0544
vn -0.3918 -0.9184 0.0543
vn -0.4533 -0.8897 0.0544
vn -0.3724 -0.9265 0.0541
vn -0.3086 -0.9496 0.0544
vn -0.0888 -0.9946 0.0543
vn -0.1562 -0.9862 0.0544
vn -0.0678 -0.9962 0.0541
vn -0.0000 -0.9985 0.0544
vn 0.2228 -0.9733 0.0543
vn 0.1562 -0.9862 0.0544
vn 0.2433 -0.9684 0.0541
vn 0.3086 -0.9496 0.0544
vn 0.5127 -0.8568 0.0543
vn 0.4533 -0.8897 0.0544
vn 0.5307 -0.8458 0.0541
vn 0.5869 -0.8078 0.0544
vn 0.7524 -0.6565 0.0543
vn 0.7061 -0.7061 0.0544
vn 0.7661 -0.6404 0.0541
vn 0.8078 -0.5869 0.0544
vn 0.9184 -0.3918 0.0543
vn 0.8897 -0.4533 0.0544
vn 0.9265 -0.3724 0.0541
vn 0.9496 -0.3086 0.0544
vn 0.9946 -0.0888 0.0543
vn 0.9862 -0.1562 0.0544
vn 0.9962 -0.0678 0.0541
vn 0.9985 -0.0000 0.0544
vn 0.9733 0.2228 0.0543
vn 0.9862 0.1562 0.0544
vn 0.9684 0.2433 0.0541
vn 0.9496 0.3086 0.0544
vn 0.8568 0.5127 0.0543
vn 0.8897 0.4533 0.0544
vn 0.8458 0.5307 0.0541
vn 0.8078 0.5869 0.0544
vn 0.6565 0.7524 0.0543
vn 0.7061 0.7061 0.0544
vn 0.6404 0.7661 0.0541
vn 0.5869 0.8078 0.0544
vn 0.3918 0.9184 0.0543
vn 0.4533 0.8897 0.0544
vn 0.3724 0.9265 0.0541
vn 0.3086 0.9496 0.0544
vn 0.0888 0.9946 0.0543
vn 0.1562 0.9862 0.0544
vn 0.0678 0.9962 0.0541
vn -0.0000 0.9985 0.0544
vn -0.2228 0.9733 0.0543
vn -0.1562 0.9862 0.0541
vn -0.0783 0.9954 0.0543
vn 0.0904 0.9944 0.0541
vn 0.0663 0.9963 0.0543
vn 0.2331 0.9709 0.0543
vn 0.3933 0.9178 0.0541
vn 0.3709 0.9271 0.0543
vn 0.5217 0.8514 0.0543
vn 0.6577 0.7514 0.0541
vn 0.6392 0.7671 0.0543
vn 0.7593 0.6485 0.0543
vn 0.8577 0.5114 0.0541
vn 0.8450 0.5320 0.0543
vn 0.9225 0.3821 0.0543
vn 0.9737 0.2213 0.0541
vn 0.9680 0.2449 0.0543
vn 0.9954 0.0783 0.0543
vn 0.9944 -0.0904 0.0541
vn 0.9963 -0.0663 0.0543
vn 0.9709 -0.2331 0.0543
vn 0.9178 -0.3933 0.0541
vn 0.9271 -0.3709 0.0543
vn 0.8514 -0.5217 0.0543
vn 0.7514 -0.6577 0.0541
vn 0.7671 -0.6392 0.0543
vn 0.6485 -0.7593 0.0543
vn 0.5114 -0.8577 0.0541
vn 0.5320 -0.8450 0.0543
vn 0.3821 -0.9225 0.0543
vn 0.2213 -0.9737 0.0541
vn 0.2449 -0.9680 0.0543
vn 0.0783 -0.9954 0.0543
vn -0.0904 -0.9944 0.0541
vn -0.0663 -0.9963 0.0543
vn -0.2331 -0.9709 0.0543
vn -0.3933 -0.9178 0.0541
vn -0.3709 -0.9271 0.0543
vn -0.5217 -0.8514 0.0543
vn -0.6577 -0.7514 0.0541
vn -0.6392 -0.7671 0.0543
vn -0.7593 -0.6485 0.0543
vn -0.8577 -0.5114 0.0541
vn -0.8450 -0.5320 0.0543
vn -0.9225 -0.3821 0.0543
vn -0.9737 -0.2213 0.0541
vn -0.9680 -0.2449 0.0543
vn -0.9954 -0.0783 0.0543
vn -0.9944 0.0904 0.0541
vn -0.9963 0.0663 0.0543
vn -0.9709 0.2331 0.0543
vn -0.9178 0.3933 0.0541
vn -0.9271 0.3709 0.0543
vn -0.8514 0.5217 0.0543
vn -0.7514 0.6577 0.0541
vn -0.7671 0.6392 0.0543
vn -0.6485 0.7593 0.0543
vn -0.5114 0.8577 0.0541
vn -0.5320 0.8450 0.0543
vn -0.3821 0.9225 0.0543
vn -0.2213 0.9737 0.0543
vn -0.2449 0.9680 0.0543
vn -0.2213 0.9737 0.0537
vn -0.0052 0.0662 -0.9978
vn 0.9969 0.0787 -0.0043
vn 0.0052 -0.0662 0.9978
vn -0.9969 -0.0782 -0.0043
vn 0.0155 0.0646 -0.9978
vn 0.9724 -0.2332 -0.0043
vn -0.0155 -0.0646 0.9978
vn -0.9723 0.2337 -0.0043
vn 0.0347 0.0566 -0.9978
vn 0.8528 -0.5223 -0.0043
vn -0.0347 -0.0566 0.9978
vn -0.8525 0.5227 -0.0043
vn 0.0505 0.0431 -0.9978
vn 0.6497 -0.7602 -0.0043
vn -0.0505 -0.0431 0.9978
vn -0.6492 0.7606 -0.0043
vn 0.0614 0.0254 -0.9978
vn 0.3829 -0.9238 -0.0043
vn -0.0614 -0.0254 0.9978
vn -0.3824 0.9240 -0.0043
vn 0.0662 0.0052 -0.9978
vn 0.0787 -0.9969 -0.0043
vn -0.0662 -0.0052 0.9978
vn -0.0782 0.9969 -0.0043
vn 0.0646 -0.0155 -0.9978
vn -0.2332 -0.9724 -0.0043
vn -0.0646 0.0155 0.9978
vn 0.2337 0.9723 -0.0043
vn 0.0566 -0.0347 -0.9978
vn -0.5223 -0.8528 -0.0043
vn -0.0566 0.0347 0.9978
vn 0.5227 0.8525 -0.0043
vn 0.0431 -0.0505 -0.9978
vn -0.7602 -0.6497 -0.0043
vn -0.0431 0.0505 0.9978
vn 0.7606 0.6492 -0.0043
vn 0.0254 -0.0614 -0.9978
vn -0.9238 -0.3829 -0.0043
vn -0.0254 0.0614 0.9978
vn 0.9240 0.3824 -0.0043
vn 0.0052 -0.0662 -0.9978
vn -0.9969 -0.0787 -0.0043
vn -0.0052 0.0662 0.9978
vn 0.9969 0.0782 -0.0043
vn -0.0155 -0.0646 -0.9978
vn -0.9724 0.2332 -0.0043
vn 0.0155 0.0646 0.9978
vn 0.9723 -0.2337 -0.0043
vn -0.0347 -0.0566 -0.9978
vn -0.8528 0.5223 -0.0043
vn 0.0347 0.0566 0.9978
vn 0.8525 -0.5227 -0.0043
vn -0.0505 -0.0431 -0.9978
vn -0.6497 0.7602 -0.0043
vn 0.0505 0.0431 0.9978
vn 0.6492 -0.7606 -0.0043
vn -0.0614 -0.0254 -0.9978
vn -0.3829 0.9238 -0.0043
vn 0.0614 0.0254 0.9978
vn 0.3824 -0.9240 -0.0043
vn -0.0662 -0.0052 -0.9978
vn -0.0787 0.9969 -0.0043
vn 0.0662 0.0052 0.9978
vn 0.0782 -0.9969 -0.0043
vn -0.0646 0.0155 -0.9978
vn 0.2332 0.9724 -0.0043
vn 0.0646 -0.0155 0.9978
vn -0.2337 -0.9723 -0.0043
vn -0.0566 0.0347 -0.9978
vn 0.5223 0.8528 -0.0043
vn 0.0566 -0.0347 0.9978
vn -0.5227 -0.8525 -0.0043
vn -0.0431 0.0505 -0.9978
vn 0.7602 0.6497 -0.0043
vn 0.0431 -0.0505 0.9978
vn -0.7606 -0.6492 -0.0043
vn -0.0254 0.0614 -0.9978
vn 0.9238 0.3829 -0.0043
vn 0.0254 -0.0614 0.9978
vn -0.9240 -0.3824 -0.0043
vn 0.0104 -0.0658 0.9978
vn -0.0000 -0.0666 0.9978
vn -0.0104 -0.0658 0.9978
vn -0.0206 -0.0634 0.9978
vn -0.0302 -0.0594 0.9978
vn -0.0392 -0.0539 0.9978
vn -0.0471 -0.0471 0.9978
vn -0.0539 -0.0392 0.9978
vn -0.0594 -0.0302 0.9978
vn -0.0634 -0.0206 0.9978
vn -0.0658 -0.0104 0.9978
vn -0.0666 -0.0000 0.9978
vn -0.0658 0.0104 0.9978
vn -0.0634 0.0206 0.9978
vn -0.0594 0.0302 0.9978
vn -0.0539 0.0392 0.9978
vn -0.0471 0.0471 0.9978
vn -0.0392 0.0539 0.9978
vn -0.0302 0.0594 0.9978
vn -0.0206 0.0634 0.9978
vn -0.0104 0.0658 0.9978
vn -0.0000 0.0666 0.9978
vn 0.0104 0.0658 0.9978
vn 0.0206 0.0634 0.9978
vn 0.0302 0.0594 0.9978
vn 0.0392 0.0539 0.9978
vn 0.0471 0.0471 0.9978
vn 0.0539 0.0392 0.9978
vn 0.0594 0.0302 0.9978
vn 0.0634 0.0206 0.9978
vn 0.0658 0.0104 0.9978
vn 0.0666 -0.0000 0.9978
vn 0.0658 -0.0104 0.9978
vn 0.0634 -0.0206 0.9978
vn 0.0594 -0.0302 0.9978
vn 0.0539 -0.0392 0.9978
vn 0.0471 -0.0471 0.9978
vn 0.0392 -0.0539 0.9978
vn 0.0302 -0.0594 0.9978
vn 0.0206 -0.0634 0.9978
vn -0.1870 0.9824 -0.0000
vn -0.2111 0.9775 -0.0000
vn -0.2110 0.9775 -0.0000
vn -0.7325 0.6807 -0.0000
vn -0.7702 0.6378 -0.0000
vn -0.3042 0.9526 -0.0000
vn -0.0184 0.9998 -0.0000
vn 0.1873 0.9823 -0.0000
vn 0.4610 0.8874 -0.0000
vn 0.8622 0.5065 -0.0000
vn 0.8240 0.5666 -0.0000
vn 0.3777 0.9259 -0.0000
vn 0.3529 0.9356 -0.0000
vn -0.0029 0.0047 1.0000
vn -0.0042 0.0068 1.0000
vn 0.0130 0.0161 0.9998
vn 0.0219 0.0186 0.9996
vn 0.0270 0.0160 0.9995
vn 0.0103 0.0061 0.9999
vn -0.0247 0.0207 0.9995
vn -0.0094 0.0078 0.9999
vn -0.0099 0.0179 0.9998
vn -0.0185 0.0221 0.9996
vn 0.0036 0.0042 1.0000
vn 0.0052 0.0060 1.0000
vn 0.1870 -0.9824 -0.0000
vn 0.2386 -0.9711 -0.0000
vn 0.7590 -0.6511 -0.0000
vn 0.7421 -0.6702 -0.0000
vn 0.7421 -0.6703 -0.0000
vn 0.2881 -0.9576 -0.0000
vn 0.0184 -0.9998 -0.0000
vn 0.0183 -0.9998 -0.0000
vn -0.1873 -0.9823 -0.0000
vn -0.1872 -0.9823 -0.0000
vn -0.4460 -0.8950 -0.0000
vn -0.8395 -0.5434 -0.0000
vn -0.8395 -0.5433 -0.0000
vn -0.8457 -0.5337 -0.0000
vn -0.4026 -0.9154 -0.0000
vn -0.4025 -0.9154 -0.0000
vn -0.3529 -0.9357 -0.0000
vn -0.0042 0.0068 -1.0000
vn -0.0029 0.0047 -1.0000
vn 0.0219 0.0186 -0.9996
vn 0.0130 0.0161 -0.9998
vn 0.0103 0.0061 -0.9999
vn 0.0270 0.0159 -0.9995
vn -0.0094 0.0079 -0.9999
vn -0.0247 0.0206 -0.9995
vn -0.0185 0.0221 -0.9996
vn -0.0099 0.0179 -0.9998
vn 0.0052 0.0060 -1.0000
vn 0.0037 0.0042 -1.0000
vn -0.9964 0.0849 -0.0000
vn 0.9964 -0.0849 -0.0000
vn 0.1565 -0.9877 -0.0000
vn 0.8089 0.5879 0.0001
vn 0.8089 0.5879 0.0003
vn 0.7071 0.7071 0.0008
vn 0.5878 0.8090 0.0001
vn 0.0031 -0.0194 0.9998
vn 0.0059 -0.0186 0.9998
vn 0.0061 -0.0187 0.9998
vn 0.0084 -0.0168 0.9998
vn 0.0083 -0.0168 0.9998
vn 0.0113 -0.0155 0.9998
vn 0.0133 -0.0135 0.9998
vn 0.0131 -0.0134 0.9998
vn 0.0151 -0.0109 0.9998
vn 0.0168 -0.0084 0.9998
vn 0.0169 -0.0084 0.9998
vn 0.0188 -0.0058 0.9998
vn 0.0186 -0.0058 0.9998
vn 0.0192 -0.0032 0.9998
vn 0.0194 -0.0031 0.9998
vn 0.0188 -0.0002 0.9998
vn 0.0192 0.0032 0.9998
vn 0.0192 0.0033 0.9998
vn 0.0183 0.0060 0.9998
vn 0.0182 0.0060 0.9998
vn 0.0174 0.0092 0.9998
vn 0.0173 0.0090 0.9998
vn 0.0159 0.0116 0.9998
vn 0.0139 0.0139 0.9998
vn 0.0116 0.0159 0.9998
vn 0.0089 0.0175 0.9998
vn 0.0061 0.0185 0.9998
vn 0.0061 0.0187 0.9998
vn 0.0031 0.0185 0.9998
vn 0.0030 0.0190 0.9998
vn -0.0002 0.0195 0.9998
vn -0.0030 0.0189 0.9998
vn -0.0027 0.0186 0.9998
vn -0.0064 0.0186 0.9998
vn -0.0062 0.0185 0.9998
vn -0.0089 0.0175 0.9998
vn -0.0116 0.0159 0.9998
vn -0.0137 0.0139 0.9998
vn -0.0139 0.0139 0.9998
vn -0.0151 0.0112 0.9998
vn -0.0154 0.0112 0.9998
vn -0.0177 0.0087 0.9998
vn -0.0175 0.0087 0.9998
vn -0.0187 0.0061 0.9998
vn -0.0194 0.0031 0.9998
vn -0.0195 0.0001 0.9998
vn -0.0197 -0.0000 0.9998
vn -0.0186 -0.0028 0.9998
vn -0.0188 -0.0030 0.9998
vn -0.0186 -0.0064 0.9998
vn -0.0185 -0.0062 0.9998
vn -0.0174 -0.0087 0.9998
vn -0.0174 -0.0086 0.9998
vn -0.0155 -0.0112 0.9998
vn -0.0153 -0.0109 0.9998
vn -0.0137 -0.0139 0.9998
vn -0.0136 -0.0136 0.9998
vn -0.0112 -0.0151 0.9998
vn -0.0112 -0.0154 0.9998
vn -0.0087 -0.0175 0.9998
vn -0.0060 -0.0178 0.9998
vn -0.0028 -0.0195 0.9998
vn -0.0028 -0.0193 0.9998
vn -0.0000 -0.0197 0.9998
vn 0.0195 -0.1230 0.9922
vn 0.0385 -0.1184 0.9922
vn 0.0565 -0.1110 0.9922
vn 0.0732 -0.1007 0.9922
vn 0.0881 -0.0881 0.9922
vn 0.1007 -0.0732 0.9922
vn 0.1110 -0.0565 0.9922
vn 0.1184 -0.0385 0.9922
vn 0.1230 -0.0195 0.9922
vn 0.1245 -0.0000 0.9922
vn 0.1230 0.0195 0.9922
vn 0.1184 0.0385 0.9922
vn 0.1110 0.0565 0.9922
vn 0.1007 0.0732 0.9922
vn 0.0881 0.0881 0.9922
vn 0.0732 0.1007 0.9922
vn 0.0565 0.1110 0.9922
vn 0.0385 0.1184 0.9922
vn 0.0195 0.1230 0.9922
vn -0.0000 0.1245 0.9922
vn -0.0195 0.1230 0.9922
vn -0.0385 0.1184 0.9922
vn -0.0565 0.1110 0.9922
vn -0.0732 0.1007 0.9922
vn -0.0881 0.0881 0.9922
vn -0.1007 0.0732 0.9922
vn -0.1110 0.0565 0.9922
vn -0.1184 0.0385 0.9922
vn -0.1230 0.0195 0.9922
vn -0.1245 -0.0000 0.9922
vn -0.1230 -0.0195 0.9922
vn -0.1184 -0.0385 0.9922
vn -0.1110 -0.0565 0.9922
vn -0.1007 -0.0732 0.9922
vn -0.0881 -0.0881 0.9922
vn -0.0732 -0.1007 0.9922
vn -0.0732 -0.1008 0.9922
vn -0.0565 -0.1110 0.9922
vn -0.0385 -0.1184 0.9922
vn -0.0195 -0.1230 0.9922
vn -0.0000 -0.1245 0.9922
vn 0.0272 -0.1716 0.9848
vn 0.0537 -0.1653 0.9848
vn 0.0789 -0.1548 0.9848
vn 0.1021 -0.1406 0.9848
vn 0.1229 -0.1229 0.9848
vn 0.1406 -0.1021 0.9848
vn 0.1548 -0.0789 0.9848
vn 0.1653 -0.0537 0.9848
vn 0.1716 -0.0272 0.9848
vn 0.1738 -0.0000 0.9848
vn 0.1716 0.0272 0.9848
vn 0.1653 0.0537 0.9848
vn 0.1548 0.0789 0.9848
vn 0.1406 0.1021 0.9848
vn 0.1229 0.1229 0.9848
vn 0.1021 0.1406 0.9848
vn 0.0789 0.1548 0.9848
vn 0.0537 0.1653 0.9848
vn 0.0272 0.1716 0.9848
vn -0.0000 0.1738 0.9848
vn -0.0272 0.1716 0.9848
vn -0.0537 0.1653 0.9848
vn -0.0789 0.1548 0.9848
vn -0.1021 0.1406 0.9848
vn -0.1229 0.1229 0.9848
vn -0.1406 0.1021 0.9848
vn -0.1548 0.0789 0.9848
vn -0.1653 0.0537 0.9848
vn -0.1716 0.0272 0.9848
vn -0.1738 -0.0000 0.9848
vn -0.1716 -0.0272 0.9848
vn -0.1653 -0.0537 0.9848
vn -0.1548 -0.0789 0.9848
vn -0.1406 -0.1021 0.9848
vn -0.1229 -0.1229 0.9848
vn -0.1021 -0.1406 0.9848
vn -0.0789 -0.1548 0.9848
vn -0.0537 -0.1653 0.9848
vn -0.0272 -0.1716 0.9848
vn -0.0000 -0.1738 0.9848
vn 0.0233 -0.1469 0.9889
vn 0.0459 -0.1414 0.9889
vn 0.0460 -0.1414 0.9889
vn 0.0675 -0.1325 0.9889
vn 0.0874 -0.1203 0.9889
vn 0.1051 -0.1051 0.9889
vn 0.1203 -0.0874 0.9889
vn 0.1325 -0.0675 0.9889
vn 0.1414 -0.0459 0.9889
vn 0.1414 -0.0460 0.9889
vn 0.1469 -0.0233 0.9889
vn 0.1487 -0.0000 0.9889
vn 0.1469 0.0233 0.9889
vn 0.1414 0.0460 0.9889
vn 0.1414 0.0459 0.9889
vn 0.1325 0.0675 0.9889
vn 0.1203 0.0874 0.9889
vn 0.1051 0.1051 0.9889
vn 0.0874 0.1203 0.9889
vn 0.0675 0.1325 0.9889
vn 0.0460 0.1414 0.9889
vn 0.0233 0.1469 0.9889
vn -0.0000 0.1487 0.9889
vn -0.0233 0.1469 0.9889
vn -0.0459 0.1414 0.9889
vn -0.0460 0.1414 0.9889
vn -0.0675 0.1325 0.9889
vn -0.0874 0.1203 0.9889
vn -0.1051 0.1051 0.9889
vn -0.1203 0.0874 0.9889
vn -0.1325 0.0675 0.9889
vn -0.1414 0.0459 0.9889
vn -0.1414 0.0460 0.9889
vn -0.1469 0.0233 0.9889
vn -0.1487 -0.0000 0.9889
vn -0.1469 -0.0233 0.9889
vn -0.1414 -0.0460 0.9889
vn -0.1414 -0.0459 0.9889
vn -0.1325 -0.0675 0.9889
vn -0.1203 -0.0874 0.9889
vn -0.1051 -0.1051 0.9889
vn -0.0874 -0.1203 0.9889
vn -0.0675 -0.1325 0.9889
vn -0.0460 -0.1414 0.9889
vn -0.0233 -0.1469 0.9889
vn -0.0000 -0.1487 0.9889
vn 0.5879 0.8089 -0.0000
vn 0.5879 0.8089 -0.0001
vn 0.7070 0.7072 -0.0008
vn 0.8090 0.5878 -0.0001
vn 0.1444 -0.9115 -0.3851
vn -0.0000 -0.9229 -0.3851
vn -0.1445 -0.9116 -0.3849
vn -0.2852 -0.8778 -0.3848
vn -0.4190 -0.8224 -0.3848
vn -0.5425 -0.7467 -0.3848
vn -0.6527 -0.6527 -0.3848
vn -0.7467 -0.5425 -0.3848
vn -0.8223 -0.4191 -0.3849
vn -0.8778 -0.2851 -0.3849
vn -0.9117 -0.1444 -0.3847
vn -0.9229 -0.0001 -0.3849
vn -0.9115 0.1443 -0.3851
vn -0.8777 0.2852 -0.3851
vn -0.8223 0.4191 -0.3849
vn -0.7467 0.5426 -0.3848
vn -0.6527 0.6525 -0.3849
vn -0.5424 0.7466 -0.3851
vn -0.4190 0.8223 -0.3851
vn -0.2851 0.8778 -0.3849
vn -0.1444 0.9117 -0.3848
vn -0.0000 0.9230 -0.3848
vn 0.1444 0.9117 -0.3847
vn 0.2851 0.8778 -0.3849
vn 0.4190 0.8223 -0.3851
vn 0.5424 0.7466 -0.3851
vn 0.6526 0.6526 -0.3851
vn 0.7466 0.5425 -0.3851
vn 0.8224 0.4189 -0.3849
vn 0.8779 0.2852 -0.3847
vn 0.9117 0.1444 -0.3848
vn 0.9230 -0.0000 -0.3848
vn 0.9116 -0.1443 -0.3849
vn 0.8777 -0.2853 -0.3849
vn 0.8224 -0.4192 -0.3846
vn 0.7469 -0.5426 -0.3844
vn 0.6528 -0.6527 -0.3846
vn 0.5426 -0.7467 -0.3848
vn 0.4190 -0.8224 -0.3847
vn 0.2853 -0.8778 -0.3849
vn -0.0001 -0.0000 1.0000
vn -0.0003 0.0002 1.0000
vn -0.0003 0.0003 1.0000
vn -0.0000 -0.0001 1.0000
vn 0.0002 -0.0003 1.0000
vn -0.0000 0.0592 0.9982
vn -0.0093 0.0585 0.9982
vn 0.0093 0.0585 0.9982
vn 0.0183 0.0563 0.9982
vn 0.0269 0.0528 0.9982
vn 0.0348 0.0479 0.9982
vn 0.0419 0.0419 0.9982
vn 0.0479 0.0348 0.9982
vn 0.0528 0.0269 0.9982
vn 0.0563 0.0183 0.9982
vn 0.0585 0.0093 0.9982
vn 0.0592 -0.0000 0.9982
vn 0.0585 -0.0093 0.9982
vn 0.0563 -0.0183 0.9982
vn 0.0528 -0.0269 0.9982
vn 0.0479 -0.0348 0.9982
vn 0.0419 -0.0419 0.9982
vn 0.0348 -0.0479 0.9982
vn 0.0269 -0.0528 0.9982
vn 0.0183 -0.0563 0.9982
vn 0.0093 -0.0585 0.9982
vn -0.0000 -0.0592 0.9982
vn -0.0093 -0.0585 0.9982
vn -0.0183 -0.0563 0.9982
vn -0.0269 -0.0528 0.9982
vn -0.0348 -0.0479 0.9982
vn -0.0419 -0.0419 0.9982
vn -0.0479 -0.0348 0.9982
vn -0.0528 -0.0269 0.9982
vn -0.0563 -0.0183 0.9982
vn -0.0585 -0.0093 0.9982
vn -0.0592 -0.0000 0.9982
vn -0.0585 0.0093 0.9982
vn -0.0563 0.0183 0.9982
vn -0.0528 0.0269 0.9982
vn -0.0479 0.0348 0.9982
vn -0.0419 0.0419 0.9982
vn -0.0348 0.0479 0.9982
vn -0.0269 0.0528 0.9982
vn -0.0183 0.0563 0.9982
vn 0.2853 -0.8777 -0.3850
vn 0.2383 -0.7326 -0.6376
vn 0.1205 -0.7606 -0.6379
vn -0.2852 0.8777 0.3851
vn -0.1444 0.9115 0.3851
vn 0.4190 -0.8224 -0.3848
vn 0.3498 -0.6870 -0.6369
vn -0.4190 0.8223 0.3851
vn 0.5425 -0.7467 -0.3848
vn 0.4529 -0.6233 -0.6374
vn -0.5424 0.7466 0.3851
vn 0.6528 -0.6526 -0.3846
vn 0.5452 -0.5451 -0.6369
vn -0.6526 0.6526 0.3851
vn 0.7468 -0.5426 -0.3845
vn 0.6238 -0.4532 -0.6368
vn -0.7466 0.5424 0.3851
vn 0.8224 -0.4191 -0.3847
vn 0.6869 -0.3503 -0.6368
vn -0.8223 0.4190 0.3851
vn 0.8777 -0.2853 -0.3850
vn 0.7325 -0.2381 -0.6377
vn -0.8777 0.2852 0.3851
vn 0.9116 -0.1442 -0.3850
vn 0.7607 -0.1202 -0.6379
vn -0.9115 0.1444 0.3851
vn 0.7706 -0.0000 -0.6373
vn -0.9229 -0.0000 0.3851
vn 0.9116 0.1444 -0.3848
vn 0.7610 0.1206 -0.6374
vn -0.9115 -0.1444 0.3851
vn 0.8778 0.2852 -0.3848
vn 0.7329 0.2381 -0.6373
vn -0.8777 -0.2852 0.3851
vn 0.8224 0.4189 -0.3850
vn 0.6863 0.3495 -0.6378
vn -0.8223 -0.4190 0.3851
vn 0.7466 0.5424 -0.3852
vn 0.6230 0.4526 -0.6379
vn -0.7466 -0.5424 0.3851
vn 0.6525 0.6526 -0.3852
vn 0.5446 0.5445 -0.6379
vn -0.6526 -0.6526 0.3851
vn 0.5424 0.7466 -0.3852
vn 0.4526 0.6231 -0.6379
vn -0.5425 -0.7466 0.3851
vn 0.3496 0.6862 -0.6379
vn -0.4190 -0.8223 0.3851
vn 0.2377 0.7325 -0.6379
vn -0.2852 -0.8777 0.3851
vn 0.1444 0.9116 -0.3848
vn 0.1206 0.7612 -0.6373
vn -0.1444 -0.9115 0.3851
vn -0.0000 0.7706 -0.6374
vn -0.0000 -0.9229 0.3851
vn -0.1444 0.9116 -0.3848
vn -0.1205 0.7613 -0.6372
vn 0.1444 -0.9115 0.3851
vn -0.2851 0.8778 -0.3850
vn -0.2379 0.7326 -0.6378
vn 0.2852 -0.8777 0.3851
vn -0.3496 0.6862 -0.6379
vn 0.4190 -0.8223 0.3851
vn -0.5425 0.7466 -0.3852
vn -0.4527 0.6230 -0.6379
vn 0.5424 -0.7466 0.3851
vn -0.6527 0.6525 -0.3850
vn -0.5448 0.5443 -0.6379
vn 0.6526 -0.6526 0.3851
vn -0.7467 0.5425 -0.3848
vn -0.6234 0.4529 -0.6374
vn 0.7466 -0.5424 0.3851
vn -0.8223 0.4191 -0.3850
vn -0.6862 0.3498 -0.6378
vn 0.8223 -0.4190 0.3851
vn -0.8777 0.2852 -0.3852
vn -0.7324 0.2380 -0.6379
vn 0.8777 -0.2852 0.3851
vn -0.9115 0.1444 -0.3852
vn -0.7606 0.1205 -0.6379
vn 0.9115 -0.1444 0.3851
vn -0.9229 -0.0001 -0.3850
vn -0.7701 -0.0003 -0.6379
vn 0.9229 -0.0000 0.3851
vn -0.9116 -0.1444 -0.3848
vn -0.7611 -0.1206 -0.6373
vn 0.9115 0.1444 0.3851
vn -0.8778 -0.2851 -0.3850
vn -0.7326 -0.2379 -0.6378
vn 0.8777 0.2852 0.3851
vn -0.8223 -0.4191 -0.3850
vn -0.6863 -0.3499 -0.6377
vn 0.8223 0.4190 0.3851
vn -0.6235 -0.4529 -0.6373
vn 0.7466 0.5424 0.3851
vn -0.6526 -0.6527 -0.3848
vn -0.5447 -0.5448 -0.6375
vn 0.6526 0.6526 0.3851
vn -0.4530 -0.6234 -0.6373
vn 0.5424 0.7466 0.3851
vn -0.3499 -0.6866 -0.6373
vn 0.4190 0.8223 0.3851
vn -0.2382 -0.7329 -0.6373
vn 0.2852 0.8777 0.3851
vn -0.1445 -0.9115 -0.3850
vn -0.1208 -0.7609 -0.6375
vn 0.1444 0.9115 0.3851
vn -0.0000 -0.7701 -0.6379
vn -0.0000 0.9229 0.3851
vn -0.1565 0.9877 -0.0000
vn -0.0031 0.0194 -0.9998
vn -0.0061 0.0187 -0.9998
vn -0.0089 0.0175 -0.9998
vn -0.0116 0.0159 -0.9998
vn -0.0139 0.0139 -0.9998
vn -0.0159 0.0116 -0.9998
vn -0.0175 0.0089 -0.9998
vn -0.0187 0.0061 -0.9998
vn -0.0194 0.0031 -0.9998
vn -0.0197 -0.0000 -0.9998
vn -0.0194 -0.0031 -0.9998
vn -0.0187 -0.0061 -0.9998
vn -0.0175 -0.0089 -0.9998
vn -0.0159 -0.0116 -0.9998
vn -0.0139 -0.0139 -0.9998
vn -0.0116 -0.0159 -0.9998
vn -0.0089 -0.0175 -0.9998
vn -0.0061 -0.0187 -0.9998
vn -0.0031 -0.0194 -0.9998
vn -0.0000 -0.0197 -0.9998
vn 0.0031 -0.0194 -0.9998
vn 0.0061 -0.0187 -0.9998
vn 0.0089 -0.0175 -0.9998
vn 0.0116 -0.0159 -0.9998
vn 0.0139 -0.0139 -0.9998
vn 0.0159 -0.0116 -0.9998
vn 0.0175 -0.0089 -0.9998
vn 0.0187 -0.0061 -0.9998
vn 0.0194 -0.0031 -0.9998
vn 0.0197 -0.0000 -0.9998
vn 0.0194 0.0031 -0.9998
vn 0.0187 0.0061 -0.9998
vn 0.0175 0.0089 -0.9998
vn 0.0159 0.0116 -0.9998
vn 0.0139 0.0139 -0.9998
vn 0.0116 0.0159 -0.9998
vn 0.0089 0.0175 -0.9998
vn 0.0061 0.0187 -0.9998
vn 0.0031 0.0194 -0.9998
vn -0.0000 0.0197 -0.9998
vn -0.0039 0.0246 -0.9997
vn -0.0225 0.1423 -0.9896
vn -0.0445 0.1370 -0.9896
vn -0.0077 0.0237 -0.9997
vn -0.0654 0.1283 -0.9896
vn -0.0113 0.0222 -0.9997
vn -0.0846 0.1165 -0.9896
vn -0.0147 0.0202 -0.9997
vn -0.1019 0.1019 -0.9896
vn -0.0176 0.0176 -0.9997
vn -0.1165 0.0847 -0.9896
vn -0.0202 0.0147 -0.9997
vn -0.1283 0.0654 -0.9896
vn -0.0222 0.0113 -0.9997
vn -0.1370 0.0445 -0.9896
vn -0.0237 0.0077 -0.9997
vn -0.1422 0.0225 -0.9896
vn -0.0246 0.0039 -0.9997
vn -0.1440 -0.0000 -0.9896
vn -0.0249 -0.0000 -0.9997
vn -0.1422 -0.0225 -0.9896
vn -0.0246 -0.0039 -0.9997
vn -0.1370 -0.0445 -0.9896
vn -0.0237 -0.0077 -0.9997
vn -0.1284 -0.0654 -0.9896
vn -0.0222 -0.0113 -0.9997
vn -0.1165 -0.0847 -0.9896
vn -0.0202 -0.0147 -0.9997
vn -0.1019 -0.1019 -0.9896
vn -0.0176 -0.0176 -0.9997
vn -0.0846 -0.1165 -0.9896
vn -0.0147 -0.0202 -0.9997
vn -0.0654 -0.1283 -0.9896
vn -0.0113 -0.0222 -0.9997
vn -0.0445 -0.1370 -0.9896
vn -0.0077 -0.0237 -0.9997
vn -0.0225 -0.1423 -0.9896
vn -0.0039 -0.0246 -0.9997
vn -0.0000 -0.1441 -0.9896
vn -0.0000 -0.0249 -0.9997
vn 0.0225 -0.1422 -0.9896
vn 0.0039 -0.0246 -0.9997
vn 0.0445 -0.1370 -0.9896
vn 0.0077 -0.0237 -0.9997
vn 0.0654 -0.1283 -0.9896
vn 0.0113 -0.0222 -0.9997
vn 0.0847 -0.1165 -0.9896
vn 0.0147 -0.0202 -0.9997
vn 0.1018 -0.1018 -0.9896
vn 0.0176 -0.0176 -0.9997
vn 0.1165 -0.0847 -0.9896
vn 0.0202 -0.0147 -0.9997
vn 0.1283 -0.0654 -0.9896
vn 0.0222 -0.0113 -0.9997
vn 0.1370 -0.0445 -0.9896
vn 0.0237 -0.0077 -0.9997
vn 0.1422 -0.0225 -0.9896
vn 0.0246 -0.0039 -0.9997
vn 0.1440 -0.0000 -0.9896
vn 0.0249 -0.0000 -0.9997
vn 0.1422 0.0225 -0.9896
vn 0.0246 0.0039 -0.9997
vn 0.1370 0.0445 -0.9896
vn 0.0237 0.0077 -0.9997
vn 0.1284 0.0654 -0.9896
vn 0.0222 0.0113 -0.9997
vn 0.1165 0.0846 -0.9896
vn 0.0202 0.0147 -0.9997
vn 0.1018 0.1018 -0.9896
vn 0.0176 0.0176 -0.9997
vn 0.0846 0.1165 -0.9896
vn 0.0147 0.0202 -0.9997
vn 0.0654 0.1283 -0.9896
vn 0.0113 0.0222 -0.9997
vn 0.0445 0.1370 -0.9896
vn 0.0077 0.0237 -0.9997
vn 0.0225 0.1422 -0.9896
vn 0.0039 0.0246 -0.9997
vn -0.0000 0.1440 -0.9896
vn -0.0000 0.0249 -0.9997
vn -0.0258 0.1629 -0.9863
vn -0.0510 0.1569 -0.9863
vn -0.0749 0.1469 -0.9863
vn -0.0970 0.1335 -0.9863
vn -0.1166 0.1166 -0.9863
vn -0.1335 0.0970 -0.9863
vn -0.1470 0.0749 -0.9863
vn -0.1569 0.0510 -0.9863
vn -0.1630 0.0258 -0.9863
vn -0.1650 -0.0000 -0.9863
vn -0.1629 -0.0258 -0.9863
vn -0.1569 -0.0510 -0.9863
vn -0.1470 -0.0749 -0.9863
vn -0.1335 -0.0970 -0.9863
vn -0.1166 -0.1166 -0.9863
vn -0.0970 -0.1335 -0.9863
vn -0.0749 -0.1470 -0.9863
vn -0.0510 -0.1569 -0.9863
vn -0.0258 -0.1629 -0.9863
vn -0.0000 -0.1650 -0.9863
vn 0.0258 -0.1629 -0.9863
vn 0.0510 -0.1569 -0.9863
vn 0.0749 -0.1470 -0.9863
vn 0.0970 -0.1335 -0.9863
vn 0.1166 -0.1166 -0.9863
vn 0.1335 -0.0970 -0.9863
vn 0.1470 -0.0749 -0.9863
vn 0.1569 -0.0510 -0.9863
vn 0.1630 -0.0258 -0.9863
vn 0.1650 -0.0000 -0.9863
vn 0.1629 0.0258 -0.9863
vn 0.1569 0.0510 -0.9863
vn 0.1470 0.0749 -0.9863
vn 0.1335 0.0970 -0.9863
vn 0.1166 0.1166 -0.9863
vn 0.0970 0.1335 -0.9863
vn 0.0749 0.1470 -0.9863
vn 0.0510 0.1568 -0.9863
vn 0.0258 0.1630 -0.9863
vn -0.0000 0.1650 -0.9863
vn -0.0000 0.9521 0.3059
vn -0.1489 0.9404 0.3059
vn 0.1489 0.9403 0.3059
vn 0.2942 0.9055 0.3059
vn 0.4322 0.8483 0.3059
vn 0.5596 0.7702 0.3059
vn 0.6732 0.6732 0.3059
vn 0.7702 0.5596 0.3059
vn 0.8483 0.4322 0.3059
vn 0.9055 0.2942 0.3059
vn 0.9403 0.1489 0.3059
vn 0.9521 -0.0000 0.3059
vn 0.9403 -0.1489 0.3059
vn 0.9055 -0.2942 0.3059
vn 0.8483 -0.4322 0.3059
vn 0.7702 -0.5596 0.3059
vn 0.6732 -0.6732 0.3059
vn 0.5596 -0.7702 0.3059
vn 0.4322 -0.8483 0.3059
vn 0.2942 -0.9055 0.3059
vn 0.1489 -0.9403 0.3059
vn -0.0000 -0.9521 0.3059
vn -0.1489 -0.9403 0.3059
vn -0.2942 -0.9055 0.3059
vn -0.4322 -0.8483 0.3059
vn -0.5596 -0.7702 0.3059
vn -0.6732 -0.6732 0.3059
vn -0.7702 -0.5596 0.3059
vn -0.8483 -0.4322 0.3059
vn -0.9055 -0.2942 0.3059
vn -0.9403 -0.1489 0.3059
vn -0.9521 -0.0000 0.3059
vn -0.9403 0.1489 0.3059
vn -0.9055 0.2942 0.3059
vn -0.8483 0.4322 0.3059
vn -0.7702 0.5596 0.3059
vn -0.6732 0.6732 0.3059
vn -0.5596 0.7702 0.3059
vn -0.4322 0.8483 0.3059
vn -0.2942 0.9055 0.3059
vn -0.1489 0.9403 0.3059
vn -0.0000 -0.0592 -0.9982
vn 0.0093 -0.0585 -0.9982
vn -0.0093 -0.0585 -0.9982
vn -0.0183 -0.0563 -0.9982
vn -0.0269 -0.0528 -0.9982
vn -0.0348 -0.0479 -0.9982
vn -0.0419 -0.0419 -0.9982
vn -0.0479 -0.0348 -0.9982
vn -0.0528 -0.0269 -0.9982
vn -0.0563 -0.0183 -0.9982
vn -0.0585 -0.0093 -0.9982
vn -0.0592 -0.0000 -0.9982
vn -0.0585 0.0093 -0.9982
vn -0.0563 0.0183 -0.9982
vn -0.0528 0.0269 -0.9982
vn -0.0479 0.0348 -0.9982
vn -0.0419 0.0419 -0.9982
vn -0.0348 0.0479 -0.9982
vn -0.0269 0.0528 -0.9982
vn -0.0183 0.0563 -0.9982
vn -0.0093 0.0585 -0.9982
vn -0.0000 0.0592 -0.9982
vn 0.0093 0.0585 -0.9982
vn 0.0183 0.0563 -0.9982
vn 0.0269 0.0528 -0.9982
vn 0.0348 0.0479 -0.9982
vn 0.0419 0.0419 -0.9982
vn 0.0479 0.0348 -0.9982
vn 0.0528 0.0269 -0.9982
vn 0.0563 0.0183 -0.9982
vn 0.0585 0.0093 -0.9982
vn 0.0592 -0.0000 -0.9982
vn 0.0585 -0.0093 -0.9982
vn 0.0563 -0.0183 -0.9982
vn 0.0528 -0.0269 -0.9982
vn 0.0479 -0.0348 -0.9982
vn 0.0419 -0.0419 -0.9982
vn 0.0348 -0.0479 -0.9982
vn 0.0269 -0.0528 -0.9982
vn 0.0183 -0.0563 -0.9982
vn -0.1489 0.9403 0.3060
vn -0.1205 0.7606 0.6379
vn -0.2380 0.7324 0.6379
vn -0.2942 0.9055 0.3060
vn 0.2852 -0.8777 -0.3851
vn -0.3496 0.6862 0.6379
vn -0.4322 0.8483 0.3060
vn 0.4190 -0.8223 -0.3851
vn -0.4527 0.6230 0.6379
vn -0.5596 0.7702 0.3060
vn 0.5424 -0.7466 -0.3851
vn -0.5446 0.5445 0.6379
vn -0.6732 0.6732 0.3060
vn 0.6526 -0.6526 -0.3851
vn -0.6230 0.4527 0.6379
vn -0.7702 0.5596 0.3060
vn 0.7466 -0.5424 -0.3851
vn -0.6862 0.3496 0.6379
vn -0.8483 0.4322 0.3060
vn 0.8223 -0.4190 -0.3851
vn -0.7324 0.2380 0.6379
vn -0.9054 0.2942 0.3060
vn 0.8777 -0.2852 -0.3851
vn -0.7606 0.1205 0.6379
vn -0.9403 0.1490 0.3060
vn 0.9115 -0.1444 -0.3851
vn -0.7701 -0.0000 0.6379
vn -0.9520 -0.0000 0.3060
vn 0.9229 -0.0000 -0.3851
vn -0.7606 -0.1205 0.6379
vn -0.9403 -0.1489 0.3060
vn 0.9115 0.1444 -0.3851
vn -0.7324 -0.2380 0.6379
vn -0.9055 -0.2942 0.3060
vn 0.8777 0.2852 -0.3851
vn -0.6862 -0.3496 0.6379
vn -0.8483 -0.4322 0.3060
vn 0.8223 0.4190 -0.3851
vn -0.6230 -0.4527 0.6379
vn -0.7702 -0.5596 0.3060
vn 0.7466 0.5424 -0.3851
vn -0.5446 -0.5446 0.6379
vn -0.6732 -0.6732 0.3060
vn -0.4527 -0.6230 0.6379
vn -0.5596 -0.7702 0.3060
vn -0.3496 -0.6862 0.6379
vn -0.4322 -0.8483 0.3060
vn -0.2380 -0.7324 0.6379
vn -0.2942 -0.9054 0.3060
vn 0.2852 0.8777 -0.3851
vn -0.1205 -0.7606 0.6379
vn -0.1490 -0.9403 0.3060
vn 0.1444 0.9115 -0.3851
vn -0.0000 -0.7701 0.6379
vn -0.0000 -0.9520 0.3060
vn -0.0000 0.9229 -0.3851
vn 0.1205 -0.7606 0.6379
vn 0.1489 -0.9403 0.3060
vn -0.1444 0.9115 -0.3851
vn 0.2380 -0.7324 0.6379
vn 0.2942 -0.9054 0.3060
vn -0.2852 0.8777 -0.3851
vn 0.3496 -0.6862 0.6379
vn 0.4322 -0.8483 0.3060
vn 0.4527 -0.6230 0.6379
vn 0.5596 -0.7702 0.3060
vn 0.5446 -0.5446 0.6379
vn 0.6732 -0.6732 0.3060
vn -0.6526 0.6526 -0.3851
vn 0.6230 -0.4527 0.6379
vn 0.7702 -0.5596 0.3060
vn -0.7466 0.5424 -0.3851
vn 0.6862 -0.3496 0.6379
vn 0.8483 -0.4322 0.3060
vn -0.8223 0.4190 -0.3851
vn 0.7324 -0.2380 0.6379
vn 0.9054 -0.2942 0.3060
vn 0.7606 -0.1205 0.6379
vn 0.9403 -0.1490 0.3060
vn -0.9115 0.1444 -0.3851
vn 0.7701 -0.0000 0.6379
vn 0.9520 -0.0000 0.3060
vn -0.9229 -0.0000 -0.3851
vn 0.7606 0.1205 0.6379
vn 0.9403 0.1489 0.3060
vn -0.9115 -0.1444 -0.3851
vn 0.7324 0.2380 0.6379
vn 0.9055 0.2942 0.3060
vn -0.8777 -0.2852 -0.3851
vn 0.6862 0.3496 0.6379
vn 0.8483 0.4322 0.3060
vn -0.8223 -0.4190 -0.3851
vn 0.6230 0.4527 0.6379
vn 0.7702 0.5596 0.3060
vn -0.7466 -0.5424 -0.3851
vn 0.5446 0.5446 0.6379
vn 0.6732 0.6732 0.3060
vn -0.6526 -0.6526 -0.3851
vn 0.4527 0.6230 0.6379
vn 0.5596 0.7702 0.3060
vn -0.5424 -0.7466 -0.3851
vn 0.3496 0.6862 0.6379
vn 0.4322 0.8483 0.3060
vn -0.4190 -0.8223 -0.3851
vn 0.2380 0.7324 0.6379
vn 0.2942 0.9054 0.3060
vn -0.2852 -0.8777 -0.3851
vn 0.1205 0.7606 0.6379
vn 0.1490 0.9403 0.3060
vn -0.1444 -0.9115 -0.3851
vn -0.0000 0.7701 0.6379
vn -0.0000 0.9520 0.3060
vn -0.2334 0.9724 -0.0000
vn 0.2334 -0.9724 -0.0000
vn -0.3827 0.9239 -0.0000
vn 0.3827 -0.9239 -0.0000
vn -0.5225 0.8526 -0.0000
vn 0.5225 -0.8526 -0.0000
vn -0.6494 0.7604 -0.0000
vn 0.6494 -0.7604 -0.0000
vn 0.6495 -0.7604 -0.0000
vn -0.7604 0.6495 -0.0000
vn -0.7604 0.6494 -0.0000
vn 0.7604 -0.6495 -0.0000
vn 0.7604 -0.6494 -0.0000
vn -0.8526 0.5225 -0.0000
vn 0.8526 -0.5225 -0.0000
vn -0.9239 0.3827 -0.0000
vn 0.9239 -0.3827 -0.0000
vn -0.9724 0.2334 -0.0000
vn 0.9724 -0.2334 -0.0000
vn -0.9969 0.0785 -0.0000
vn 0.9969 -0.0785 -0.0000
vn -0.9969 -0.0785 -0.0000
vn 0.9969 0.0785 -0.0000
vn -0.9724 -0.2334 -0.0000
vn 0.9724 0.2334 -0.0000
vn -0.9239 -0.3827 -0.0000
vn 0.9239 0.3827 -0.0000
vn -0.8526 -0.5225 -0.0000
vn 0.8526 0.5225 -0.0000
vn -0.7604 -0.6495 -0.0000
vn -0.7604 -0.6494 -0.0000
vn 0.7604 0.6494 -0.0000
vn 0.7604 0.6495 -0.0000
vn -0.6494 -0.7604 -0.0000
vn -0.6495 -0.7604 -0.0000
vn 0.6494 0.7604 -0.0000
vn -0.5225 -0.8526 -0.0000
vn 0.5225 0.8526 -0.0000
vn -0.3827 -0.9239 -0.0000
vn 0.3827 0.9239 -0.0000
vn -0.2334 -0.9724 -0.0000
vn 0.2335 0.9724 -0.0000
vn 0.2334 0.9724 -0.0000
vn -0.0785 -0.9969 -0.0000
vn 0.0785 0.9969 -0.0000
vn 0.0785 -0.9969 -0.0000
vn -0.0785 0.9969 -0.0000
vn -0.6495 0.7604 -0.0000
vn 0.6495 0.7604 -0.0000
vn -0.9724 0.2335 -0.0000
vt 0.313292 0.730201
vt 0.311376 0.722217
vt 0.261614 0.738386
vt 0.308234 0.714632
vt 0.303944 0.707631
vt 0.298612 0.701388
vt 0.292368 0.696056
vt 0.285368 0.691766
vt 0.277783 0.688624
vt 0.269799 0.686707
vt 0.261614 0.686063
vt 0.253429 0.686707
vt 0.245445 0.688624
vt 0.237860 0.691766
vt 0.230859 0.696056
vt 0.224616 0.701388
vt 0.219284 0.707631
vt 0.214994 0.714632
vt 0.211852 0.722217
vt 0.209935 0.730201
vt 0.209291 0.738386
vt 0.209935 0.746571
vt 0.211852 0.754555
vt 0.214994 0.762140
vt 0.219284 0.769141
vt 0.224616 0.775384
vt 0.230859 0.780716
vt 0.237860 0.785006
vt 0.245445 0.788148
vt 0.253429 0.790065
vt 0.261614 0.790709
vt 0.269799 0.790065
vt 0.277783 0.788148
vt 0.285368 0.785006
vt 0.292368 0.780716
vt 0.298612 0.775384
vt 0.303944 0.769141
vt 0.308234 0.762140
vt 0.311376 0.754555
vt 0.313293 0.746571
vt 0.313937 0.738386
vt 0.286337 0.231624
vt 0.239105 0.239105
vt 0.284585 0.224327
vt 0.281714 0.217395
vt 0.277793 0.210996
vt 0.272920 0.205290
vt 0.267213 0.200417
vt 0.260815 0.196496
vt 0.253882 0.193624
vt 0.246586 0.191873
vt 0.239105 0.191284
vt 0.231624 0.191873
vt 0.224327 0.193624
vt 0.217395 0.196496
vt 0.210997 0.200417
vt 0.205290 0.205290
vt 0.200417 0.210996
vt 0.196496 0.217395
vt 0.193625 0.224327
vt 0.191873 0.231624
vt 0.191284 0.239105
vt 0.191873 0.246586
vt 0.193625 0.253882
vt 0.196496 0.260815
vt 0.200417 0.267213
vt 0.205290 0.272919
vt 0.210997 0.277793
vt 0.217395 0.281714
vt 0.224327 0.284585
vt 0.231624 0.286337
vt 0.239105 0.286926
vt 0.246586 0.286337
vt 0.253882 0.284585
vt 0.260815 0.281714
vt 0.267213 0.277793
vt 0.272920 0.272919
vt 0.277793 0.267213
vt 0.281714 0.260815
vt 0.284585 0.253882
vt 0.286337 0.246586
vt 0.286926 0.239105
vt 0.250000 1.000000
vt 0.272727 1.000000
vt 0.272727 0.750000
vt 0.250000 0.750000
vt 0.295455 1.000000
vt 0.295455 0.750000
vt 0.318182 1.000000
vt 0.318182 0.750000
vt 0.340909 1.000000
vt 0.340909 0.750000
vt 0.363636 1.000000
vt 0.363636 0.750000
vt 0.386364 1.000000
vt 0.386364 0.750000
vt 0.409091 1.000000
vt 0.409091 0.750000
vt 0.431818 1.000000
vt 0.431818 0.750000
vt 0.454545 1.000000
vt 0.454545 0.750000
vt 0.477273 1.000000
vt 0.477273 0.750000
vt 0.500000 1.000000
vt 0.500000 0.750000
vt 0.272727 0.500000
vt 0.250000 0.500000
vt 0.295455 0.500000
vt 0.318182 0.500000
vt 0.340909 0.500000
vt 0.363636 0.500000
vt 0.386364 0.500000
vt 0.409091 0.500000
vt 0.431818 0.500000
vt 0.454545 0.500000
vt 0.477273 0.500000
vt 0.500000 0.500000
vt 0.272727 0.250000
vt 0.250000 0.250000
vt 0.295455 0.250000
vt 0.318182 0.250000
vt 0.340909 0.250000
vt 0.363636 0.250000
vt 0.386364 0.250000
vt 0.409091 0.250000
vt 0.431818 0.250000
vt 0.454545 0.250000
vt 0.477273 0.250000
vt 0.500000 0.250000
vt 0.272727 0.000000
vt 0.250000 0.000000
vt 0.295455 0.000000
vt 0.318182 0.000000
vt 0.340909 0.000000
vt 0.363636 0.000000
vt 0.386364 0.000000
vt 0.409091 0.000000
vt 0.431818 0.000000
vt 0.454545 0.000000
vt 0.477273 0.000000
vt 0.500000 0.000000
vt 0.750000 1.000000
vt 0.750000 0.750000
vt 0.000000 1.000000
vt 0.000000 0.750000
vt 0.249998 0.999993
vt 0.272725 0.999993
vt 0.272725 0.749995
vt 0.249998 0.749995
vt 0.295452 0.999993
vt 0.295452 0.749995
vt 0.318180 0.999993
vt 0.318180 0.749995
vt 0.340907 0.999993
vt 0.340907 0.749995
vt 0.363634 0.999993
vt 0.363634 0.749995
vt 0.386361 0.999993
vt 0.386361 0.749995
vt 0.409088 0.999993
vt 0.409088 0.749995
vt 0.431815 0.999993
vt 0.431815 0.749995
vt 0.454542 0.999993
vt 0.454542 0.749995
vt 0.477269 0.999993
vt 0.477269 0.749995
vt 0.499996 0.999993
vt 0.499996 0.749995
vt 0.272725 0.499996
vt 0.249998 0.499996
vt 0.295452 0.499996
vt 0.318180 0.499996
vt 0.340907 0.499996
vt 0.363634 0.499996
vt 0.386361 0.499996
vt 0.409088 0.499996
vt 0.431815 0.499996
vt 0.454542 0.499996
vt 0.477269 0.499996
vt 0.499996 0.499996
vt 0.272725 0.249998
vt 0.249998 0.249998
vt 0.295452 0.249998
vt 0.318180 0.249998
vt 0.340907 0.249998
vt 0.363634 0.249998
vt 0.386361 0.249998
vt 0.409088 0.249998
vt 0.431815 0.249998
vt 0.454542 0.249998
vt 0.477269 0.249998
vt 0.499996 0.249998
vt 0.272725 0.000000
vt 0.249998 0.000000
vt 0.295452 0.000000
vt 0.318180 0.000000
vt 0.340907 0.000000
vt 0.363634 0.000000
vt 0.386361 0.000000
vt 0.409088 0.000000
vt 0.431815 0.000000
vt 0.454542 0.000000
vt 0.477269 0.000000
vt 0.499996 0.000000
vt 0.749995 0.999993
vt 0.749995 0.749995
vt -0.000000 0.999993
vt -0.000000 0.749995
vt 0.012720 1.000000
vt 0.012720 0.945341
vt 0.000000 0.945341
vt 0.025441 1.000000
vt 0.025441 0.945341
vt 0.038161 1.000000
vt 0.038161 0.945341
vt 0.050881 1.000000
vt 0.050881 0.945341
vt 0.063601 1.000000
vt 0.063601 0.945341
vt 0.076322 1.000000
vt 0.076322 0.945341
vt 0.089042 1.000000
vt 0.089042 0.945341
vt 0.101762 1.000000
vt 0.101762 0.945341
vt 0.114483 1.000000
vt 0.114483 0.945341
vt 0.127203 1.000000
vt 0.127203 0.945341
vt 0.139923 1.000000
vt 0.139923 0.945341
vt 0.152644 1.000000
vt 0.152644 0.945341
vt 0.165364 1.000000
vt 0.165364 0.945341
vt 0.178084 1.000000
vt 0.178084 0.945341
vt 0.190804 1.000000
vt 0.190804 0.945341
vt 0.203525 1.000000
vt 0.203525 0.945341
vt 0.216245 1.000000
vt 0.216245 0.945341
vt 0.228965 1.000000
vt 0.228965 0.945341
vt 0.241686 1.000000
vt 0.241686 0.945341
vt 0.254406 1.000000
vt 0.254406 0.945341
vt 0.267126 1.000000
vt 0.267126 0.945341
vt 0.279847 1.000000
vt 0.279847 0.945341
vt 0.292567 1.000000
vt 0.292567 0.945341
vt 0.305287 1.000000
vt 0.305287 0.945341
vt 0.318008 1.000000
vt 0.318008 0.945341
vt 0.330728 1.000000
vt 0.330728 0.945341
vt 0.343448 1.000000
vt 0.343448 0.945341
vt 0.356169 1.000000
vt 0.356169 0.945341
vt 0.368889 1.000000
vt 0.368889 0.945341
vt 0.381609 1.000000
vt 0.381609 0.945341
vt 0.394330 1.000000
vt 0.394330 0.945341
vt 0.407050 1.000000
vt 0.407050 0.945341
vt 0.419771 1.000000
vt 0.419771 0.945341
vt 0.432491 1.000000
vt 0.432491 0.945341
vt 0.445211 1.000000
vt 0.445211 0.945341
vt 0.457932 1.000000
vt 0.457932 0.945341
vt 0.470652 1.000000
vt 0.470652 0.945341
vt 0.483372 1.000000
vt 0.483372 0.945341
vt 0.496093 1.000000
vt 0.496093 0.945341
vt 0.508813 1.000000
vt 0.508813 0.945341
vt 0.508813 0.292455
vt 0.496093 0.292455
vt 0.483372 0.292455
vt 0.470652 0.292455
vt 0.457932 0.292455
vt 0.445211 0.292455
vt 0.432491 0.292455
vt 0.419771 0.292455
vt 0.407050 0.292455
vt 0.394330 0.292455
vt 0.381609 0.292455
vt 0.368889 0.292455
vt 0.356169 0.292455
vt 0.343448 0.292455
vt 0.330728 0.292455
vt 0.318008 0.292455
vt 0.305287 0.292455
vt 0.292567 0.292455
vt 0.279847 0.292455
vt 0.267126 0.292455
vt 0.254406 0.292455
vt 0.241686 0.292455
vt 0.228965 0.292455
vt 0.216245 0.292455
vt 0.203525 0.292455
vt 0.190804 0.292455
vt 0.178084 0.292455
vt 0.165364 0.292455
vt 0.152644 0.292455
vt 0.139923 0.292455
vt 0.127203 0.292455
vt 0.114483 0.292455
vt 0.101762 0.292455
vt 0.089042 0.292455
vt 0.076322 0.292455
vt 0.063601 0.292455
vt 0.050881 0.292455
vt 0.038161 0.292455
vt 0.025441 0.292455
vt 0.012720 0.292455
vt 0.000000 0.292455
vt 0.508813 0.236782
vt 0.496093 0.236782
vt 0.483372 0.236782
vt 0.470652 0.236782
vt 0.457932 0.236782
vt 0.445211 0.236782
vt 0.432491 0.236782
vt 0.419771 0.236782
vt 0.407050 0.236782
vt 0.394330 0.236782
vt 0.381609 0.236782
vt 0.368889 0.236782
vt 0.356169 0.236782
vt 0.343448 0.236782
vt 0.330728 0.236782
vt 0.318008 0.236782
vt 0.305287 0.236782
vt 0.292567 0.236782
vt 0.279847 0.236782
vt 0.267126 0.236782
vt 0.254406 0.236782
vt 0.241686 0.236782
vt 0.228965 0.236782
vt 0.216245 0.236782
vt 0.203525 0.236782
vt 0.190804 0.236782
vt 0.178084 0.236782
vt 0.165364 0.236782
vt 0.152644 0.236782
vt 0.139923 0.236782
vt 0.127203 0.236782
vt 0.114483 0.236782
vt 0.101762 0.236782
vt 0.089042 0.236782
vt 0.076322 0.236782
vt 0.063601 0.236782
vt 0.050881 0.236782
vt 0.038161 0.236782
vt 0.025441 0.236782
vt 0.012720 0.236782
vt 0.000000 0.236782
vt 0.736827 0.164068
vt 0.738441 0.143562
vt 0.736827 0.123055
vt 0.732025 0.103054
vt 0.724154 0.084050
vt 0.713406 0.066512
vt 0.700047 0.050871
vt 0.684406 0.037512
vt 0.666867 0.026764
vt 0.647864 0.018892
vt 0.627862 0.014091
vt 0.607356 0.012477
vt 0.586850 0.014091
vt 0.566849 0.018892
vt 0.547845 0.026764
vt 0.530306 0.037512
vt 0.514665 0.050871
vt 0.501306 0.066512
vt 0.490558 0.084050
vt 0.482687 0.103054
vt 0.477885 0.123055
vt 0.476271 0.143562
vt 0.477885 0.164068
vt 0.482687 0.184069
vt 0.490558 0.203073
vt 0.501306 0.220612
vt 0.514665 0.236253
vt 0.530306 0.249612
vt 0.547845 0.260359
vt 0.566849 0.268231
vt 0.586850 0.273033
vt 0.607356 0.274647
vt 0.627862 0.273033
vt 0.647864 0.268231
vt 0.666867 0.260359
vt 0.684406 0.249612
vt 0.700047 0.236253
vt 0.713406 0.220612
vt 0.724154 0.203073
vt 0.732025 0.184069
vt 0.512119 1.000000
vt 0.512119 0.948053
vt 0.524209 0.948053
vt 0.524209 1.000000
vt 0.536298 0.948053
vt 0.536298 1.000000
vt 0.548387 0.948053
vt 0.548387 1.000000
vt 0.560476 0.948053
vt 0.560476 1.000000
vt 0.572566 0.948053
vt 0.572566 1.000000
vt 0.584655 0.948053
vt 0.584655 1.000000
vt 0.596744 0.948053
vt 0.596744 1.000000
vt 0.608833 0.948053
vt 0.608833 1.000000
vt 0.620923 0.948053
vt 0.620923 1.000000
vt 0.633012 0.948053
vt 0.633012 1.000000
vt 0.645101 0.948053
vt 0.645101 1.000000
vt 0.657190 0.948053
vt 0.657190 1.000000
vt 0.669280 0.948053
vt 0.669280 1.000000
vt 0.681369 0.948053
vt 0.681369 1.000000
vt 0.693458 0.948053
vt 0.693458 1.000000
vt 0.705547 0.948053
vt 0.705547 1.000000
vt 0.717637 0.948053
vt 0.717637 1.000000
vt 0.729726 0.948053
vt 0.729726 1.000000
vt 0.741815 0.948053
vt 0.741815 1.000000
vt 0.753904 0.948053
vt 0.753904 1.000000
vt 0.765994 0.948053
vt 0.765994 1.000000
vt 0.778083 0.948053
vt 0.778083 1.000000
vt 0.790172 0.948053
vt 0.790172 1.000000
vt 0.802261 0.948053
vt 0.802261 1.000000
vt 0.814351 0.948053
vt 0.814351 1.000000
vt 0.826440 0.948053
vt 0.826440 1.000000
vt 0.838529 0.948053
vt 0.838529 1.000000
vt 0.850619 0.948053
vt 0.850619 1.000000
vt 0.862708 0.948053
vt 0.862708 1.000000
vt 0.874797 0.948053
vt 0.874797 1.000000
vt 0.886887 0.948053
vt 0.886887 1.000000
vt 0.898976 0.948053
vt 0.898976 1.000000
vt 0.911065 0.948053
vt 0.911065 1.000000
vt 0.923154 0.948053
vt 0.923154 1.000000
vt 0.935244 0.948053
vt 0.935244 1.000000
vt 0.947333 0.948053
vt 0.947333 1.000000
vt 0.959422 0.948053
vt 0.959422 1.000000
vt 0.971512 0.948053
vt 0.971512 1.000000
vt 0.983601 0.948053
vt 0.983601 1.000000
vt 0.995690 0.948053
vt 0.995690 1.000000
vt 0.983601 0.327556
vt 0.995690 0.327556
vt 0.971512 0.327556
vt 0.959422 0.327556
vt 0.947333 0.327556
vt 0.935244 0.327556
vt 0.923154 0.327556
vt 0.911065 0.327556
vt 0.898976 0.327556
vt 0.886887 0.327556
vt 0.874797 0.327556
vt 0.862708 0.327556
vt 0.850619 0.327556
vt 0.838529 0.327556
vt 0.826440 0.327556
vt 0.814351 0.327556
vt 0.802261 0.327556
vt 0.790172 0.327556
vt 0.778083 0.327556
vt 0.765994 0.327556
vt 0.753904 0.327556
vt 0.741815 0.327556
vt 0.729726 0.327556
vt 0.717637 0.327556
vt 0.705547 0.327556
vt 0.693458 0.327556
vt 0.681369 0.327556
vt 0.669280 0.327556
vt 0.657190 0.327556
vt 0.645101 0.327556
vt 0.633012 0.327556
vt 0.620923 0.327556
vt 0.608833 0.327556
vt 0.596744 0.327556
vt 0.584655 0.327556
vt 0.572566 0.327556
vt 0.560476 0.327556
vt 0.548387 0.327556
vt 0.536298 0.327556
vt 0.524209 0.327556
vt 0.512119 0.327556
vt 0.983601 0.274645
vt 0.995690 0.274645
vt 0.971512 0.274645
vt 0.959422 0.274645
vt 0.947333 0.274645
vt 0.935244 0.274645
vt 0.923154 0.274645
vt 0.911065 0.274645
vt 0.898976 0.274645
vt 0.886887 0.274645
vt 0.874797 0.274645
vt 0.862708 0.274645
vt 0.850619 0.274645
vt 0.838529 0.274645
vt 0.826440 0.274645
vt 0.814351 0.274645
vt 0.802261 0.274645
vt 0.790172 0.274645
vt 0.778083 0.274645
vt 0.765994 0.274645
vt 0.753904 0.274645
vt 0.741815 0.274645
vt 0.729726 0.274645
vt 0.717637 0.274645
vt 0.705547 0.274645
vt 0.693458 0.274645
vt 0.681369 0.274645
vt 0.669280 0.274645
vt 0.657190 0.274645
vt 0.645101 0.274645
vt 0.633012 0.274645
vt 0.620923 0.274645
vt 0.608833 0.274645
vt 0.596744 0.274645
vt 0.584655 0.274645
vt 0.572566 0.274645
vt 0.560476 0.274645
vt 0.548387 0.274645
vt 0.536298 0.274645
vt 0.524209 0.274645
vt 0.512119 0.274645
vt 0.998415 0.166067
vt 1.000000 0.145932
vt 0.998415 0.125796
vt 0.993700 0.106157
vt 0.985971 0.087497
vt 0.975418 0.070276
vt 0.962301 0.054917
vt 0.946942 0.041800
vt 0.929721 0.031247
vt 0.911061 0.023518
vt 0.891422 0.018803
vt 0.871287 0.017218
vt 0.851151 0.018803
vt 0.831512 0.023518
vt 0.812852 0.031247
vt 0.795631 0.041800
vt 0.780272 0.054917
vt 0.767155 0.070276
vt 0.756602 0.087497
vt 0.748873 0.106157
vt 0.744158 0.125796
vt 0.742573 0.145932
vt 0.744158 0.166067
vt 0.748873 0.185706
vt 0.756602 0.204366
vt 0.767155 0.221587
vt 0.780272 0.236946
vt 0.795631 0.250063
vt 0.812852 0.260616
vt 0.831512 0.268345
vt 0.851151 0.273060
vt 0.871287 0.274645
vt 0.891422 0.273060
vt 0.911061 0.268345
vt 0.929721 0.260616
vt 0.946943 0.250063
vt 0.962301 0.236946
vt 0.975418 0.221587
vt 0.985971 0.204366
vt 0.993700 0.185706
vt 0.525777 0.999999
vt 0.531316 0.999999
vt 0.531316 0.951198
vt 0.525777 0.951198
vt 0.536855 0.999999
vt 0.536855 0.951198
vt 0.542394 0.999999
vt 0.542394 0.951198
vt 0.547933 0.999999
vt 0.547933 0.951198
vt 0.553472 0.999999
vt 0.553472 0.951198
vt 0.559010 0.999999
vt 0.559010 0.951198
vt 0.564549 0.999999
vt 0.564549 0.951198
vt 0.570088 0.999999
vt 0.570088 0.951198
vt 0.575627 0.999999
vt 0.575627 0.951198
vt 0.581166 0.999999
vt 0.581166 0.951198
vt 0.586705 0.999999
vt 0.586705 0.951198
vt 0.592244 0.999999
vt 0.592244 0.951198
vt 0.597782 0.999999
vt 0.597782 0.951198
vt 0.603321 0.999999
vt 0.603321 0.951198
vt 0.608860 0.999999
vt 0.608860 0.951198
vt 0.614399 0.999999
vt 0.614399 0.951198
vt 0.619938 0.999999
vt 0.619938 0.951198
vt 0.625477 0.999999
vt 0.625477 0.951198
vt 0.631015 0.999999
vt 0.631015 0.951198
vt 0.636554 0.999999
vt 0.636554 0.951198
vt 0.642093 0.999999
vt 0.642093 0.951198
vt 0.647632 0.999999
vt 0.647632 0.951198
vt 0.653171 0.999999
vt 0.653171 0.951198
vt 0.658710 0.999999
vt 0.658710 0.951198
vt 0.664249 0.999999
vt 0.664249 0.951198
vt 0.669788 0.999999
vt 0.669788 0.951198
vt 0.675326 0.999999
vt 0.675326 0.951198
vt 0.680865 0.999999
vt 0.680865 0.951198
vt 0.686404 0.999999
vt 0.686404 0.951198
vt 0.691943 0.999999
vt 0.691943 0.951198
vt 0.697482 0.999999
vt 0.697482 0.951198
vt 0.703021 0.999999
vt 0.703021 0.951198
vt 0.708560 0.999999
vt 0.708560 0.951198
vt 0.714099 0.999999
vt 0.714099 0.951198
vt 0.719638 0.999999
vt 0.719638 0.951198
vt 0.725176 0.999999
vt 0.725176 0.951198
vt 0.730715 0.999999
vt 0.730715 0.951198
vt 0.736254 0.999999
vt 0.736254 0.951198
vt 0.741793 0.999999
vt 0.741793 0.951198
vt 0.747332 0.999999
vt 0.747332 0.951198
vt 0.520007 0.697461
vt 0.510423 0.657543
vt 0.503169 0.659900
vt 0.512474 0.698654
vt 0.494714 0.619616
vt 0.487918 0.623078
vt 0.473264 0.584613
vt 0.467093 0.589096
vt 0.446603 0.553397
vt 0.441210 0.558790
vt 0.415387 0.526736
vt 0.410903 0.532907
vt 0.380384 0.505286
vt 0.376921 0.512082
vt 0.342457 0.489576
vt 0.340100 0.496830
vt 0.302539 0.479993
vt 0.301346 0.487526
vt 0.261614 0.476772
vt 0.261614 0.484399
vt 0.220688 0.479993
vt 0.221882 0.487526
vt 0.180771 0.489576
vt 0.183128 0.496830
vt 0.142844 0.505286
vt 0.146306 0.512082
vt 0.107841 0.526736
vt 0.112324 0.532907
vt 0.076625 0.553397
vt 0.082018 0.558790
vt 0.049964 0.584613
vt 0.056134 0.589096
vt 0.028514 0.619616
vt 0.035310 0.623078
vt 0.012804 0.657543
vt 0.020058 0.659900
vt 0.003221 0.697461
vt 0.010754 0.698654
vt 0.000000 0.738386
vt 0.007627 0.738386
vt 0.003221 0.779311
vt 0.010754 0.778118
vt 0.012804 0.819229
vt 0.020058 0.816872
vt 0.028514 0.857156
vt 0.035310 0.853694
vt 0.049964 0.892159
vt 0.056134 0.887676
vt 0.076625 0.923375
vt 0.082018 0.917982
vt 0.107841 0.950036
vt 0.112324 0.943866
vt 0.142844 0.971486
vt 0.146306 0.964690
vt 0.180771 0.987196
vt 0.183128 0.979942
vt 0.220689 0.996779
vt 0.221882 0.989246
vt 0.261614 1.000000
vt 0.261614 0.992373
vt 0.302539 0.996779
vt 0.301346 0.989246
vt 0.342457 0.987196
vt 0.340100 0.979942
vt 0.380384 0.971486
vt 0.376922 0.964690
vt 0.415387 0.950036
vt 0.410904 0.943865
vt 0.446603 0.923375
vt 0.441210 0.917982
vt 0.473264 0.892159
vt 0.467093 0.887676
vt 0.494714 0.857156
vt 0.487918 0.853693
vt 0.510424 0.819229
vt 0.503170 0.816872
vt 0.520007 0.779311
vt 0.512474 0.778118
vt 0.523228 0.738386
vt 0.515601 0.738386
vt 0.468328 0.705646
vt 0.460662 0.673711
vt 0.410900 0.689880
vt 0.416650 0.713831
vt 0.448094 0.643370
vt 0.401474 0.667124
vt 0.430934 0.615368
vt 0.388604 0.646122
vt 0.409605 0.590395
vt 0.372607 0.627393
vt 0.384632 0.569066
vt 0.353878 0.611396
vt 0.356630 0.551906
vt 0.332876 0.598526
vt 0.326288 0.539338
vt 0.310120 0.589100
vt 0.294354 0.531672
vt 0.286169 0.583350
vt 0.261614 0.529095
vt 0.261614 0.581418
vt 0.228874 0.531672
vt 0.237059 0.583350
vt 0.196939 0.539338
vt 0.213108 0.589100
vt 0.166598 0.551906
vt 0.190352 0.598526
vt 0.138596 0.569066
vt 0.169350 0.611396
vt 0.113623 0.590395
vt 0.150620 0.627393
vt 0.092294 0.615368
vt 0.134624 0.646122
vt 0.075134 0.643370
vt 0.121754 0.667124
vt 0.062566 0.673711
vt 0.112328 0.689880
vt 0.054899 0.705646
vt 0.106578 0.713831
vt 0.052323 0.738386
vt 0.104646 0.738386
vt 0.054899 0.771126
vt 0.106578 0.762941
vt 0.062566 0.803061
vt 0.112328 0.786892
vt 0.075134 0.833402
vt 0.121754 0.809648
vt 0.092294 0.861404
vt 0.134624 0.830650
vt 0.113623 0.886377
vt 0.150621 0.849379
vt 0.138596 0.907706
vt 0.169350 0.865376
vt 0.166598 0.924866
vt 0.190352 0.878246
vt 0.196939 0.937434
vt 0.213108 0.887672
vt 0.228874 0.945100
vt 0.237059 0.893422
vt 0.261614 0.947677
vt 0.261614 0.895354
vt 0.294354 0.945100
vt 0.286169 0.893422
vt 0.326288 0.937434
vt 0.310120 0.887672
vt 0.356630 0.924866
vt 0.332876 0.878246
vt 0.384632 0.907706
vt 0.353878 0.865376
vt 0.409605 0.886377
vt 0.372607 0.849379
vt 0.430934 0.861404
vt 0.388604 0.830650
vt 0.448094 0.833402
vt 0.401474 0.809648
vt 0.460662 0.803061
vt 0.410900 0.786892
vt 0.468328 0.771126
vt 0.416650 0.762941
vt 0.470905 0.738386
vt 0.418582 0.738386
vt 0.361138 0.706049
vt 0.364971 0.722016
vt 0.354854 0.690878
vt 0.346274 0.676877
vt 0.335609 0.664390
vt 0.323123 0.653726
vt 0.309122 0.645146
vt 0.293951 0.638862
vt 0.277984 0.635029
vt 0.261614 0.633740
vt 0.245244 0.635029
vt 0.229277 0.638862
vt 0.214106 0.645146
vt 0.200105 0.653726
vt 0.187618 0.664390
vt 0.176954 0.676877
vt 0.168374 0.690878
vt 0.162090 0.706049
vt 0.158257 0.722016
vt 0.156968 0.738386
vt 0.158257 0.754756
vt 0.162090 0.770723
vt 0.168374 0.785894
vt 0.176954 0.799895
vt 0.187618 0.812382
vt 0.200105 0.823046
vt 0.214106 0.831626
vt 0.229277 0.837910
vt 0.245244 0.841743
vt 0.261614 0.843032
vt 0.277984 0.841743
vt 0.293951 0.837910
vt 0.309122 0.831626
vt 0.323123 0.823046
vt 0.335610 0.812382
vt 0.346274 0.799895
vt 0.354854 0.785894
vt 0.361138 0.770723
vt 0.364971 0.754756
vt 0.366259 0.738386
vt 0.747332 0.720871
vt 0.741793 0.720871
vt 0.736254 0.720871
vt 0.730715 0.720871
vt 0.725176 0.720871
vt 0.719638 0.720871
vt 0.714099 0.720871
vt 0.708560 0.720871
vt 0.703021 0.720871
vt 0.697482 0.720871
vt 0.691943 0.720871
vt 0.686404 0.720871
vt 0.680865 0.720871
vt 0.675326 0.720871
vt 0.669788 0.720871
vt 0.664249 0.720871
vt 0.658710 0.720871
vt 0.653171 0.720871
vt 0.647632 0.720871
vt 0.642093 0.720871
vt 0.636554 0.720871
vt 0.631015 0.720871
vt 0.625477 0.720871
vt 0.619938 0.720871
vt 0.614399 0.720871
vt 0.608860 0.720871
vt 0.603321 0.720871
vt 0.597782 0.720871
vt 0.592244 0.720871
vt 0.586705 0.720871
vt 0.581166 0.720871
vt 0.575627 0.720871
vt 0.570088 0.720871
vt 0.564549 0.720871
vt 0.559010 0.720871
vt 0.553472 0.720871
vt 0.547933 0.720871
vt 0.542394 0.720871
vt 0.536855 0.720871
vt 0.531316 0.720871
vt 0.525777 0.720871
vt 0.747332 0.667667
vt 0.741793 0.667667
vt 0.736254 0.667667
vt 0.730715 0.667667
vt 0.725176 0.667667
vt 0.719638 0.667667
vt 0.714099 0.667667
vt 0.708560 0.667667
vt 0.703021 0.667667
vt 0.697482 0.667667
vt 0.691943 0.667667
vt 0.686404 0.667667
vt 0.680865 0.667667
vt 0.675326 0.667667
vt 0.669788 0.667667
vt 0.664249 0.667667
vt 0.658710 0.667667
vt 0.653171 0.667667
vt 0.647632 0.667667
vt 0.642093 0.667667
vt 0.636554 0.667667
vt 0.631015 0.667667
vt 0.625477 0.667667
vt 0.619938 0.667667
vt 0.614399 0.667667
vt 0.608860 0.667667
vt 0.603321 0.667667
vt 0.597782 0.667667
vt 0.592244 0.667667
vt 0.586705 0.667667
vt 0.581166 0.667667
vt 0.575627 0.667667
vt 0.570088 0.667667
vt 0.564549 0.667667
vt 0.559010 0.667667
vt 0.553472 0.667667
vt 0.547933 0.667667
vt 0.542394 0.667667
vt 0.536855 0.667667
vt 0.531316 0.667667
vt 0.525777 0.667667
vt 0.750505 0.999999
vt 0.750505 0.953179
vt 0.755819 0.953179
vt 0.755819 0.999999
vt 0.761133 0.953179
vt 0.761133 0.999999
vt 0.766446 0.953179
vt 0.766446 0.999999
vt 0.771760 0.953179
vt 0.771760 0.999999
vt 0.777074 0.953179
vt 0.777074 0.999999
vt 0.782388 0.953179
vt 0.782388 0.999999
vt 0.787702 0.953179
vt 0.787702 0.999999
vt 0.793016 0.953179
vt 0.793016 0.999999
vt 0.798330 0.953179
vt 0.798330 0.999999
vt 0.803644 0.953179
vt 0.803644 0.999999
vt 0.808958 0.953179
vt 0.808958 0.999999
vt 0.814272 0.953179
vt 0.814272 0.999999
vt 0.819586 0.953179
vt 0.819586 0.999999
vt 0.824900 0.953179
vt 0.824900 0.999999
vt 0.830214 0.953179
vt 0.830214 0.999999
vt 0.835528 0.953179
vt 0.835528 0.999999
vt 0.840842 0.953179
vt 0.840842 0.999999
vt 0.846155 0.953179
vt 0.846155 0.999999
vt 0.851469 0.953179
vt 0.851469 0.999999
vt 0.856783 0.953179
vt 0.856783 0.999999
vt 0.862097 0.953179
vt 0.862097 0.999999
vt 0.867411 0.953179
vt 0.867411 0.999999
vt 0.872725 0.953179
vt 0.872725 0.999999
vt 0.878039 0.953179
vt 0.878039 0.999999
vt 0.883353 0.953179
vt 0.883353 0.999999
vt 0.888667 0.953179
vt 0.888667 0.999999
vt 0.893981 0.953179
vt 0.893981 0.999999
vt 0.899295 0.953179
vt 0.899295 0.999999
vt 0.904609 0.953179
vt 0.904609 0.999999
vt 0.909923 0.953179
vt 0.909923 0.999999
vt 0.915237 0.953179
vt 0.915237 0.999999
vt 0.920551 0.953179
vt 0.920551 0.999999
vt 0.925865 0.953179
vt 0.925865 0.999999
vt 0.931179 0.953179
vt 0.931179 0.999999
vt 0.936493 0.953179
vt 0.936493 0.999999
vt 0.941807 0.953179
vt 0.941807 0.999999
vt 0.947121 0.953179
vt 0.947121 0.999999
vt 0.952434 0.953179
vt 0.952435 0.999999
vt 0.957748 0.953179
vt 0.957748 0.999999
vt 0.963062 0.953179
vt 0.963062 0.999999
vt 0.475266 0.201701
vt 0.468381 0.202791
vt 0.459877 0.167372
vt 0.466507 0.165217
vt 0.445938 0.133718
vt 0.452149 0.130554
vt 0.426905 0.102660
vt 0.432545 0.098563
vt 0.403248 0.074961
vt 0.408178 0.070032
vt 0.375550 0.051305
vt 0.379647 0.045665
vt 0.344492 0.032272
vt 0.347656 0.026061
vt 0.310838 0.018332
vt 0.312992 0.011703
vt 0.275419 0.009829
vt 0.276509 0.002944
vt 0.239105 0.006971
vt 0.239105 0.000000
vt 0.202791 0.009829
vt 0.201701 0.002944
vt 0.167372 0.018332
vt 0.165217 0.011703
vt 0.133718 0.032272
vt 0.130554 0.026061
vt 0.102660 0.051305
vt 0.098563 0.045665
vt 0.074961 0.074961
vt 0.070032 0.070032
vt 0.051305 0.102660
vt 0.045665 0.098563
vt 0.032272 0.133718
vt 0.026061 0.130554
vt 0.018332 0.167372
vt 0.011703 0.165217
vt 0.009829 0.202791
vt 0.002944 0.201701
vt 0.006971 0.239105
vt 0.000000 0.239105
vt 0.009829 0.275419
vt 0.002944 0.276509
vt 0.018332 0.310838
vt 0.011703 0.312992
vt 0.032272 0.344492
vt 0.026061 0.347656
vt 0.051305 0.375550
vt 0.045665 0.379647
vt 0.074961 0.403248
vt 0.070032 0.408178
vt 0.102660 0.426905
vt 0.098563 0.432545
vt 0.133718 0.445938
vt 0.130554 0.452149
vt 0.167372 0.459877
vt 0.165217 0.466507
vt 0.202791 0.468381
vt 0.201701 0.475266
vt 0.239105 0.471239
vt 0.239105 0.478210
vt 0.275419 0.468381
vt 0.276509 0.475266
vt 0.310838 0.459877
vt 0.312993 0.466507
vt 0.344492 0.445938
vt 0.347656 0.452149
vt 0.375550 0.426905
vt 0.379647 0.432545
vt 0.403249 0.403248
vt 0.408178 0.408178
vt 0.426905 0.375550
vt 0.432545 0.379647
vt 0.445938 0.344491
vt 0.452149 0.347656
vt 0.459878 0.310838
vt 0.466507 0.312992
vt 0.468381 0.275419
vt 0.475266 0.276509
vt 0.471239 0.239105
vt 0.478210 0.239105
vt 0.428034 0.209181
vt 0.380802 0.216662
vt 0.375546 0.194772
vt 0.421027 0.179995
vt 0.366931 0.173974
vt 0.409540 0.152264
vt 0.355169 0.154779
vt 0.393857 0.126671
vt 0.340549 0.137661
vt 0.374363 0.103847
vt 0.323430 0.123041
vt 0.351539 0.084353
vt 0.304236 0.111278
vt 0.325946 0.068670
vt 0.283437 0.102664
vt 0.298215 0.057183
vt 0.261548 0.097408
vt 0.269028 0.050176
vt 0.239105 0.095642
vt 0.239105 0.047821
vt 0.216662 0.097408
vt 0.209182 0.050176
vt 0.194772 0.102664
vt 0.179995 0.057183
vt 0.173974 0.111278
vt 0.152264 0.068670
vt 0.154779 0.123041
vt 0.126671 0.084353
vt 0.137661 0.137661
vt 0.103847 0.103847
vt 0.123041 0.154779
vt 0.084353 0.126671
vt 0.111279 0.173974
vt 0.068670 0.152264
vt 0.102664 0.194772
vt 0.057183 0.179995
vt 0.097408 0.216662
vt 0.050176 0.209182
vt 0.095642 0.239105
vt 0.047821 0.239105
vt 0.097408 0.261547
vt 0.050176 0.269028
vt 0.102664 0.283437
vt 0.057183 0.298215
vt 0.111279 0.304236
vt 0.068670 0.325946
vt 0.123041 0.323430
vt 0.084353 0.351539
vt 0.137661 0.340549
vt 0.103847 0.374363
vt 0.154780 0.355169
vt 0.126671 0.393857
vt 0.173974 0.366931
vt 0.152264 0.409540
vt 0.194773 0.375546
vt 0.179995 0.421027
vt 0.216662 0.380802
vt 0.209182 0.428034
vt 0.239105 0.382568
vt 0.239105 0.430389
vt 0.261548 0.380802
vt 0.269028 0.428034
vt 0.283437 0.375546
vt 0.298215 0.421027
vt 0.304236 0.366931
vt 0.325946 0.409540
vt 0.323430 0.355169
vt 0.351539 0.393857
vt 0.340549 0.340549
vt 0.374363 0.374363
vt 0.355169 0.323430
vt 0.393857 0.351539
vt 0.366931 0.304236
vt 0.409540 0.325946
vt 0.375546 0.283437
vt 0.421027 0.298215
vt 0.380802 0.261547
vt 0.428034 0.269028
vt 0.382568 0.239105
vt 0.430389 0.239105
vt 0.333569 0.224143
vt 0.330066 0.209550
vt 0.324323 0.195684
vt 0.316481 0.182888
vt 0.306734 0.171476
vt 0.295322 0.161729
vt 0.282526 0.153887
vt 0.268660 0.148144
vt 0.254067 0.144640
vt 0.239105 0.143463
vt 0.224143 0.144640
vt 0.209550 0.148144
vt 0.195684 0.153887
vt 0.182888 0.161729
vt 0.171476 0.171476
vt 0.161729 0.182888
vt 0.153887 0.195684
vt 0.148144 0.209550
vt 0.144641 0.224143
vt 0.143463 0.239105
vt 0.144641 0.254067
vt 0.148144 0.268660
vt 0.153887 0.282525
vt 0.161729 0.295322
vt 0.171476 0.306734
vt 0.182888 0.316481
vt 0.195684 0.324322
vt 0.209550 0.330066
vt 0.224143 0.333569
vt 0.239105 0.334747
vt 0.254067 0.333569
vt 0.268660 0.330066
vt 0.282526 0.324322
vt 0.295322 0.316481
vt 0.306734 0.306734
vt 0.316481 0.295322
vt 0.324323 0.282525
vt 0.330066 0.268660
vt 0.333569 0.254067
vt 0.334747 0.239105
vt 0.957748 0.732206
vt 0.963062 0.732206
vt 0.952435 0.732206
vt 0.947121 0.732206
vt 0.941807 0.732206
vt 0.936493 0.732206
vt 0.931179 0.732206
vt 0.925865 0.732206
vt 0.920551 0.732206
vt 0.915237 0.732206
vt 0.909923 0.732206
vt 0.904609 0.732206
vt 0.899295 0.732206
vt 0.893981 0.732206
vt 0.888667 0.732206
vt 0.883353 0.732206
vt 0.878039 0.732206
vt 0.872725 0.732206
vt 0.867411 0.732206
vt 0.862097 0.732206
vt 0.856783 0.732206
vt 0.851469 0.732206
vt 0.846155 0.732206
vt 0.840842 0.732206
vt 0.835528 0.732206
vt 0.830214 0.732206
vt 0.824900 0.732206
vt 0.819586 0.732206
vt 0.814272 0.732206
vt 0.808958 0.732206
vt 0.803644 0.732206
vt 0.798330 0.732206
vt 0.793016 0.732206
vt 0.787702 0.732206
vt 0.782388 0.732206
vt 0.777074 0.732206
vt 0.771760 0.732206
vt 0.766446 0.732206
vt 0.761133 0.732206
vt 0.755819 0.732206
vt 0.750505 0.732206
vt 0.957748 0.681162
vt 0.963062 0.681162
vt 0.952435 0.681162
vt 0.947121 0.681162
vt 0.941807 0.681162
vt 0.936493 0.681162
vt 0.931179 0.681162
vt 0.925865 0.681162
vt 0.920551 0.681162
vt 0.915237 0.681162
vt 0.909923 0.681162
vt 0.904609 0.681162
vt 0.899295 0.681162
vt 0.893981 0.681162
vt 0.888667 0.681162
vt 0.883353 0.681162
vt 0.878039 0.681162
vt 0.872725 0.681162
vt 0.867411 0.681162
vt 0.862097 0.681162
vt 0.856783 0.681162
vt 0.851469 0.681162
vt 0.846155 0.681162
vt 0.840842 0.681162
vt 0.835528 0.681162
vt 0.830214 0.681162
vt 0.824900 0.681162
vt 0.819586 0.681162
vt 0.814272 0.681162
vt 0.808958 0.681162
vt 0.803644 0.681162
vt 0.798330 0.681162
vt 0.793016 0.681162
vt 0.787702 0.681162
vt 0.782388 0.681162
vt 0.777074 0.681162
vt 0.771760 0.681162
vt 0.766446 0.681162
vt 0.761133 0.681162
vt 0.755819 0.681162
vt 0.750505 0.681162
s 1
usemtl MT_MetalLixeira
f 1/1/1 2/2/2 3/3/3
f 2/2/2 4/4/4 3/3/3
f 4/4/4 5/5/5 3/3/3
f 5/5/5 6/6/6 3/3/3
f 6/6/6 7/7/7 3/3/3
f 7/7/7 8/8/8 3/3/3
f 8/8/8 9/9/9 3/3/3
f 9/9/9 10/10/10 3/3/3
f 10/10/10 11/11/11 3/3/3
f 11/11/11 12/12/12 3/3/3
f 12/12/12 13/13/13 3/3/3
f 13/13/13 14/14/14 3/3/3
f 14/14/14 15/15/15 3/3/3
f 15/15/15 16/16/16 3/3/3
f 16/16/16 17/17/17 3/3/3
f 17/17/17 18/18/18 3/3/3
f 18/18/18 19/19/19 3/3/3
f 19/19/19 20/20/20 3/3/3
f 20/20/20 21/21/21 3/3/3
f 21/21/21 22/22/22 3/3/3
f 22/22/22 23/23/23 3/3/3
f 23/23/23 24/24/24 3/3/3
f 24/24/24 25/25/25 3/3/3
f 25/25/25 26/26/26 3/3/3
f 26/26/26 27/27/27 3/3/3
f 27/27/27 28/28/28 3/3/3
f 28/28/28 29/29/29 3/3/3
f 29/29/29 30/30/30 3/3/3
f 30/30/30 31/31/31 3/3/3
f 31/31/31 32/32/32 3/3/3
f 32/32/32 33/33/33 3/3/3
f 33/33/33 34/34/34 3/3/3
f 34/34/34 35/35/35 3/3/3
f 35/35/35 36/36/36 3/3/3
f 36/36/36 37/37/37 3/3/3
f 37/37/37 38/38/38 3/3/3
f 38/38/38 39/39/39 3/3/3
f 39/39/39 40/40/40 3/3/3
f 40/40/40 41/41/41 3/3/3
f 41/41/41 1/1/1 3/3/3
f 42/42/42 43/43/43 44/44/44
f 44/44/44 43/43/43 45/45/45
f 45/45/45 43/43/43 46/46/46
f 46/46/46 43/43/43 47/47/47
f 47/47/47 43/43/43 48/48/48
f 48/48/48 43/43/43 49/49/49
f 49/49/49 43/43/43 50/50/50
f 50/50/50 43/43/43 51/51/51
f 51/51/51 43/43/43 52/52/52
f 52/52/52 43/43/43 53/53/53
f 53/53/53 43/43/43 54/54/54
f 54/54/54 43/43/43 55/55/55
f 55/55/55 43/43/43 56/56/56
f 56/56/56 43/43/43 57/57/57
f 57/57/57 43/43/43 58/58/58
f 58/58/58 43/43/43 59/59/59
f 59/59/59 43/43/43 60/60/60
f 60/60/60 43/43/43 61/61/61
f 61/61/61 43/43/43 62/62/62
f 62/62/62 43/43/43 63/63/63
f 63/63/63 43/43/43 64/64/64
f 64/64/64 43/43/43 65/65/65
f 65/65/65 43/43/43 66/66/66
f 66/66/66 43/43/43 67/67/67
f 67/67/67 43/43/43 68/68/68
f 68/68/68 43/43/43 69/69/69
f 69/69/69 43/43/43 70/70/70
f 70/70/70 43/43/43 71/71/71
f 71/71/71 43/43/43 72/72/72
f 72/72/72 43/43/43 73/73/73
f 73/73/73 43/43/43 74/74/74
f 74/74/74 43/43/43 75/75/75
f 75/75/75 43/43/43 76/76/76
f 76/76/76 43/43/43 77/77/77
f 77/77/77 43/43/43 78/78/78
f 78/78/78 43/43/43 79/79/79
f 79/79/79 43/43/43 80/80/80
f 80/80/80 43/43/43 81/81/81
f 81/81/81 43/43/43 82/82/82
f 82/82/82 43/43/43 42/42/42
f 83/83/83 84/84/84 85/85/85
f 83/83/83 85/85/85 86/86/83
f 84/84/84 87/87/86 88/88/87
f 84/84/84 88/88/87 85/85/85
f 87/87/86 89/89/88 90/90/89
f 87/87/86 90/90/89 88/88/87
f 89/89/88 91/91/90 92/92/90
f 89/89/88 92/92/90 90/90/89
f 91/91/90 93/93/91 94/94/92
f 91/91/90 94/94/92 92/92/90
f 93/93/91 95/95/93 96/96/93
f 93/93/91 96/96/93 94/94/92
f 95/95/93 97/97/94 98/98/95
f 95/95/93 98/98/95 96/96/93
f 97/97/94 99/99/96 100/100/97
f 97/97/94 100/100/97 98/98/95
f 99/99/96 101/101/98 102/102/98
f 99/99/96 102/102/98 100/100/97
f 101/101/98 103/103/99 104/104/100
f 101/101/98 104/104/100 102/102/98
f 103/103/99 105/105/101 106/106/101
f 103/103/99 106/106/101 104/104/100
f 107/86/102 108/85/103 109/107/104
f 107/86/102 109/107/104 110/108/102
f 108/85/103 111/88/105 112/109/106
f 108/85/103 112/109/106 109/107/104
f 111/88/105 113/90/107 114/110/108
f 111/88/105 114/110/108 112/109/106
f 113/90/107 115/92/109 116/111/110
f 113/90/107 116/111/110 114/110/108
f 115/92/109 117/94/102 118/112/102
f 115/92/109 118/112/102 116/111/110
s 0
f 117/94/102 119/96/102 120/113/102
f 117/94/102 120/113/102 118/112/102
s 1
f 119/96/102 121/98/111 122/114/112
f 119/96/102 122/114/112 120/113/102
f 121/98/111 123/100/113 124/115/114
f 121/98/111 124/115/114 122/114/112
f 123/100/113 125/102/115 126/116/116
f 123/100/113 126/116/116 124/115/114
f 125/102/115 127/104/117 128/117/118
f 125/102/115 128/117/118 126/116/116
f 127/104/117 129/106/102 130/118/102
f 127/104/117 130/118/102 128/117/118
f 131/108/119 132/107/120 133/119/120
f 131/108/119 133/119/120 134/120/119
f 132/107/120 135/109/121 136/121/121
f 132/107/120 136/121/121 133/119/120
f 135/109/121 137/110/122 138/122/122
f 135/109/121 138/122/122 136/121/121
f 137/110/122 139/111/123 140/123/123
f 137/110/122 140/123/123 138/122/122
f 139/111/123 141/112/124 142/124/124
f 139/111/123 142/124/124 140/123/123
f 141/112/124 143/113/125 144/125/126
f 141/112/124 144/125/126 142/124/124
f 143/113/125 145/114/127 146/126/127
f 143/113/125 146/126/127 144/125/126
f 145/114/127 147/115/128 148/127/129
f 145/114/127 148/127/129 146/126/127
f 147/115/128 149/116/130 150/128/130
f 147/115/128 150/128/130 148/127/129
f 149/116/130 151/117/131 152/129/131
f 149/116/130 152/129/131 150/128/130
f 151/117/131 153/118/132 154/130/132
f 151/117/131 154/130/132 152/129/131
f 155/120/133 156/119/134 157/131/135
f 155/120/133 157/131/135 158/132/133
f 156/119/134 159/121/136 160/133/137
f 156/119/134 160/133/137 157/131/135
f 159/121/136 161/122/138 162/134/139
f 159/121/136 162/134/139 160/133/137
f 161/122/138 163/123/140 164/135/141
f 161/122/138 164/135/141 162/134/139
f 163/123/140 165/124/133 166/136/133
f 163/123/140 166/136/133 164/135/141
s 0
f 165/124/133 167/125/133 168/137/133
f 165/124/133 168/137/133 166/136/133
s 1
f 167/125/133 169/126/142 170/138/143
f 167/125/133 170/138/143 168/137/133
f 169/126/142 171/127/144 172/139/145
f 169/126/142 172/139/145 170/138/143
f 171/127/144 173/128/146 174/140/147
f 171/127/144 174/140/147 172/139/145
f 173/128/146 175/129/148 176/141/149
f 173/128/146 176/141/149 174/140/147
f 175/129/148 177/130/133 178/142/133
f 175/129/148 178/142/133 176/141/149
s 0
f 179/105/150 180/143/150 181/144/150
f 179/105/150 181/144/150 182/106/150
f 183/145/151 184/83/151 185/86/151
f 183/145/151 185/86/151 186/146/151
s 1
f 187/147/152 188/148/153 189/149/153
f 187/147/152 189/149/153 190/150/152
f 188/148/153 191/151/154 192/152/154
f 188/148/153 192/152/154 189/149/153
f 191/151/154 193/153/155 194/154/155
f 191/151/154 194/154/155 192/152/154
f 193/153/155 195/155/156 196/156/156
f 193/153/155 196/156/156 194/154/155
f 195/155/156 197/157/157 198/158/158
f 195/155/156 198/158/158 196/156/156
f 197/157/157 199/159/159 200/160/159
f 197/157/157 200/160/159 198/158/158
f 199/159/159 201/161/160 202/162/160
f 199/159/159 202/162/160 200/160/159
f 201/161/160 203/163/161 204/164/161
f 201/161/160 204/164/161 202/162/160
f 203/163/161 205/165/162 206/166/162
f 203/163/161 206/166/162 204/164/161
f 205/165/162 207/167/163 208/168/163
f 205/165/162 208/168/163 206/166/162
f 207/167/163 209/169/164 210/170/164
f 207/167/163 210/170/164 208/168/163
f 211/150/43 212/149/165 213/171/166
f 211/150/43 213/171/166 214/172/43
f 212/149/165 215/152/167 216/173/168
f 212/149/165 216/173/168 213/171/166
f 215/152/167 217/154/169 218/174/170
f 215/152/167 218/174/170 216/173/168
f 217/154/169 219/156/43 220/175/43
f 217/154/169 220/175/43 218/174/170
s 0
f 219/156/43 221/158/43 222/176/43
f 219/156/43 222/176/43 220/175/43
f 221/158/43 223/160/43 224/177/43
f 221/158/43 224/177/43 222/176/43
f 223/160/43 225/162/43 226/178/43
f 223/160/43 226/178/43 224/177/43
s 1
f 225/162/43 227/164/171 228/179/172
f 225/162/43 228/179/172 226/178/43
f 227/164/171 229/166/173 230/180/174
f 227/164/171 230/180/174 228/179/172
f 229/166/173 231/168/175 232/181/176
f 229/166/173 232/181/176 230/180/174
f 231/168/175 233/170/43 234/182/43
f 231/168/175 234/182/43 232/181/176
f 235/172/177 236/171/178 237/183/178
f 235/172/177 237/183/178 238/184/177
f 236/171/178 239/173/179 240/185/179
f 236/171/178 240/185/179 237/183/178
f 239/173/179 241/174/180 242/186/181
f 239/173/179 242/186/181 240/185/179
f 241/174/180 243/175/182 244/187/182
f 241/174/180 244/187/182 242/186/181
f 243/175/182 245/176/183 246/188/184
f 243/175/182 246/188/184 244/187/182
f 245/176/183 247/177/185 248/189/185
f 245/176/183 248/189/185 246/188/184
f 247/177/185 249/178/186 250/190/186
f 247/177/185 250/190/186 248/189/185
f 249/178/186 251/179/187 252/191/188
f 249/178/186 252/191/188 250/190/186
f 251/179/187 253/180/189 254/192/189
f 251/179/187 254/192/189 252/191/188
f 253/180/189 255/181/190 256/193/191
f 253/180/189 256/193/191 254/192/189
f 255/181/190 257/182/192 258/194/192
f 255/181/190 258/194/192 256/193/191
f 259/184/3 260/183/193 261/195/194
f 259/184/3 261/195/194 262/196/3
f 260/183/193 263/185/195 264/197/196
f 260/183/193 264/197/196 261/195/194
f 263/185/195 265/186/197 266/198/198
f 263/185/195 266/198/198 264/197/196
f 265/186/197 267/187/3 268/199/3
f 265/186/197 268/199/3 266/198/198
s 0
f 267/187/3 269/188/3 270/200/3
f 267/187/3 270/200/3 268/199/3
f 269/188/3 271/189/3 272/201/3
f 269/188/3 272/201/3 270/200/3
f 271/189/3 273/190/3 274/202/3
f 271/189/3 274/202/3 272/201/3
s 1
f 273/190/3 275/191/199 276/203/200
f 273/190/3 276/203/200 274/202/3
f 275/191/199 277/192/201 278/204/202
f 275/191/199 278/204/202 276/203/200
f 277/192/201 279/193/203 280/205/204
f 277/192/201 280/205/204 278/204/202
f 279/193/203 281/194/3 282/206/3
f 279/193/203 282/206/3 280/205/204
s 0
f 283/169/205 284/207/205 285/208/205
f 283/169/205 285/208/205 286/170/205
f 287/209/206 288/147/206 289/150/206
f 287/209/206 289/150/206 290/210/206
s 1
f 291/145/207 292/211/208 293/212/209
f 291/145/207 293/212/209 294/213/210
f 292/211/208 295/214/211 296/215/212
f 292/211/208 296/215/212 293/212/209
f 295/214/211 297/216/213 298/217/214
f 295/214/211 298/217/214 296/215/212
f 297/216/213 299/218/215 300/219/216
f 297/216/213 300/219/216 298/217/214
f 299/218/215 301/220/217 302/221/218
f 299/218/215 302/221/218 300/219/216
f 301/220/217 303/222/219 304/223/220
f 301/220/217 304/223/220 302/221/218
f 303/222/219 305/224/221 306/225/222
f 303/222/219 306/225/222 304/223/220
f 305/224/221 307/226/223 308/227/224
f 305/224/221 308/227/224 306/225/222
f 307/226/223 309/228/225 310/229/226
f 307/226/223 310/229/226 308/227/224
f 309/228/225 311/230/227 312/231/228
f 309/228/225 312/231/228 310/229/226
f 311/230/227 313/232/229 314/233/230
f 311/230/227 314/233/230 312/231/228
f 313/232/229 315/234/231 316/235/232
f 313/232/229 316/235/232 314/233/230
f 315/234/231 317/236/233 318/237/234
f 315/234/231 318/237/234 316/235/232
f 317/236/233 319/238/235 320/239/236
f 317/236/233 320/239/236 318/237/234
f 319/238/235 321/240/237 322/241/238
f 319/238/235 322/241/238 320/239/236
f 321/240/237 323/242/239 324/243/240
f 321/240/237 324/243/240 322/241/238
f 323/242/239 325/244/241 326/245/242
f 323/242/239 326/245/242 324/243/240
f 325/244/241 327/246/243 328/247/244
f 325/244/241 328/247/244 326/245/242
f 327/246/243 329/248/245 330/249/246
f 327/246/243 330/249/246 328/247/244
f 329/248/245 331/250/247 332/251/248
f 329/248/245 332/251/248 330/249/246
f 331/250/247 333/252/249 334/253/250
f 331/250/247 334/253/250 332/251/248
f 333/252/249 335/254/251 336/255/252
f 333/252/249 336/255/252 334/253/250
f 335/254/251 337/256/253 338/257/254
f 335/254/251 338/257/254 336/255/252
f 337/256/253 339/258/255 340/259/256
f 337/256/253 340/259/256 338/257/254
f 339/258/255 341/260/257 342/261/258
f 339/258/255 342/261/258 340/259/256
f 341/260/257 343/262/259 344/263/260
f 341/260/257 344/263/260 342/261/258
f 343/262/259 345/264/261 346/265/262
f 343/262/259 346/265/262 344/263/260
f 345/264/261 347/266/263 348/267/264
f 345/264/261 348/267/264 346/265/262
f 347/266/263 349/268/265 350/269/266
f 347/266/263 350/269/266 348/267/264
f 349/268/265 351/270/267 352/271/268
f 349/268/265 352/271/268 350/269/266
f 351/270/267 353/272/269 354/273/270
f 351/270/267 354/273/270 352/271/268
f 353/272/269 355/274/271 356/275/272
f 353/272/269 356/275/272 354/273/270
f 355/274/271 357/276/273 358/277/274
f 355/274/271 358/277/274 356/275/272
f 357/276/273 359/278/275 360/279/276
f 357/276/273 360/279/276 358/277/274
f 359/278/275 361/280/277 362/281/278
f 359/278/275 362/281/278 360/279/276
f 361/280/277 363/282/279 364/283/280
f 361/280/277 364/283/280 362/281/278
f 363/282/279 365/284/281 366/285/282
f 363/282/279 366/285/282 364/283/280
f 365/284/281 367/286/283 368/287/284
f 365/284/281 368/287/284 366/285/282
f 367/286/283 369/288/285 370/289/286
f 367/286/283 370/289/286 368/287/284
f 369/288/285 371/290/207 372/291/287
f 369/288/285 372/291/287 370/289/286
f 373/289/288 374/291/288 375/292/288
s 0
f 373/289/288 375/292/288 376/293/288
s 1
f 368/287/284 370/289/286 377/293/289
f 368/287/284 377/293/289 378/294/290
s 0
f 379/285/291 380/287/291 381/294/291
f 379/285/291 381/294/291 382/295/291
s 1
f 364/283/280 366/285/282 383/295/292
f 364/283/280 383/295/292 384/296/293
s 0
f 385/281/294 386/283/294 387/296/294
f 385/281/294 387/296/294 388/297/294
s 1
f 360/279/276 362/281/278 389/297/295
f 360/279/276 389/297/295 390/298/296
s 0
f 391/277/297 392/279/297 393/298/297
f 391/277/297 393/298/297 394/299/297
s 1
f 356/275/272 358/277/274 395/299/298
f 356/275/272 395/299/298 396/300/299
s 0
f 397/273/300 398/275/300 399/300/300
f 397/273/300 399/300/300 400/301/300
s 1
f 352/271/268 354/273/270 401/301/301
f 352/271/268 401/301/301 402/302/302
s 0
f 403/269/303 404/271/303 405/302/303
f 403/269/303 405/302/303 406/303/303
s 1
f 348/267/264 350/269/266 407/303/304
f 348/267/264 407/303/304 408/304/305
s 0
f 409/265/306 410/267/306 411/304/306
f 409/265/306 411/304/306 412/305/306
s 1
f 344/263/260 346/265/262 413/305/307
f 344/263/260 413/305/307 414/306/308
s 0
f 415/261/309 416/263/309 417/306/309
f 415/261/309 417/306/309 418/307/309
s 1
f 340/259/256 342/261/258 419/307/310
f 340/259/256 419/307/310 420/308/311
s 0
f 421/257/312 422/259/312 423/308/312
f 421/257/312 423/308/312 424/309/312
s 1
f 336/255/252 338/257/254 425/309/313
f 336/255/252 425/309/313 426/310/314
s 0
f 427/253/315 428/255/315 429/310/315
f 427/253/315 429/310/315 430/311/315
s 1
f 332/251/248 334/253/250 431/311/316
f 332/251/248 431/311/316 432/312/317
s 0
f 433/249/318 434/251/318 435/312/318
f 433/249/318 435/312/318 436/313/318
s 1
f 328/247/244 330/249/246 437/313/319
f 328/247/244 437/313/319 438/314/320
s 0
f 439/245/321 440/247/321 441/314/321
f 439/245/321 441/314/321 442/315/321
s 1
f 324/243/240 326/245/242 443/315/322
f 324/243/240 443/315/322 444/316/323
s 0
f 445/241/324 446/243/324 447/316/324
f 445/241/324 447/316/324 448/317/324
s 1
f 320/239/236 322/241/238 449/317/325
f 320/239/236 449/317/325 450/318/326
s 0
f 451/237/327 452/239/327 453/318/327
f 451/237/327 453/318/327 454/319/327
s 1
f 316/235/232 318/237/234 455/319/328
f 316/235/232 455/319/328 456/320/329
s 0
f 457/233/330 458/235/330 459/320/330
f 457/233/330 459/320/330 460/321/330
s 1
f 312/231/228 314/233/230 461/321/331
f 312/231/228 461/321/331 462/322/332
s 0
f 463/229/333 464/231/333 465/322/333
f 463/229/333 465/322/333 466/323/333
s 1
f 308/227/224 310/229/226 467/323/334
f 308/227/224 467/323/334 468/324/335
s 0
f 469/225/336 470/227/336 471/324/336
f 469/225/336 471/324/336 472/325/336
s 1
f 304/223/220 306/225/222 473/325/337
f 304/223/220 473/325/337 474/326/338
s 0
f 475/221/339 476/223/339 477/326/339
f 475/221/339 477/326/339 478/327/339
s 1
f 300/219/216 302/221/218 479/327/340
f 300/219/216 479/327/340 480/328/341
s 0
f 481/217/342 482/219/342 483/328/342
f 481/217/342 483/328/342 484/329/342
s 1
f 296/215/212 298/217/214 485/329/343
f 296/215/212 485/329/343 486/330/344
s 0
f 487/212/345 488/215/345 489/330/345
f 487/212/345 489/330/345 490/331/345
s 1
f 294/213/210 293/212/209 491/331/346
f 294/213/210 491/331/346 492/332/347
f 377/293/289 493/292/348 494/333/349
f 377/293/289 494/333/349 495/334/350
f 378/294/290 377/293/289 495/334/350
f 378/294/290 495/334/350 496/335/351
f 383/295/292 378/294/290 496/335/351
f 383/295/292 496/335/351 497/336/352
f 384/296/293 383/295/292 497/336/352
f 384/296/293 497/336/352 498/337/353
f 389/297/295 384/296/293 498/337/353
f 389/297/295 498/337/353 499/338/354
f 390/298/296 389/297/295 499/338/354
f 390/298/296 499/338/354 500/339/355
f 395/299/298 390/298/296 500/339/355
f 395/299/298 500/339/355 501/340/356
f 396/300/299 395/299/298 501/340/356
f 396/300/299 501/340/356 502/341/357
f 401/301/301 396/300/299 502/341/357
f 401/301/301 502/341/357 503/342/358
f 402/302/302 401/301/301 503/342/358
f 402/302/302 503/342/358 504/343/359
f 407/303/304 402/302/302 504/343/359
f 407/303/304 504/343/359 505/344/360
f 408/304/305 407/303/304 505/344/360
f 408/304/305 505/344/360 506/345/361
f 413/305/307 408/304/305 506/345/361
f 413/305/307 506/345/361 507/346/362
f 414/306/308 413/305/307 507/346/362
f 414/306/308 507/346/362 508/347/363
f 419/307/310 414/306/308 508/347/363
f 419/307/310 508/347/363 509/348/364
f 420/308/311 419/307/310 509/348/364
f 420/308/311 509/348/364 510/349/365
f 425/309/313 420/308/311 510/349/365
f 425/309/313 510/349/365 511/350/366
f 426/310/314 425/309/313 511/350/366
f 426/310/314 511/350/366 512/351/367
f 431/311/316 426/310/314 512/351/367
f 431/311/316 512/351/367 513/352/368
f 432/312/317 431/311/316 513/352/368
f 432/312/317 513/352/368 514/353/369
f 437/313/319 432/312/317 514/353/369
f 437/313/319 514/353/369 515/354/370
f 438/314/320 437/313/319 515/354/370
f 438/314/320 515/354/370 516/355/371
f 443/315/322 438/314/320 516/355/371
f 443/315/322 516/355/371 517/356/372
f 444/316/323 443/315/322 517/356/372
f 444/316/323 517/356/372 518/357/373
f 449/317/325 444/316/323 518/357/373
f 449/317/325 518/357/373 519/358/374
f 450/318/326 449/317/325 519/358/374
f 450/318/326 519/358/374 520/359/375
f 455/319/328 450/318/326 520/359/375
f 455/319/328 520/359/375 521/360/376
f 456/320/329 455/319/328 521/360/376
f 456/320/329 521/360/376 522/361/377
f 461/321/331 456/320/329 522/361/377
f 461/321/331 522/361/377 523/362/378
f 462/322/332 461/321/331 523/362/378
f 462/322/332 523/362/378 524/363/379
f 467/323/334 462/322/332 524/363/379
f 467/323/334 524/363/379 525/364/380
f 468/324/335 467/323/334 525/364/380
f 468/324/335 525/364/380 526/365/381
f 473/325/337 468/324/335 526/365/381
f 473/325/337 526/365/381 527/366/382
f 474/326/338 473/325/337 527/366/382
f 474/326/338 527/366/382 528/367/383
f 479/327/340 474/326/338 528/367/383
f 479/327/340 528/367/383 529/368/384
f 480/328/341 479/327/340 529/368/384
f 480/328/341 529/368/384 530/369/385
f 485/329/343 480/328/341 530/369/385
f 485/329/343 530/369/385 531/370/386
f 486/330/344 485/329/343 531/370/386
f 486/330/344 531/370/386 532/371/387
f 491/331/346 486/330/344 532/371/387
f 491/331/346 532/371/387 533/372/388
f 492/332/347 491/331/346 533/372/388
f 492/332/347 533/372/388 534/373/349
s 0
f 535/374/43 536/375/43 537/375/43
f 535/374/43 537/375/43 538/374/43
f 536/375/43 539/376/43 540/376/43
f 536/375/43 540/376/43 537/375/43
f 539/376/43 541/377/43 542/377/43
f 539/376/43 542/377/43 540/376/43
f 541/377/43 543/378/43 544/378/43
f 541/377/43 544/378/43 542/377/43
f 543/378/43 545/379/43 546/379/43
f 543/378/43 546/379/43 544/378/43
f 545/379/43 547/380/43 548/380/43
f 545/379/43 548/380/43 546/379/43
f 547/380/43 549/381/43 550/381/43
f 547/380/43 550/381/43 548/380/43
f 549/381/43 551/382/43 552/382/43
f 549/381/43 552/382/43 550/381/43
f 551/382/43 553/383/43 554/383/43
f 551/382/43 554/383/43 552/382/43
f 553/383/43 555/384/43 556/384/43
f 553/383/43 556/384/43 554/383/43
f 555/384/43 557/385/43 558/385/43
f 555/384/43 558/385/43 556/384/43
f 557/385/43 559/386/43 560/386/43
f 557/385/43 560/386/43 558/385/43
f 559/386/43 561/387/43 562/387/43
f 559/386/43 562/387/43 560/386/43
f 561/387/43 563/388/43 564/388/43
f 561/387/43 564/388/43 562/387/43
f 563/388/43 565/389/43 566/389/43
f 563/388/43 566/389/43 564/388/43
f 565/389/43 567/390/43 568/390/43
f 565/389/43 568/390/43 566/389/43
f 567/390/43 569/391/43 570/391/43
f 567/390/43 570/391/43 568/390/43
f 569/391/43 571/392/43 572/392/43
f 569/391/43 572/392/43 570/391/43
f 571/392/43 573/393/43 574/393/43
f 571/392/43 574/393/43 572/392/43
f 573/393/43 575/394/43 576/394/43
f 573/393/43 576/394/43 574/393/43
f 575/394/43 577/395/43 578/395/43
f 575/394/43 578/395/43 576/394/43
f 577/395/43 579/396/43 580/396/43
f 577/395/43 580/396/43 578/395/43
f 579/396/43 581/397/43 582/397/43
f 579/396/43 582/397/43 580/396/43
f 581/397/43 583/398/43 584/398/43
f 581/397/43 584/398/43 582/397/43
f 583/398/43 585/399/43 586/399/43
f 583/398/43 586/399/43 584/398/43
f 585/399/43 587/400/43 588/400/43
f 585/399/43 588/400/43 586/399/43
f 587/400/43 589/401/43 590/401/43
f 587/400/43 590/401/43 588/400/43
f 589/401/43 591/402/43 592/402/43
f 589/401/43 592/402/43 590/401/43
f 591/402/43 593/403/43 594/403/43
f 591/402/43 594/403/43 592/402/43
f 593/403/43 595/404/43 596/404/43
f 593/403/43 596/404/43 594/403/43
f 595/404/43 597/405/43 598/405/43
f 595/404/43 598/405/43 596/404/43
f 597/405/43 599/406/43 600/406/43
f 597/405/43 600/406/43 598/405/43
f 599/406/43 601/407/43 602/407/43
f 599/406/43 602/407/43 600/406/43
f 601/407/43 603/408/43 604/408/43
f 601/407/43 604/408/43 602/407/43
f 603/408/43 605/409/43 606/409/43
f 603/408/43 606/409/43 604/408/43
f 605/409/43 607/410/43 608/410/43
f 605/409/43 608/410/43 606/409/43
f 607/410/43 609/411/43 610/411/43
f 607/410/43 610/411/43 608/410/43
f 609/411/43 611/412/43 612/412/43
f 609/411/43 612/412/43 610/411/43
f 611/412/43 613/413/43 614/413/43
f 611/412/43 614/413/43 612/412/43
f 613/413/43 535/374/43 538/374/43
f 613/413/43 538/374/43 614/413/43
s 1
f 615/374/389 616/375/102 617/375/102
f 615/374/389 617/375/102 618/374/389
f 616/375/102 619/376/390 620/376/390
f 616/375/102 620/376/390 617/375/102
f 619/376/390 621/377/391 622/377/391
f 619/376/390 622/377/391 620/376/390
f 621/377/391 623/378/392 624/378/392
f 621/377/391 624/378/392 622/377/391
f 623/378/392 625/379/393 626/379/393
f 623/378/392 626/379/393 624/378/392
f 625/379/393 627/380/394 628/380/394
f 625/379/393 628/380/394 626/379/393
f 627/380/394 629/381/395 630/381/395
f 627/380/394 630/381/395 628/380/394
f 629/381/395 631/382/396 632/382/396
f 629/381/395 632/382/396 630/381/395
f 631/382/396 633/383/397 634/383/397
f 631/382/396 634/383/397 632/382/396
f 633/383/397 635/384/398 636/384/398
f 633/383/397 636/384/398 634/383/397
f 635/384/398 637/385/399 638/385/399
f 635/384/398 638/385/399 636/384/398
f 637/385/399 639/386/400 640/386/400
f 637/385/399 640/386/400 638/385/399
f 639/386/400 641/387/401 642/387/401
f 639/386/400 642/387/401 640/386/400
f 641/387/401 643/388/402 644/388/402
f 641/387/401 644/388/402 642/387/401
f 643/388/402 645/389/403 646/389/403
f 643/388/402 646/389/403 644/388/402
f 645/389/403 647/390/404 648/390/404
f 645/389/403 648/390/404 646/389/403
f 647/390/404 649/391/405 650/391/405
f 647/390/404 650/391/405 648/390/404
f 649/391/405 651/392/406 652/392/406
f 649/391/405 652/392/406 650/391/405
f 651/392/406 653/393/407 654/393/407
f 651/392/406 654/393/407 652/392/406
f 653/393/407 655/394/408 656/394/408
f 653/393/407 656/394/408 654/393/407
f 655/394/408 657/395/133 658/395/133
f 655/394/408 658/395/133 656/394/408
f 657/395/133 659/396/409 660/396/409
f 657/395/133 660/396/409 658/395/133
f 659/396/409 661/397/410 662/397/410
f 659/396/409 662/397/410 660/396/409
f 661/397/410 663/398/411 664/398/411
f 661/397/410 664/398/411 662/397/410
f 663/398/411 665/399/412 666/399/412
f 663/398/411 666/399/412 664/398/411
f 665/399/412 667/400/413 668/400/413
f 665/399/412 668/400/413 666/399/412
f 667/400/413 669/401/414 670/401/414
f 667/400/413 670/401/414 668/400/413
f 669/401/414 671/402/415 672/402/415
f 669/401/414 672/402/415 670/401/414
f 671/402/415 673/403/416 674/403/416
f 671/402/415 674/403/416 672/402/415
f 673/403/416 675/404/417 676/404/417
f 673/403/416 676/404/417 674/403/416
f 675/404/417 677/405/418 678/405/418
f 675/404/417 678/405/418 676/404/417
f 677/405/418 679/406/419 680/406/419
f 677/405/418 680/406/419 678/405/418
f 679/406/419 681/407/420 682/407/420
f 679/406/419 682/407/420 680/406/419
f 681/407/420 683/408/421 684/408/421
f 681/407/420 684/408/421 682/407/420
f 683/408/421 685/409/422 686/409/422
f 683/408/421 686/409/422 684/408/421
f 685/409/422 687/410/423 688/410/423
f 685/409/422 688/410/423 686/409/422
f 687/410/423 689/411/424 690/411/424
f 687/410/423 690/411/424 688/410/423
f 689/411/424 691/412/425 692/412/425
f 689/411/424 692/412/425 690/411/424
f 691/412/425 693/413/426 694/413/426
f 691/412/425 694/413/426 692/412/425
f 693/413/426 615/374/389 618/374/389
f 693/413/426 618/374/389 694/413/426
s 0
f 695/289/427 696/291/427 697/291/427
f 695/289/427 697/291/427 698/289/427
f 699/291/428 700/292/428 701/292/428
f 699/291/429 701/292/429 702/291/429
f 703/292/430 704/293/430 705/293/430
f 703/292/430 705/293/430 706/292/430
f 707/293/431 708/289/431 709/289/431
f 707/293/432 709/289/432 710/293/432
f 711/285/433 712/287/433 713/287/433
f 711/285/433 713/287/433 714/285/433
f 715/287/434 716/294/434 717/294/434
f 715/287/435 717/294/435 718/287/435
f 719/294/436 720/295/436 721/295/436
f 719/294/436 721/295/436 722/294/436
f 723/295/437 724/285/437 725/285/437
f 723/295/438 725/285/438 726/295/438
f 727/281/439 728/283/439 729/283/439
s 1
f 727/281/439 729/283/439 730/281/439
s 0
f 731/283/440 732/296/440 733/296/440
f 731/283/441 733/296/441 734/283/441
f 735/296/442 736/297/442 737/297/442
f 735/296/442 737/297/442 738/296/442
s 1
f 739/297/443 740/281/443 741/281/443
s 0
f 739/297/444 741/281/444 742/297/444
f 743/277/445 744/279/445 745/279/445
f 743/277/445 745/279/445 746/277/445
f 747/279/446 748/298/446 749/298/446
f 747/279/447 749/298/447 750/279/447
f 751/298/448 752/299/448 753/299/448
f 751/298/448 753/299/448 754/298/448
s 1
f 755/299/449 756/277/449 757/277/449
s 0
f 755/299/450 757/277/450 758/299/450
f 759/273/451 760/275/451 761/275/451
f 759/273/451 761/275/451 762/273/451
f 763/275/452 764/300/452 765/300/452
f 763/275/453 765/300/453 766/275/453
f 767/300/454 768/301/454 769/301/454
f 767/300/454 769/301/454 770/300/454
f 771/301/455 772/273/455 773/273/455
f 771/301/456 773/273/456 774/301/456
f 775/269/457 776/271/457 777/271/457
f 775/269/457 777/271/457 778/269/457
f 779/271/458 780/302/458 781/302/458
f 779/271/459 781/302/459 782/271/459
f 783/302/460 784/303/460 785/303/460
f 783/302/460 785/303/460 786/302/460
f 787/303/461 788/269/461 789/269/461
f 787/303/462 789/269/462 790/303/462
f 791/265/463 792/267/463 793/267/463
f 791/265/463 793/267/463 794/265/463
f 795/267/464 796/304/464 797/304/464
f 795/267/465 797/304/465 798/267/465
f 799/304/466 800/305/466 801/305/466
f 799/304/466 801/305/466 802/304/466
s 1
f 803/305/467 804/265/468 805/265/468
f 803/305/467 805/265/468 806/305/467
s 0
f 807/261/469 808/263/469 809/263/469
f 807/261/469 809/263/469 810/261/469
f 811/263/470 812/306/470 813/306/470
f 811/263/471 813/306/471 814/263/471
f 815/306/472 816/307/472 817/307/472
f 815/306/472 817/307/472 818/306/472
s 1
f 819/307/473 820/261/473 821/261/473
s 0
f 819/307/474 821/261/474 822/307/474
f 823/257/475 824/259/475 825/259/475
f 823/257/475 825/259/475 826/257/475
f 827/259/476 828/308/476 829/308/476
f 827/259/477 829/308/477 830/259/477
f 831/308/478 832/309/478 833/309/478
f 831/308/478 833/309/478 834/308/478
f 835/309/479 836/257/479 837/257/479
f 835/309/480 837/257/480 838/309/480
f 839/253/481 840/255/481 841/255/481
f 839/253/482 841/255/482 842/253/482
f 843/255/483 844/310/483 845/310/483
f 843/255/484 845/310/484 846/255/484
f 847/310/485 848/311/485 849/311/485
f 847/310/485 849/311/485 850/310/485
f 851/311/486 852/253/486 853/253/486
f 851/311/487 853/253/487 854/311/487
f 855/249/488 856/251/488 857/251/488
f 855/249/488 857/251/488 858/249/488
f 859/251/489 860/312/489 861/312/489
f 859/251/490 861/312/490 862/251/490
f 863/312/491 864/313/491 865/313/491
f 863/312/491 865/313/491 866/312/491
f 867/313/492 868/249/492 869/249/492
f 867/313/493 869/249/493 870/313/493
f 871/245/494 872/247/494 873/247/494
f 871/245/494 873/247/494 874/245/494
f 875/247/495 876/314/495 877/314/495
f 875/247/496 877/314/496 878/247/496
f 879/314/497 880/315/497 881/315/497
f 879/314/497 881/315/497 882/314/497
s 1
f 883/315/498 884/245/498 885/245/498
s 0
f 883/315/499 885/245/499 886/315/499
f 887/241/500 888/243/500 889/243/500
f 887/241/500 889/243/500 890/241/500
f 891/243/501 892/316/501 893/316/501
f 891/243/502 893/316/502 894/243/502
f 895/316/503 896/317/503 897/317/503
f 895/316/503 897/317/503 898/316/503
f 899/317/504 900/241/504 901/241/504
f 899/317/505 901/241/505 902/317/505
f 903/237/506 904/239/506 905/239/506
f 903/237/506 905/239/506 906/237/506
f 907/239/507 908/318/507 909/318/507
f 907/239/508 909/318/508 910/239/508
f 911/318/509 912/319/509 913/319/509
f 911/318/509 913/319/509 914/318/509
f 915/319/510 916/237/510 917/237/510
f 915/319/511 917/237/511 918/319/511
f 919/233/512 920/235/512 921/235/512
f 919/233/512 921/235/512 922/233/512
f 923/235/513 924/320/513 925/320/513
f 923/235/514 925/320/514 926/235/514
f 927/320/515 928/321/515 929/321/515
f 927/320/515 929/321/515 930/320/515
f 931/321/516 932/233/516 933/233/516
f 931/321/517 933/233/517 934/321/517
f 935/229/518 936/231/518 937/231/518
f 935/229/518 937/231/518 938/229/518
f 939/231/519 940/322/519 941/322/519
f 939/231/520 941/322/520 942/231/520
f 943/322/521 944/323/521 945/323/521
f 943/322/521 945/323/521 946/322/521
f 947/323/522 948/229/522 949/229/522
s 1
f 947/323/523 949/229/523 950/323/523
s 0
f 951/225/524 952/227/524 953/227/524
f 951/225/524 953/227/524 954/225/524
f 955/227/525 956/324/525 957/324/525
f 955/227/526 957/324/526 958/227/526
f 959/324/527 960/325/527 961/325/527
f 959/324/527 961/325/527 962/324/527
f 963/325/528 964/225/528 965/225/528
f 963/325/529 965/225/529 966/325/529
f 967/221/530 968/223/530 969/223/530
f 967/221/530 969/223/530 970/221/530
f 971/223/531 972/326/531 973/326/531
f 971/223/532 973/326/532 974/223/532
f 975/326/533 976/327/533 977/327/533
f 975/326/533 977/327/533 978/326/533
f 979/327/534 980/221/534 981/221/534
s 1
f 979/327/535 981/221/535 982/327/535
s 0
f 983/217/536 984/219/536 985/219/536
f 983/217/536 985/219/536 986/217/536
f 987/219/537 988/328/537 989/328/537
f 987/219/538 989/328/538 990/219/538
f 991/328/539 992/329/539 993/329/539
f 991/328/539 993/329/539 994/328/539
s 1
f 995/329/540 996/217/540 997/217/540
s 0
f 995/329/541 997/217/541 998/329/541
f 999/212/542 1000/215/542 1001/215/542
f 999/212/542 1001/215/542 1002/212/542
f 1003/215/543 1004/330/543 1005/330/543
f 1003/215/544 1005/330/544 1006/215/544
f 1007/330/545 1008/331/545 1009/331/545
f 1007/330/545 1009/331/545 1010/330/545
f 1011/331/546 1012/212/546 1013/212/546
f 1011/331/547 1013/212/547 1014/331/547
s 1
f 1015/414/548 1016/415/549 1017/416/550
f 1015/414/548 1017/416/550 1018/417/551
f 1018/417/551 1017/416/550 1019/418/552
f 1018/417/551 1019/418/552 1020/419/553
f 1020/419/553 1019/418/552 1021/420/554
f 1020/419/553 1021/420/554 1022/421/555
f 1022/421/555 1021/420/554 1023/422/556
f 1022/421/555 1023/422/556 1024/423/557
f 1024/423/557 1023/422/556 1025/424/558
f 1024/423/557 1025/424/558 1026/425/559
f 1026/425/559 1025/424/558 1027/426/560
f 1026/425/559 1027/426/560 1028/427/561
f 1028/427/561 1027/426/560 1029/428/562
f 1028/427/561 1029/428/562 1030/429/563
f 1030/429/563 1029/428/562 1031/430/564
f 1030/429/563 1031/430/564 1032/431/565
f 1032/431/565 1031/430/564 1033/432/566
f 1032/431/565 1033/432/566 1034/433/567
f 1034/433/567 1033/432/566 1035/434/568
f 1034/433/567 1035/434/568 1036/435/569
f 1036/435/569 1035/434/568 1037/436/570
f 1036/435/569 1037/436/570 1038/437/571
f 1038/437/571 1037/436/570 1039/438/572
f 1038/437/571 1039/438/572 1040/439/573
f 1040/439/573 1039/438/572 1041/440/574
f 1040/439/573 1041/440/574 1042/441/575
f 1042/441/575 1041/440/574 1043/442/576
f 1042/441/575 1043/442/576 1044/443/577
f 1044/443/577 1043/442/576 1045/444/578
f 1044/443/577 1045/444/578 1046/445/579
f 1046/445/579 1045/444/578 1047/446/580
f 1046/445/579 1047/446/580 1048/447/581
f 1048/447/581 1047/446/580 1049/448/582
f 1048/447/581 1049/448/582 1050/449/583
f 1050/449/583 1049/448/582 1051/450/584
f 1050/449/583 1051/450/584 1052/451/585
f 1052/451/585 1051/450/584 1053/452/586
f 1052/451/585 1053/452/586 1054/453/587
f 1054/453/587 1053/452/586 1055/454/588
f 1054/453/587 1055/454/588 1056/455/589
f 1056/455/589 1055/454/588 1057/456/590
f 1056/455/589 1057/456/590 1058/457/591
f 1058/457/591 1057/456/590 1059/458/592
f 1058/457/591 1059/458/592 1060/459/593
f 1060/459/593 1059/458/592 1061/460/594
f 1060/459/593 1061/460/594 1062/461/595
f 1062/461/595 1061/460/594 1063/462/596
f 1062/461/595 1063/462/596 1064/463/597
f 1064/463/597 1063/462/596 1065/464/598
f 1064/463/597 1065/464/598 1066/465/599
f 1066/465/599 1065/464/598 1067/466/600
f 1066/465/599 1067/466/600 1068/467/601
f 1068/467/601 1067/466/600 1069/468/602
f 1068/467/601 1069/468/602 1070/469/603
f 1070/469/603 1069/468/602 1071/470/604
f 1070/469/603 1071/470/604 1072/471/605
f 1072/471/605 1071/470/604 1073/472/606
f 1072/471/605 1073/472/606 1074/473/607
f 1074/473/607 1073/472/606 1075/474/608
f 1074/473/607 1075/474/608 1076/475/609
f 1076/475/609 1075/474/608 1077/476/610
f 1076/475/609 1077/476/610 1078/477/611
f 1078/477/611 1077/476/610 1079/478/612
f 1078/477/611 1079/478/612 1080/479/613
f 1080/479/613 1079/478/612 1081/480/614
f 1080/479/613 1081/480/614 1082/481/615
f 1082/481/615 1081/480/614 1083/482/616
f 1082/481/615 1083/482/616 1084/483/617
f 1084/483/617 1083/482/616 1085/484/618
f 1084/483/617 1085/484/618 1086/485/619
f 1086/485/619 1085/484/618 1087/486/620
f 1086/485/619 1087/486/620 1088/487/621
f 1088/487/621 1087/486/620 1089/488/622
f 1088/487/621 1089/488/622 1090/489/623
f 1090/489/623 1089/488/622 1091/490/624
f 1090/489/623 1091/490/624 1092/491/625
f 1092/491/625 1091/490/624 1093/492/626
f 1092/491/625 1093/492/626 1094/493/627
f 1094/493/627 1093/492/626 1095/494/628
f 1094/493/627 1095/494/628 1096/495/629
s 0
f 1097/492/630 1098/496/630 1099/497/630
f 1097/492/630 1099/497/630 1100/494/630
s 1
f 1091/490/624 1101/498/631 1102/496/632
f 1091/490/624 1102/496/632 1093/492/626
s 0
f 1103/488/633 1104/499/633 1105/498/633
f 1103/488/633 1105/498/633 1106/490/633
s 1
f 1087/486/620 1107/500/634 1108/499/635
f 1087/486/620 1108/499/635 1089/488/622
s 0
f 1109/484/636 1110/501/636 1111/500/636
f 1109/484/636 1111/500/636 1112/486/636
s 1
f 1083/482/616 1113/502/637 1114/501/638
f 1083/482/616 1114/501/638 1085/484/618
s 0
f 1115/480/639 1116/503/639 1117/502/639
f 1115/480/639 1117/502/639 1118/482/639
s 1
f 1079/478/612 1119/504/640 1120/503/641
f 1079/478/612 1120/503/641 1081/480/614
s 0
f 1121/476/642 1122/505/642 1123/504/642
f 1121/476/642 1123/504/642 1124/478/642
s 1
f 1075/474/608 1125/506/643 1126/505/644
f 1075/474/608 1126/505/644 1077/476/610
s 0
f 1127/472/645 1128/507/645 1129/506/645
f 1127/472/645 1129/506/645 1130/474/645
s 1
f 1071/470/604 1131/508/646 1132/507/647
f 1071/470/604 1132/507/647 1073/472/606
s 0
f 1133/468/648 1134/509/648 1135/508/648
f 1133/468/648 1135/508/648 1136/470/648
s 1
f 1067/466/600 1137/510/649 1138/509/650
f 1067/466/600 1138/509/650 1069/468/602
s 0
f 1139/464/651 1140/511/651 1141/510/651
f 1139/464/651 1141/510/651 1142/466/651
s 1
f 1063/462/596 1143/512/652 1144/511/653
f 1063/462/596 1144/511/653 1065/464/598
s 0
f 1145/460/654 1146/513/654 1147/512/654
f 1145/460/654 1147/512/654 1148/462/654
s 1
f 1059/458/592 1149/514/655 1150/513/656
f 1059/458/592 1150/513/656 1061/460/594
s 0
f 1151/456/657 1152/515/657 1153/514/657
f 1151/456/657 1153/514/657 1154/458/657
s 1
f 1055/454/588 1155/516/658 1156/515/659
f 1055/454/588 1156/515/659 1057/456/590
s 0
f 1157/452/660 1158/517/660 1159/516/660
f 1157/452/660 1159/516/660 1160/454/660
s 1
f 1051/450/584 1161/518/661 1162/517/662
f 1051/450/584 1162/517/662 1053/452/586
s 0
f 1163/448/663 1164/519/663 1165/518/663
f 1163/448/663 1165/518/663 1166/450/663
s 1
f 1047/446/580 1167/520/664 1168/519/665
f 1047/446/580 1168/519/665 1049/448/582
s 0
f 1169/444/666 1170/521/666 1171/520/666
f 1169/444/666 1171/520/666 1172/446/666
s 1
f 1043/442/576 1173/522/667 1174/521/668
f 1043/442/576 1174/521/668 1045/444/578
s 0
f 1175/440/669 1176/523/669 1177/522/669
f 1175/440/669 1177/522/669 1178/442/669
s 1
f 1039/438/572 1179/524/670 1180/523/671
f 1039/438/572 1180/523/671 1041/440/574
s 0
f 1181/436/672 1182/525/672 1183/524/672
f 1181/436/672 1183/524/672 1184/438/672
s 1
f 1035/434/568 1185/526/673 1186/525/674
f 1035/434/568 1186/525/674 1037/436/570
s 0
f 1187/432/675 1188/527/675 1189/526/675
f 1187/432/675 1189/526/675 1190/434/675
s 1
f 1031/430/564 1191/528/676 1192/527/677
f 1031/430/564 1192/527/677 1033/432/566
s 0
f 1193/428/678 1194/529/678 1195/528/678
f 1193/428/678 1195/528/678 1196/430/678
s 1
f 1027/426/560 1197/530/679 1198/529/680
f 1027/426/560 1198/529/680 1029/428/562
s 0
f 1199/424/681 1200/531/681 1201/530/681
f 1199/424/681 1201/530/681 1202/426/681
s 1
f 1023/422/556 1203/532/682 1204/531/683
f 1023/422/556 1204/531/683 1025/424/558
s 0
f 1205/420/684 1206/533/684 1207/532/684
f 1205/420/684 1207/532/684 1208/422/684
s 1
f 1019/418/552 1209/534/685 1210/533/686
f 1019/418/552 1210/533/686 1021/420/554
s 0
f 1211/416/687 1212/535/687 1213/534/687
f 1211/416/687 1213/534/687 1214/418/687
s 1
f 1016/415/549 1215/536/688 1216/535/689
f 1016/415/549 1216/535/689 1017/416/550
f 1102/496/632 1217/537/627 1218/538/548
f 1102/496/632 1218/538/548 1219/497/690
f 1101/498/631 1220/539/625 1217/537/627
f 1101/498/631 1217/537/627 1102/496/632
f 1108/499/635 1221/540/623 1220/539/625
f 1108/499/635 1220/539/625 1101/498/631
f 1107/500/634 1222/541/621 1221/540/623
f 1107/500/634 1221/540/623 1108/499/635
f 1114/501/638 1223/542/619 1222/541/621
f 1114/501/638 1222/541/621 1107/500/634
f 1113/502/637 1224/543/617 1223/542/619
f 1113/502/637 1223/542/619 1114/501/638
f 1120/503/641 1225/544/615 1224/543/617
f 1120/503/641 1224/543/617 1113/502/637
f 1119/504/640 1226/545/613 1225/544/615
f 1119/504/640 1225/544/615 1120/503/641
f 1126/505/644 1227/546/611 1226/545/613
f 1126/505/644 1226/545/613 1119/504/640
f 1125/506/643 1228/547/609 1227/546/611
f 1125/506/643 1227/546/611 1126/505/644
f 1132/507/647 1229/548/607 1228/547/609
f 1132/507/647 1228/547/609 1125/506/643
f 1131/508/646 1230/549/605 1229/548/607
f 1131/508/646 1229/548/607 1132/507/647
f 1138/509/650 1231/550/603 1230/549/605
f 1138/509/650 1230/549/605 1131/508/646
f 1137/510/649 1232/551/601 1231/550/603
f 1137/510/649 1231/550/603 1138/509/650
f 1144/511/653 1233/552/599 1232/551/601
f 1144/511/653 1232/551/601 1137/510/649
f 1143/512/652 1234/553/597 1233/552/599
f 1143/512/652 1233/552/599 1144/511/653
f 1150/513/656 1235/554/595 1234/553/597
f 1150/513/656 1234/553/597 1143/512/652
f 1149/514/655 1236/555/593 1235/554/595
f 1149/514/655 1235/554/595 1150/513/656
f 1156/515/659 1237/556/591 1236/555/593
f 1156/515/659 1236/555/593 1149/514/655
f 1155/516/658 1238/557/589 1237/556/591
f 1155/516/658 1237/556/591 1156/515/659
f 1162/517/662 1239/558/587 1238/557/589
f 1162/517/662 1238/557/589 1155/516/658
f 1161/518/661 1240/559/585 1239/558/587
f 1161/518/661 1239/558/587 1162/517/662
f 1168/519/665 1241/560/583 1240/559/585
f 1168/519/665 1240/559/585 1161/518/661
f 1167/520/664 1242/561/581 1241/560/583
f 1167/520/664 1241/560/583 1168/519/665
f 1174/521/668 1243/562/579 1242/561/581
f 1174/521/668 1242/561/581 1167/520/664
f 1173/522/667 1244/563/577 1243/562/579
f 1173/522/667 1243/562/579 1174/521/668
f 1180/523/671 1245/564/575 1244/563/577
f 1180/523/671 1244/563/577 1173/522/667
f 1179/524/670 1246/565/573 1245/564/575
f 1179/524/670 1245/564/575 1180/523/671
f 1186/525/674 1247/566/571 1246/565/573
f 1186/525/674 1246/565/573 1179/524/670
f 1185/526/673 1248/567/569 1247/566/571
f 1185/526/673 1247/566/571 1186/525/674
f 1192/527/677 1249/568/567 1248/567/569
f 1192/527/677 1248/567/569 1185/526/673
f 1191/528/676 1250/569/565 1249/568/567
f 1191/528/676 1249/568/567 1192/527/677
f 1198/529/680 1251/570/563 1250/569/565
f 1198/529/680 1250/569/565 1191/528/676
f 1197/530/679 1252/571/561 1251/570/563
f 1197/530/679 1251/570/563 1198/529/680
f 1204/531/683 1253/572/559 1252/571/561
f 1204/531/683 1252/571/561 1197/530/679
f 1203/532/682 1254/573/557 1253/572/559
f 1203/532/682 1253/572/559 1204/531/683
f 1210/533/686 1255/574/555 1254/573/557
f 1210/533/686 1254/573/557 1203/532/682
f 1209/534/685 1256/575/553 1255/574/555
f 1209/534/685 1255/574/555 1210/533/686
f 1216/535/689 1257/576/551 1256/575/553
f 1216/535/689 1256/575/553 1209/534/685
f 1215/536/688 1258/577/629 1257/576/551
f 1215/536/688 1257/576/551 1216/535/689
s 0
f 1259/578/3 1260/578/3 1261/579/3
f 1259/578/3 1261/579/3 1262/579/3
f 1262/579/3 1261/579/3 1263/580/3
f 1262/579/3 1263/580/3 1264/580/3
f 1264/580/3 1263/580/3 1265/581/3
f 1264/580/3 1265/581/3 1266/581/3
f 1266/581/3 1265/581/3 1267/582/3
f 1266/581/3 1267/582/3 1268/582/3
f 1268/582/3 1267/582/3 1269/583/3
f 1268/582/3 1269/583/3 1270/583/3
f 1270/583/3 1269/583/3 1271/584/3
f 1270/583/3 1271/584/3 1272/584/3
f 1272/584/3 1271/584/3 1273/585/3
f 1272/584/3 1273/585/3 1274/585/3
f 1274/585/3 1273/585/3 1275/586/3
f 1274/585/3 1275/586/3 1276/586/3
f 1276/586/3 1275/586/3 1277/587/3
f 1276/586/3 1277/587/3 1278/587/3
f 1278/587/3 1277/587/3 1279/588/3
f 1278/587/3 1279/588/3 1280/588/3
f 1280/588/3 1279/588/3 1281/589/3
f 1280/588/3 1281/589/3 1282/589/3
f 1282/589/3 1281/589/3 1283/590/3
f 1282/589/3 1283/590/3 1284/590/3
f 1284/590/3 1283/590/3 1285/591/3
f 1284/590/3 1285/591/3 1286/591/3
f 1286/591/3 1285/591/3 1287/592/3
f 1286/591/3 1287/592/3 1288/592/3
f 1288/592/3 1287/592/3 1289/593/3
f 1288/592/3 1289/593/3 1290/593/3
f 1290/593/3 1289/593/3 1291/594/3
f 1290/593/3 1291/594/3 1292/594/3
f 1292/594/3 1291/594/3 1293/595/3
f 1292/594/3 1293/595/3 1294/595/3
f 1294/595/3 1293/595/3 1295/596/3
f 1294/595/3 1295/596/3 1296/596/3
f 1296/596/3 1295/596/3 1297/597/3
f 1296/596/3 1297/597/3 1298/597/3
f 1298/597/3 1297/597/3 1299/598/3
f 1298/597/3 1299/598/3 1300/598/3
f 1300/598/3 1299/598/3 1301/599/3
f 1300/598/3 1301/599/3 1302/599/3
f 1302/599/3 1301/599/3 1303/600/3
f 1302/599/3 1303/600/3 1304/600/3
f 1304/600/3 1303/600/3 1305/601/3
f 1304/600/3 1305/601/3 1306/601/3
f 1306/601/3 1305/601/3 1307/602/3
f 1306/601/3 1307/602/3 1308/602/3
f 1308/602/3 1307/602/3 1309/603/3
f 1308/602/3 1309/603/3 1310/603/3
f 1310/603/3 1309/603/3 1311/604/3
f 1310/603/3 1311/604/3 1312/604/3
f 1312/604/3 1311/604/3 1313/605/3
f 1312/604/3 1313/605/3 1314/605/3
f 1314/605/3 1313/605/3 1315/606/3
f 1314/605/3 1315/606/3 1316/606/3
f 1316/606/3 1315/606/3 1317/607/3
f 1316/606/3 1317/607/3 1318/607/3
f 1318/607/3 1317/607/3 1319/608/3
f 1318/607/3 1319/608/3 1320/608/3
f 1320/608/3 1319/608/3 1321/609/3
f 1320/608/3 1321/609/3 1322/609/3
f 1322/609/3 1321/609/3 1323/610/3
f 1322/609/3 1323/610/3 1324/610/3
f 1324/610/3 1323/610/3 1325/611/3
f 1324/610/3 1325/611/3 1326/611/3
f 1326/611/3 1325/611/3 1327/612/3
f 1326/611/3 1327/612/3 1328/612/3
f 1328/612/3 1327/612/3 1329/613/3
f 1328/612/3 1329/613/3 1330/613/3
f 1330/613/3 1329/613/3 1331/614/3
f 1330/613/3 1331/614/3 1332/614/3
f 1332/614/3 1331/614/3 1333/615/3
f 1332/614/3 1333/615/3 1334/615/3
f 1334/615/3 1333/615/3 1335/616/3
f 1334/615/3 1335/616/3 1336/616/3
f 1336/616/3 1335/616/3 1337/617/3
f 1336/616/3 1337/617/3 1338/617/3
f 1338/617/3 1337/617/3 1260/578/3
f 1338/617/3 1260/578/3 1259/578/3
s 1
f 1339/578/408 1340/578/408 1341/579/133
f 1339/578/408 1341/579/133 1342/579/133
f 1342/579/133 1341/579/133 1343/580/409
f 1342/579/133 1343/580/409 1344/580/409
f 1344/580/409 1343/580/409 1345/581/410
f 1344/580/409 1345/581/410 1346/581/410
f 1346/581/410 1345/581/410 1347/582/411
f 1346/581/410 1347/582/411 1348/582/411
f 1348/582/411 1347/582/411 1349/583/412
f 1348/582/411 1349/583/412 1350/583/412
f 1350/583/412 1349/583/412 1351/584/413
f 1350/583/412 1351/584/413 1352/584/413
f 1352/584/413 1351/584/413 1353/585/414
f 1352/584/413 1353/585/414 1354/585/414
f 1354/585/414 1353/585/414 1355/586/415
f 1354/585/414 1355/586/415 1356/586/415
f 1356/586/415 1355/586/415 1357/587/416
f 1356/586/415 1357/587/416 1358/587/416
f 1358/587/416 1357/587/416 1359/588/417
f 1358/587/416 1359/588/417 1360/588/417
f 1360/588/417 1359/588/417 1361/589/418
f 1360/588/417 1361/589/418 1362/589/418
f 1362/589/418 1361/589/418 1363/590/419
f 1362/589/418 1363/590/419 1364/590/419
f 1364/590/419 1363/590/419 1365/591/420
f 1364/590/419 1365/591/420 1366/591/420
f 1366/591/420 1365/591/420 1367/592/421
f 1366/591/420 1367/592/421 1368/592/421
f 1368/592/421 1367/592/421 1369/593/422
f 1368/592/421 1369/593/422 1370/593/422
f 1370/593/422 1369/593/422 1371/594/423
f 1370/593/422 1371/594/423 1372/594/423
f 1372/594/423 1371/594/423 1373/595/424
f 1372/594/423 1373/595/424 1374/595/424
f 1374/595/424 1373/595/424 1375/596/425
f 1374/595/424 1375/596/425 1376/596/425
f 1376/596/425 1375/596/425 1377/597/426
f 1376/596/425 1377/597/426 1378/597/426
f 1378/597/426 1377/597/426 1379/598/389
f 1378/597/426 1379/598/389 1380/598/389
f 1380/598/389 1379/598/389 1381/599/102
f 1380/598/389 1381/599/102 1382/599/102
f 1382/599/102 1381/599/102 1383/600/390
f 1382/599/102 1383/600/390 1384/600/390
f 1384/600/390 1383/600/390 1385/601/391
f 1384/600/390 1385/601/391 1386/601/391
f 1386/601/391 1385/601/391 1387/602/392
f 1386/601/391 1387/602/392 1388/602/392
f 1388/602/392 1387/602/392 1389/603/393
f 1388/602/392 1389/603/393 1390/603/393
f 1390/603/393 1389/603/393 1391/604/394
f 1390/603/393 1391/604/394 1392/604/394
f 1392/604/394 1391/604/394 1393/605/395
f 1392/604/394 1393/605/395 1394/605/395
f 1394/605/395 1393/605/395 1395/606/396
f 1394/605/395 1395/606/396 1396/606/396
f 1396/606/396 1395/606/396 1397/607/397
f 1396/606/396 1397/607/397 1398/607/397
f 1398/607/397 1397/607/397 1399/608/398
f 1398/607/397 1399/608/398 1400/608/398
f 1400/608/398 1399/608/398 1401/609/399
f 1400/608/398 1401/609/399 1402/609/399
f 1402/609/399 1401/609/399 1403/610/400
f 1402/609/399 1403/610/400 1404/610/400
f 1404/610/400 1403/610/400 1405/611/401
f 1404/610/400 1405/611/401 1406/611/401
f 1406/611/401 1405/611/401 1407/612/402
f 1406/611/401 1407/612/402 1408/612/402
f 1408/612/402 1407/612/402 1409/613/403
f 1408/612/402 1409/613/403 1410/613/403
f 1410/613/403 1409/613/403 1411/614/404
f 1410/613/403 1411/614/404 1412/614/404
f 1412/614/404 1411/614/404 1413/615/405
f 1412/614/404 1413/615/405 1414/615/405
f 1414/615/405 1413/615/405 1415/616/406
f 1414/615/405 1415/616/406 1416/616/406
f 1416/616/406 1415/616/406 1417/617/407
f 1416/616/406 1417/617/407 1418/617/407
f 1418/617/407 1417/617/407 1340/578/408
f 1418/617/407 1340/578/408 1339/578/408
s 0
f 1419/492/691 1420/492/691 1421/494/691
f 1419/492/691 1421/494/691 1422/494/691
f 1423/494/692 1424/494/692 1425/497/692
f 1423/494/692 1425/497/692 1426/497/692
f 1427/497/693 1428/497/693 1429/496/693
f 1427/497/693 1429/496/693 1430/496/693
f 1431/496/694 1432/496/694 1433/492/694
f 1431/496/694 1433/492/694 1434/492/694
f 1435/488/695 1436/488/695 1437/490/695
f 1435/488/695 1437/490/695 1438/490/695
f 1439/490/696 1440/490/696 1441/498/696
f 1439/490/696 1441/498/696 1442/498/696
f 1443/498/697 1444/498/697 1445/499/697
f 1443/498/697 1445/499/697 1446/499/697
f 1447/499/698 1448/499/698 1449/488/698
f 1447/499/698 1449/488/698 1450/488/698
f 1451/484/699 1452/484/699 1453/486/699
f 1451/484/699 1453/486/699 1454/486/699
f 1455/486/700 1456/486/700 1457/500/700
f 1455/486/700 1457/500/700 1458/500/700
f 1459/500/701 1460/500/701 1461/501/701
f 1459/500/701 1461/501/701 1462/501/701
f 1463/501/702 1464/501/702 1465/484/702
f 1463/501/702 1465/484/702 1466/484/702
f 1467/480/703 1468/480/703 1469/482/703
f 1467/480/703 1469/482/703 1470/482/703
f 1471/482/704 1472/482/704 1473/502/704
f 1471/482/704 1473/502/704 1474/502/704
f 1475/502/705 1476/502/705 1477/503/705
f 1475/502/705 1477/503/705 1478/503/705
f 1479/503/706 1480/503/706 1481/480/706
f 1479/503/706 1481/480/706 1482/480/706
f 1483/476/707 1484/476/707 1485/478/707
f 1483/476/707 1485/478/707 1486/478/707
f 1487/478/708 1488/478/708 1489/504/708
f 1487/478/708 1489/504/708 1490/504/708
f 1491/504/709 1492/504/709 1493/505/709
f 1491/504/709 1493/505/709 1494/505/709
f 1495/505/710 1496/505/710 1497/476/710
f 1495/505/710 1497/476/710 1498/476/710
f 1499/472/711 1500/472/711 1501/474/711
f 1499/472/711 1501/474/711 1502/474/711
f 1503/474/712 1504/474/712 1505/506/712
f 1503/474/712 1505/506/712 1506/506/712
f 1507/506/713 1508/506/713 1509/507/713
f 1507/506/713 1509/507/713 1510/507/713
f 1511/507/714 1512/507/714 1513/472/714
f 1511/507/714 1513/472/714 1514/472/714
f 1515/468/715 1516/468/715 1517/470/715
f 1515/468/715 1517/470/715 1518/470/715
f 1519/470/716 1520/470/716 1521/508/716
f 1519/470/716 1521/508/716 1522/508/716
f 1523/508/717 1524/508/717 1525/509/717
f 1523/508/717 1525/509/717 1526/509/717
f 1527/509/718 1528/509/718 1529/468/718
f 1527/509/718 1529/468/718 1530/468/718
f 1531/464/719 1532/464/719 1533/466/719
f 1531/464/719 1533/466/719 1534/466/719
f 1535/466/720 1536/466/720 1537/510/720
f 1535/466/720 1537/510/720 1538/510/720
f 1539/510/721 1540/510/721 1541/511/721
f 1539/510/721 1541/511/721 1542/511/721
f 1543/511/722 1544/511/722 1545/464/722
f 1543/511/722 1545/464/722 1546/464/722
f 1547/460/723 1548/460/723 1549/462/723
f 1547/460/723 1549/462/723 1550/462/723
f 1551/462/724 1552/462/724 1553/512/724
f 1551/462/724 1553/512/724 1554/512/724
f 1555/512/725 1556/512/725 1557/513/725
f 1555/512/725 1557/513/725 1558/513/725
f 1559/513/726 1560/513/726 1561/460/726
f 1559/513/726 1561/460/726 1562/460/726
f 1563/456/727 1564/456/727 1565/458/727
f 1563/456/727 1565/458/727 1566/458/727
f 1567/458/728 1568/458/728 1569/514/728
f 1567/458/728 1569/514/728 1570/514/728
f 1571/514/729 1572/514/729 1573/515/729
f 1571/514/729 1573/515/729 1574/515/729
f 1575/515/730 1576/515/730 1577/456/730
f 1575/515/730 1577/456/730 1578/456/730
f 1579/452/731 1580/452/731 1581/454/731
f 1579/452/731 1581/454/731 1582/454/731
f 1583/454/732 1584/454/732 1585/516/732
f 1583/454/732 1585/516/732 1586/516/732
f 1587/516/733 1588/516/733 1589/517/733
f 1587/516/733 1589/517/733 1590/517/733
f 1591/517/734 1592/517/734 1593/452/734
f 1591/517/734 1593/452/734 1594/452/734
f 1595/448/735 1596/448/735 1597/450/735
f 1595/448/735 1597/450/735 1598/450/735
f 1599/450/736 1600/450/736 1601/518/736
f 1599/450/736 1601/518/736 1602/518/736
f 1603/518/737 1604/518/737 1605/519/737
f 1603/518/737 1605/519/737 1606/519/737
f 1607/519/738 1608/519/738 1609/448/738
f 1607/519/738 1609/448/738 1610/448/738
f 1611/444/739 1612/444/739 1613/446/739
f 1611/444/739 1613/446/739 1614/446/739
f 1615/446/740 1616/446/740 1617/520/740
f 1615/446/740 1617/520/740 1618/520/740
f 1619/520/741 1620/520/741 1621/521/741
f 1619/520/741 1621/521/741 1622/521/741
f 1623/521/742 1624/521/742 1625/444/742
f 1623/521/742 1625/444/742 1626/444/742
f 1627/440/743 1628/440/743 1629/442/743
f 1627/440/743 1629/442/743 1630/442/743
f 1631/442/744 1632/442/744 1633/522/744
f 1631/442/744 1633/522/744 1634/522/744
f 1635/522/745 1636/522/745 1637/523/745
f 1635/522/745 1637/523/745 1638/523/745
f 1639/523/746 1640/523/746 1641/440/746
f 1639/523/746 1641/440/746 1642/440/746
f 1643/436/747 1644/436/747 1645/438/747
f 1643/436/747 1645/438/747 1646/438/747
f 1647/438/748 1648/438/748 1649/524/748
f 1647/438/748 1649/524/748 1650/524/748
s 1
f 1651/524/749 1652/524/749 1653/525/749
s 0
f 1651/524/749 1653/525/749 1654/525/749
f 1655/525/750 1656/525/750 1657/436/750
f 1655/525/750 1657/436/750 1658/436/750
f 1659/432/751 1660/432/751 1661/434/751
f 1659/432/751 1661/434/751 1662/434/751
f 1663/434/752 1664/434/752 1665/526/752
f 1663/434/752 1665/526/752 1666/526/752
f 1667/526/753 1668/526/753 1669/527/753
f 1667/526/753 1669/527/753 1670/527/753
f 1671/527/754 1672/527/754 1673/432/754
f 1671/527/754 1673/432/754 1674/432/754
f 1675/428/755 1676/428/755 1677/430/755
f 1675/428/755 1677/430/755 1678/430/755
f 1679/430/756 1680/430/756 1681/528/756
f 1679/430/756 1681/528/756 1682/528/756
f 1683/528/757 1684/528/757 1685/529/757
f 1683/528/757 1685/529/757 1686/529/757
f 1687/529/758 1688/529/758 1689/428/758
f 1687/529/758 1689/428/758 1690/428/758
f 1691/424/759 1692/424/759 1693/426/759
f 1691/424/759 1693/426/759 1694/426/759
f 1695/426/760 1696/426/760 1697/530/760
f 1695/426/760 1697/530/760 1698/530/760
f 1699/530/761 1700/530/761 1701/531/761
f 1699/530/761 1701/531/761 1702/531/761
f 1703/531/762 1704/531/762 1705/424/762
f 1703/531/762 1705/424/762 1706/424/762
f 1707/420/763 1708/420/763 1709/422/763
f 1707/420/763 1709/422/763 1710/422/763
f 1711/422/764 1712/422/764 1713/532/764
f 1711/422/764 1713/532/764 1714/532/764
f 1715/532/765 1716/532/765 1717/533/765
f 1715/532/765 1717/533/765 1718/533/765
f 1719/533/766 1720/533/766 1721/420/766
f 1719/533/766 1721/420/766 1722/420/766
f 1723/416/767 1724/416/767 1725/418/767
f 1723/416/767 1725/418/767 1726/418/767
f 1727/418/768 1728/418/768 1729/534/768
f 1727/418/768 1729/534/768 1730/534/768
f 1731/534/769 1732/534/769 1733/535/769
f 1731/534/769 1733/535/769 1734/535/769
f 1735/535/770 1736/535/770 1737/416/770
f 1735/535/770 1737/416/770 1738/416/770
s 1
f 1739/333/771 1740/334/772 1741/334/772
f 1739/333/771 1741/334/772 1742/333/771
f 1740/334/772 1743/335/773 1744/335/773
f 1740/334/772 1744/335/773 1741/334/772
f 1743/335/773 1745/336/774 1746/336/774
f 1743/335/773 1746/336/774 1744/335/773
f 1745/336/774 1747/337/775 1748/337/775
f 1745/336/774 1748/337/775 1746/336/774
f 1747/337/775 1749/338/776 1750/338/776
f 1747/337/775 1750/338/776 1748/337/775
f 1749/338/776 1751/339/777 1752/339/777
f 1749/338/776 1752/339/777 1750/338/776
f 1751/339/777 1753/340/778 1754/340/778
f 1751/339/777 1754/340/778 1752/339/777
f 1753/340/778 1755/341/779 1756/341/779
f 1753/340/778 1756/341/779 1754/340/778
f 1755/341/779 1757/342/780 1758/342/780
f 1755/341/779 1758/342/780 1756/341/779
f 1757/342/780 1759/343/781 1760/343/781
f 1757/342/780 1760/343/781 1758/342/780
f 1759/343/781 1761/344/782 1762/344/782
f 1759/343/781 1762/344/782 1760/343/781
f 1761/344/782 1763/345/783 1764/345/783
f 1761/344/782 1764/345/783 1762/344/782
f 1763/345/783 1765/346/784 1766/346/784
f 1763/345/783 1766/346/784 1764/345/783
f 1765/346/784 1767/347/785 1768/347/785
f 1765/346/784 1768/347/785 1766/346/784
f 1767/347/785 1769/348/786 1770/348/786
f 1767/347/785 1770/348/786 1768/347/785
f 1769/348/786 1771/349/787 1772/349/787
f 1769/348/786 1772/349/787 1770/348/786
f 1771/349/787 1773/350/788 1774/350/788
f 1771/349/787 1774/350/788 1772/349/787
f 1773/350/788 1775/351/789 1776/351/789
f 1773/350/788 1776/351/789 1774/350/788
f 1775/351/789 1777/352/790 1778/352/790
f 1775/351/789 1778/352/790 1776/351/789
f 1777/352/790 1779/353/791 1780/353/791
f 1777/352/790 1780/353/791 1778/352/790
f 1779/353/791 1781/354/792 1782/354/792
f 1779/353/791 1782/354/792 1780/353/791
f 1781/354/792 1783/355/793 1784/355/793
f 1781/354/792 1784/355/793 1782/354/792
f 1783/355/793 1785/356/794 1786/356/794
f 1783/355/793 1786/356/794 1784/355/793
f 1785/356/794 1787/357/795 1788/357/795
f 1785/356/794 1788/357/795 1786/356/794
f 1787/357/795 1789/358/796 1790/358/796
f 1787/357/795 1790/358/796 1788/357/795
f 1789/358/796 1791/359/797 1792/359/797
f 1789/358/796 1792/359/797 1790/358/796
f 1791/359/797 1793/360/798 1794/360/798
f 1791/359/797 1794/360/798 1792/359/797
f 1793/360/798 1795/361/799 1796/361/799
f 1793/360/798 1796/361/799 1794/360/798
f 1795/361/799 1797/362/800 1798/362/800
f 1795/361/799 1798/362/800 1796/361/799
f 1797/362/800 1799/363/801 1800/363/801
f 1797/362/800 1800/363/801 1798/362/800
f 1799/363/801 1801/364/802 1802/364/802
f 1799/363/801 1802/364/802 1800/363/801
f 1801/364/802 1803/365/803 1804/365/803
f 1801/364/802 1804/365/803 1802/364/802
f 1803/365/803 1805/366/804 1806/366/804
f 1803/365/803 1806/366/804 1804/365/803
f 1805/366/804 1807/367/805 1808/367/805
f 1805/366/804 1808/367/805 1806/366/804
f 1807/367/805 1809/368/806 1810/368/806
f 1807/367/805 1810/368/806 1808/367/805
f 1809/368/806 1811/369/807 1812/369/807
f 1809/368/806 1812/369/807 1810/368/806
f 1811/369/807 1813/370/808 1814/370/808
f 1811/369/807 1814/370/808 1812/369/807
f 1813/370/808 1815/371/809 1816/371/809
f 1813/370/808 1816/371/809 1814/370/808
f 1815/371/809 1817/372/810 1818/372/810
f 1815/371/809 1818/372/810 1816/371/809
f 1817/372/810 1819/373/771 1820/373/771
f 1817/372/810 1820/373/771 1818/372/810
f 1821/83/811 1822/84/812 1823/85/813
f 1821/83/811 1823/85/813 1824/86/811
f 1822/84/812 1825/87/814 1826/88/814
f 1822/84/812 1826/88/814 1823/85/813
f 1825/87/814 1827/89/815 1828/90/815
f 1825/87/814 1828/90/815 1826/88/814
f 1827/89/815 1829/91/816 1830/92/816
f 1827/89/815 1830/92/816 1828/90/815
f 1829/91/816 1831/93/817 1832/94/817
f 1829/91/816 1832/94/817 1830/92/816
f 1831/93/817 1833/95/818 1834/96/818
f 1831/93/817 1834/96/818 1832/94/817
f 1833/95/818 1835/97/819 1836/98/819
f 1833/95/818 1836/98/819 1834/96/818
f 1835/97/819 1837/99/820 1838/100/820
f 1835/97/819 1838/100/820 1836/98/819
f 1837/99/820 1839/101/821 1840/102/821
f 1837/99/820 1840/102/821 1838/100/820
f 1839/101/821 1841/103/822 1842/104/822
f 1839/101/821 1842/104/822 1840/102/821
f 1841/103/822 1843/105/823 1844/106/823
f 1841/103/822 1844/106/823 1842/104/822
f 1845/86/3 1846/85/824 1847/107/825
f 1845/86/3 1847/107/825 1848/108/3
f 1846/85/824 1849/88/826 1850/109/827
f 1846/85/824 1850/109/827 1847/107/825
f 1849/88/826 1851/90/828 1852/110/829
f 1849/88/826 1852/110/829 1850/109/827
f 1851/90/828 1853/92/3 1854/111/3
f 1851/90/828 1854/111/3 1852/110/829
s 0
f 1853/92/3 1855/94/3 1856/112/3
f 1853/92/3 1856/112/3 1854/111/3
f 1855/94/3 1857/96/3 1858/113/3
f 1855/94/3 1858/113/3 1856/112/3
f 1857/96/3 1859/98/3 1860/114/3
f 1857/96/3 1860/114/3 1858/113/3
s 1
f 1859/98/3 1861/100/830 1862/115/831
f 1859/98/3 1862/115/831 1860/114/3
f 1861/100/830 1863/102/832 1864/116/833
f 1861/100/830 1864/116/833 1862/115/831
f 1863/102/832 1865/104/834 1866/117/835
f 1863/102/832 1866/117/835 1864/116/833
f 1865/104/834 1867/106/3 1868/118/3
f 1865/104/834 1868/118/3 1866/117/835
f 1869/108/836 1870/107/837 1871/119/837
f 1869/108/836 1871/119/837 1872/120/836
f 1870/107/837 1873/109/838 1874/121/838
f 1870/107/837 1874/121/838 1871/119/837
f 1873/109/838 1875/110/839 1876/122/840
f 1873/109/838 1876/122/840 1874/121/838
f 1875/110/839 1877/111/841 1878/123/841
f 1875/110/839 1878/123/841 1876/122/840
f 1877/111/841 1879/112/842 1880/124/843
f 1877/111/841 1880/124/843 1878/123/841
f 1879/112/842 1881/113/844 1882/125/845
f 1879/112/842 1882/125/845 1880/124/843
f 1881/113/844 1883/114/846 1884/126/846
f 1881/113/844 1884/126/846 1882/125/845
f 1883/114/846 1885/115/847 1886/127/848
f 1883/114/846 1886/127/848 1884/126/846
f 1885/115/847 1887/116/849 1888/128/849
f 1885/115/847 1888/128/849 1886/127/848
f 1887/116/849 1889/117/850 1890/129/851
f 1887/116/849 1890/129/851 1888/128/849
f 1889/117/850 1891/118/852 1892/130/852
f 1889/117/850 1892/130/852 1890/129/851
f 1893/120/43 1894/119/853 1895/131/854
f 1893/120/43 1895/131/854 1896/132/43
f 1894/119/853 1897/121/855 1898/133/856
f 1894/119/853 1898/133/856 1895/131/854
f 1897/121/855 1899/122/857 1900/134/858
f 1897/121/855 1900/134/858 1898/133/856
f 1899/122/857 1901/123/43 1902/135/43
f 1899/122/857 1902/135/43 1900/134/858
s 0
f 1901/123/43 1903/124/43 1904/136/43
f 1901/123/43 1904/136/43 1902/135/43
f 1903/124/43 1905/125/43 1906/137/43
f 1903/124/43 1906/137/43 1904/136/43
f 1905/125/43 1907/126/43 1908/138/43
f 1905/125/43 1908/138/43 1906/137/43
s 1
f 1907/126/43 1909/127/859 1910/139/860
f 1907/126/43 1910/139/860 1908/138/43
f 1909/127/859 1911/128/861 1912/140/862
f 1909/127/859 1912/140/862 1910/139/860
f 1911/128/861 1913/129/863 1914/141/864
f 1911/128/861 1914/141/864 1912/140/862
f 1913/129/863 1915/130/43 1916/142/43
f 1913/129/863 1916/142/43 1914/141/864
s 0
f 1917/105/865 1918/143/865 1919/144/865
f 1917/105/865 1919/144/865 1920/106/865
f 1921/145/866 1922/83/866 1923/86/866
f 1921/145/866 1923/86/866 1924/146/866
s 1
f 1925/618/867 1926/619/407 1927/620/407
f 1925/618/867 1927/620/407 1928/621/867
f 1926/619/407 1929/622/406 1930/623/406
f 1926/619/407 1930/623/406 1927/620/407
f 1929/622/406 1931/624/405 1932/625/405
f 1929/622/406 1932/625/405 1930/623/406
f 1931/624/405 1933/626/404 1934/627/404
f 1931/624/405 1934/627/404 1932/625/405
f 1933/626/404 1935/628/403 1936/629/403
f 1933/626/404 1936/629/403 1934/627/404
f 1935/628/403 1937/630/402 1938/631/402
f 1935/628/403 1938/631/402 1936/629/403
f 1937/630/402 1939/632/401 1940/633/401
f 1937/630/402 1940/633/401 1938/631/402
f 1939/632/401 1941/634/400 1942/635/400
f 1939/632/401 1942/635/400 1940/633/401
f 1941/634/400 1943/636/399 1944/637/399
f 1941/634/400 1944/637/399 1942/635/400
f 1943/636/399 1945/638/398 1946/639/398
f 1943/636/399 1946/639/398 1944/637/399
f 1945/638/398 1947/640/397 1948/641/397
f 1945/638/398 1948/641/397 1946/639/398
f 1947/640/397 1949/642/396 1950/643/396
f 1947/640/397 1950/643/396 1948/641/397
f 1949/642/396 1951/644/868 1952/645/869
f 1949/642/396 1952/645/869 1950/643/396
f 1951/644/868 1953/646/870 1954/647/870
f 1951/644/868 1954/647/870 1952/645/869
f 1953/646/870 1955/648/393 1956/649/871
f 1953/646/870 1956/649/871 1954/647/870
f 1955/648/393 1957/650/392 1958/651/392
f 1955/648/393 1958/651/392 1956/649/871
f 1957/650/392 1959/652/391 1960/653/391
f 1957/650/392 1960/653/391 1958/651/392
f 1959/652/391 1961/654/390 1962/655/390
f 1959/652/391 1962/655/390 1960/653/391
f 1961/654/390 1963/656/102 1964/657/102
f 1961/654/390 1964/657/102 1962/655/390
f 1963/656/102 1965/658/389 1966/659/389
f 1963/656/102 1966/659/389 1964/657/102
f 1965/658/389 1967/660/426 1968/661/426
f 1965/658/389 1968/661/426 1966/659/389
f 1967/660/426 1969/662/425 1970/663/425
f 1967/660/426 1970/663/425 1968/661/426
f 1969/662/425 1971/664/424 1972/665/424
f 1969/662/425 1972/665/424 1970/663/425
f 1971/664/424 1973/666/423 1974/667/423
f 1971/664/424 1974/667/423 1972/665/424
f 1973/666/423 1975/668/422 1976/669/422
f 1973/666/423 1976/669/422 1974/667/423
f 1975/668/422 1977/670/421 1978/671/421
f 1975/668/422 1978/671/421 1976/669/422
f 1977/670/421 1979/672/420 1980/673/420
f 1977/670/421 1980/673/420 1978/671/421
f 1979/672/420 1981/674/419 1982/675/419
f 1979/672/420 1982/675/419 1980/673/420
f 1981/674/419 1983/676/418 1984/677/418
f 1981/674/419 1984/677/418 1982/675/419
f 1983/676/418 1985/678/417 1986/679/417
f 1983/676/418 1986/679/417 1984/677/418
f 1985/678/417 1987/680/416 1988/681/416
f 1985/678/417 1988/681/416 1986/679/417
f 1987/680/416 1989/682/415 1990/683/415
f 1987/680/416 1990/683/415 1988/681/416
f 1989/682/415 1991/684/414 1992/685/414
f 1989/682/415 1992/685/414 1990/683/415
f 1991/684/414 1993/686/413 1994/687/413
f 1991/684/414 1994/687/413 1992/685/414
f 1993/686/413 1995/688/412 1996/689/412
f 1993/686/413 1996/689/412 1994/687/413
f 1995/688/412 1997/690/411 1998/691/411
f 1995/688/412 1998/691/411 1996/689/412
f 1997/690/411 1999/692/410 2000/693/410
f 1997/690/411 2000/693/410 1998/691/411
f 1999/692/410 2001/694/409 2002/695/409
f 1999/692/410 2002/695/409 2000/693/410
f 2001/694/409 2003/696/133 2004/697/133
f 2001/694/409 2004/697/133 2002/695/409
f 2003/696/133 2005/698/408 2006/699/408
f 2003/696/133 2006/699/408 2004/697/133
f 2007/700/872 2008/701/873 2009/702/874
f 2007/700/872 2009/702/874 2010/703/872
f 2008/701/873 2011/704/875 2012/705/876
f 2008/701/873 2012/705/876 2009/702/874
f 2011/704/875 2013/706/877 2014/707/877
f 2011/704/875 2014/707/877 2012/705/876
f 2013/706/877 2015/708/878 2016/709/879
f 2013/706/877 2016/709/879 2014/707/877
f 2015/708/878 2017/710/880 2018/711/880
f 2015/708/878 2018/711/880 2016/709/879
f 2017/710/880 2019/712/881 2020/713/882
f 2017/710/880 2020/713/882 2018/711/880
f 2019/712/881 2021/714/883 2022/715/884
f 2019/712/881 2022/715/884 2020/713/882
f 2021/714/883 2023/716/885 2024/717/886
f 2021/714/883 2024/717/886 2022/715/884
f 2023/716/885 2025/718/887 2026/719/887
f 2023/716/885 2026/719/887 2024/717/886
f 2025/718/887 2027/720/888 2028/721/889
f 2025/718/887 2028/721/889 2026/719/887
f 2027/720/888 2029/722/890 2030/723/891
f 2027/720/888 2030/723/891 2028/721/889
f 2029/722/890 2031/724/892 2032/725/893
f 2029/722/890 2032/725/893 2030/723/891
f 2031/724/892 2033/726/894 2034/727/894
f 2031/724/892 2034/727/894 2032/725/893
f 2033/726/894 2035/728/895 2036/729/895
f 2033/726/894 2036/729/895 2034/727/894
f 2035/728/895 2037/730/896 2038/731/896
f 2035/728/895 2038/731/896 2036/729/895
f 2037/730/896 2039/732/897 2040/733/897
f 2037/730/896 2040/733/897 2038/731/896
f 2039/732/897 2041/734/898 2042/735/899
f 2039/732/897 2042/735/899 2040/733/897
f 2041/734/898 2043/736/900 2044/737/901
f 2041/734/898 2044/737/901 2042/735/899
f 2043/736/900 2045/738/902 2046/739/902
f 2043/736/900 2046/739/902 2044/737/901
f 2045/738/902 2047/740/903 2048/741/904
f 2045/738/902 2048/741/904 2046/739/902
f 2047/740/903 2049/742/905 2050/743/906
f 2047/740/903 2050/743/906 2048/741/904
f 2049/742/905 2051/744/907 2052/745/907
f 2049/742/905 2052/745/907 2050/743/906
f 2051/744/907 2053/746/908 2054/747/908
f 2051/744/907 2054/747/908 2052/745/907
f 2053/746/908 2055/748/909 2056/749/910
f 2053/746/908 2056/749/910 2054/747/908
f 2055/748/909 2057/750/911 2058/751/912
f 2055/748/909 2058/751/912 2056/749/910
f 2057/750/911 2059/752/913 2060/753/914
f 2057/750/911 2060/753/914 2058/751/912
f 2059/752/913 2061/754/915 2062/755/915
f 2059/752/913 2062/755/915 2060/753/914
f 2061/754/915 2063/756/916 2064/757/916
f 2061/754/915 2064/757/916 2062/755/915
f 2063/756/916 2065/758/917 2066/759/918
f 2063/756/916 2066/759/918 2064/757/916
f 2065/758/917 2067/760/919 2068/761/920
f 2065/758/917 2068/761/920 2066/759/918
f 2067/760/919 2069/762/921 2070/763/922
f 2067/760/919 2070/763/922 2068/761/920
f 2069/762/921 2071/764/923 2072/765/924
f 2069/762/921 2072/765/924 2070/763/922
f 2071/764/923 2073/766/925 2074/767/926
f 2071/764/923 2074/767/926 2072/765/924
f 2073/766/925 2075/768/927 2076/769/928
f 2073/766/925 2076/769/928 2074/767/926
f 2075/768/927 2077/770/929 2078/771/930
f 2075/768/927 2078/771/930 2076/769/928
f 2077/770/929 2079/772/931 2080/773/931
f 2077/770/929 2080/773/931 2078/771/930
f 2079/772/931 2081/774/932 2082/775/932
f 2079/772/931 2082/775/932 2080/773/931
f 2081/774/932 2083/776/933 2084/777/934
f 2081/774/932 2084/777/934 2082/775/932
f 2083/776/933 2085/778/935 2086/779/935
f 2083/776/933 2086/779/935 2084/777/934
f 2085/778/935 2007/700/872 2010/703/872
f 2085/778/935 2010/703/872 2086/779/935
f 2087/780/936 2088/781/937 2089/782/937
f 2087/780/936 2089/782/937 2090/783/936
f 2088/781/937 2091/784/938 2092/785/938
f 2088/781/937 2092/785/938 2089/782/937
f 2091/784/938 2093/786/939 2094/787/939
f 2091/784/938 2094/787/939 2092/785/938
f 2093/786/939 2095/788/940 2096/789/940
f 2093/786/939 2096/789/940 2094/787/939
f 2095/788/940 2097/790/941 2098/791/941
f 2095/788/940 2098/791/941 2096/789/940
f 2097/790/941 2099/792/942 2100/793/942
f 2097/790/941 2100/793/942 2098/791/941
f 2099/792/942 2101/794/943 2102/795/943
f 2099/792/942 2102/795/943 2100/793/942
f 2101/794/943 2103/796/944 2104/797/944
f 2101/794/943 2104/797/944 2102/795/943
f 2103/796/944 2105/798/945 2106/799/945
f 2103/796/944 2106/799/945 2104/797/944
f 2105/798/945 2107/800/946 2108/801/946
f 2105/798/945 2108/801/946 2106/799/945
f 2107/800/946 2109/802/947 2110/803/947
f 2107/800/946 2110/803/947 2108/801/946
f 2109/802/947 2111/804/948 2112/805/948
f 2109/802/947 2112/805/948 2110/803/947
f 2111/804/948 2113/806/949 2114/807/949
f 2111/804/948 2114/807/949 2112/805/948
f 2113/806/949 2115/808/950 2116/809/950
f 2113/806/949 2116/809/950 2114/807/949
f 2115/808/950 2117/810/951 2118/811/951
f 2115/808/950 2118/811/951 2116/809/950
f 2117/810/951 2119/812/952 2120/813/952
f 2117/810/951 2120/813/952 2118/811/951
f 2119/812/952 2121/814/953 2122/815/953
f 2119/812/952 2122/815/953 2120/813/952
f 2121/814/953 2123/816/954 2124/817/954
f 2121/814/953 2124/817/954 2122/815/953
f 2123/816/954 2125/818/955 2126/819/955
f 2123/816/954 2126/819/955 2124/817/954
f 2125/818/955 2127/820/956 2128/821/956
f 2125/818/955 2128/821/956 2126/819/955
f 2127/820/956 2129/822/957 2130/823/957
f 2127/820/956 2130/823/957 2128/821/956
f 2129/822/957 2131/824/958 2132/825/958
f 2129/822/957 2132/825/958 2130/823/957
f 2131/824/958 2133/826/959 2134/827/959
f 2131/824/958 2134/827/959 2132/825/958
f 2133/826/959 2135/828/960 2136/829/960
f 2133/826/959 2136/829/960 2134/827/959
f 2135/828/960 2137/830/961 2138/831/961
f 2135/828/960 2138/831/961 2136/829/960
f 2137/830/961 2139/832/962 2140/833/962
f 2137/830/961 2140/833/962 2138/831/961
f 2139/832/962 2141/834/963 2142/835/963
f 2139/832/962 2142/835/963 2140/833/962
f 2141/834/963 2143/836/964 2144/837/964
f 2141/834/963 2144/837/964 2142/835/963
f 2143/836/964 2145/838/965 2146/839/965
f 2143/836/964 2146/839/965 2144/837/964
f 2145/838/965 2147/840/966 2148/841/966
f 2145/838/965 2148/841/966 2146/839/965
f 2147/840/966 2149/842/967 2150/843/967
f 2147/840/966 2150/843/967 2148/841/966
f 2149/842/967 2151/844/968 2152/845/968
f 2149/842/967 2152/845/968 2150/843/967
f 2151/844/968 2153/846/969 2154/847/969
f 2151/844/968 2154/847/969 2152/845/968
f 2153/846/969 2155/848/970 2156/849/970
f 2153/846/969 2156/849/970 2154/847/969
f 2155/848/970 2157/850/971 2158/851/972
f 2155/848/970 2158/851/972 2156/849/970
f 2157/850/971 2159/852/973 2160/853/973
f 2157/850/971 2160/853/973 2158/851/972
f 2159/852/973 2161/854/974 2162/855/974
f 2159/852/973 2162/855/974 2160/853/973
f 2161/854/974 2163/856/975 2164/857/975
f 2161/854/974 2164/857/975 2162/855/974
f 2163/856/975 2165/858/976 2166/859/976
f 2163/856/975 2166/859/976 2164/857/975
f 2165/858/976 2087/780/936 2090/783/936
f 2165/858/976 2090/783/936 2166/859/976
f 2167/783/977 2168/782/978 2169/860/978
f 2167/783/977 2169/860/978 2170/861/977
f 2168/782/978 2171/785/979 2172/862/979
f 2168/782/978 2172/862/979 2169/860/978
f 2171/785/979 2173/787/980 2174/863/980
f 2171/785/979 2174/863/980 2172/862/979
f 2173/787/980 2175/789/981 2176/864/981
f 2173/787/980 2176/864/981 2174/863/980
f 2175/789/981 2177/791/982 2178/865/982
f 2175/789/981 2178/865/982 2176/864/981
f 2177/791/982 2179/793/983 2180/866/983
f 2177/791/982 2180/866/983 2178/865/982
f 2179/793/983 2181/795/984 2182/867/984
f 2179/793/983 2182/867/984 2180/866/983
f 2181/795/984 2183/797/985 2184/868/985
f 2181/795/984 2184/868/985 2182/867/984
f 2183/797/985 2185/799/986 2186/869/986
f 2183/797/985 2186/869/986 2184/868/985
f 2185/799/986 2187/801/987 2188/870/987
f 2185/799/986 2188/870/987 2186/869/986
f 2187/801/987 2189/803/988 2190/871/988
f 2187/801/987 2190/871/988 2188/870/987
f 2189/803/988 2191/805/989 2192/872/989
f 2189/803/988 2192/872/989 2190/871/988
f 2191/805/989 2193/807/990 2194/873/990
f 2191/805/989 2194/873/990 2192/872/989
f 2193/807/990 2195/809/991 2196/874/991
f 2193/807/990 2196/874/991 2194/873/990
f 2195/809/991 2197/811/992 2198/875/992
f 2195/809/991 2198/875/992 2196/874/991
f 2197/811/992 2199/813/993 2200/876/993
f 2197/811/992 2200/876/993 2198/875/992
f 2199/813/993 2201/815/994 2202/877/994
f 2199/813/993 2202/877/994 2200/876/993
f 2201/815/994 2203/817/995 2204/878/995
f 2201/815/994 2204/878/995 2202/877/994
f 2203/817/995 2205/819/996 2206/879/996
f 2203/817/995 2206/879/996 2204/878/995
f 2205/819/996 2207/821/997 2208/880/997
f 2205/819/996 2208/880/997 2206/879/996
f 2207/821/997 2209/823/998 2210/881/998
f 2207/821/997 2210/881/998 2208/880/997
f 2209/823/998 2211/825/999 2212/882/999
f 2209/823/998 2212/882/999 2210/881/998
f 2211/825/999 2213/827/1000 2214/883/1000
f 2211/825/999 2214/883/1000 2212/882/999
f 2213/827/1000 2215/829/1001 2216/884/1001
f 2213/827/1000 2216/884/1001 2214/883/1000
f 2215/829/1001 2217/831/1002 2218/885/1002
f 2215/829/1001 2218/885/1002 2216/884/1001
f 2217/831/1002 2219/833/1003 2220/886/1003
f 2217/831/1002 2220/886/1003 2218/885/1002
f 2219/833/1003 2221/835/1004 2222/887/1004
f 2219/833/1003 2222/887/1004 2220/886/1003
f 2221/835/1004 2223/837/1005 2224/888/1005
f 2221/835/1004 2224/888/1005 2222/887/1004
f 2223/837/1005 2225/839/1006 2226/889/1006
f 2223/837/1005 2226/889/1006 2224/888/1005
f 2225/839/1006 2227/841/1007 2228/890/1007
f 2225/839/1006 2228/890/1007 2226/889/1006
f 2227/841/1007 2229/843/1008 2230/891/1008
f 2227/841/1007 2230/891/1008 2228/890/1007
f 2229/843/1008 2231/845/1009 2232/892/1009
f 2229/843/1008 2232/892/1009 2230/891/1008
f 2231/845/1009 2233/847/1010 2234/893/1010
f 2231/845/1009 2234/893/1010 2232/892/1009
f 2233/847/1010 2235/849/1011 2236/894/1011
f 2233/847/1010 2236/894/1011 2234/893/1010
f 2235/849/1011 2237/851/1012 2238/895/1012
f 2235/849/1011 2238/895/1012 2236/894/1011
f 2237/851/1012 2239/853/1013 2240/896/1013
f 2237/851/1012 2240/896/1013 2238/895/1012
f 2239/853/1013 2241/855/1014 2242/897/1014
f 2239/853/1013 2242/897/1014 2240/896/1013
f 2241/855/1014 2243/857/1015 2244/898/1015
f 2241/855/1014 2244/898/1015 2242/897/1014
f 2243/857/1015 2245/859/1016 2246/899/1016
f 2243/857/1015 2246/899/1016 2244/898/1015
f 2245/859/1016 2167/783/977 2170/861/977
f 2245/859/1016 2170/861/977 2246/899/1016
f 2247/861/1017 2248/860/1018 2249/2/1019
f 2247/861/1017 2249/2/1019 2250/1/1017
f 2248/860/1018 2251/862/1020 2252/4/1020
f 2248/860/1018 2252/4/1020 2249/2/1019
f 2251/862/1020 2253/863/1021 2254/5/1021
f 2251/862/1020 2254/5/1021 2252/4/1020
f 2253/863/1021 2255/864/1022 2256/6/1022
f 2253/863/1021 2256/6/1022 2254/5/1021
f 2255/864/1022 2257/865/1023 2258/7/1023
f 2255/864/1022 2258/7/1023 2256/6/1022
f 2257/865/1023 2259/866/1024 2260/8/1024
f 2257/865/1023 2260/8/1024 2258/7/1023
f 2259/866/1024 2261/867/1025 2262/9/1026
f 2259/866/1024 2262/9/1026 2260/8/1024
f 2261/867/1025 2263/868/1027 2264/10/1027
f 2261/867/1025 2264/10/1027 2262/9/1026
f 2263/868/1027 2265/869/1028 2266/11/1028
f 2263/868/1027 2266/11/1028 2264/10/1027
f 2265/869/1028 2267/870/1029 2268/12/1029
f 2265/869/1028 2268/12/1029 2266/11/1028
f 2267/870/1029 2269/871/1030 2270/13/1031
f 2267/870/1029 2270/13/1031 2268/12/1029
f 2269/871/1030 2271/872/1032 2272/14/1032
f 2269/871/1030 2272/14/1032 2270/13/1031
f 2271/872/1032 2273/873/1033 2274/15/1033
f 2271/872/1032 2274/15/1033 2272/14/1032
f 2273/873/1033 2275/874/1034 2276/16/1034
f 2273/873/1033 2276/16/1034 2274/15/1033
f 2275/874/1034 2277/875/1035 2278/17/1035
f 2275/874/1034 2278/17/1035 2276/16/1034
f 2277/875/1035 2279/876/1036 2280/18/1036
f 2277/875/1035 2280/18/1036 2278/17/1035
f 2279/876/1036 2281/877/1037 2282/19/1037
f 2279/876/1036 2282/19/1037 2280/18/1036
f 2281/877/1037 2283/878/1038 2284/20/1038
f 2281/877/1037 2284/20/1038 2282/19/1037
f 2283/878/1038 2285/879/1039 2286/21/1039
f 2283/878/1038 2286/21/1039 2284/20/1038
f 2285/879/1039 2287/880/1040 2288/22/1040
f 2285/879/1039 2288/22/1040 2286/21/1039
f 2287/880/1040 2289/881/1041 2290/23/1042
f 2287/880/1040 2290/23/1042 2288/22/1040
f 2289/881/1041 2291/882/1043 2292/24/1043
f 2289/881/1041 2292/24/1043 2290/23/1042
f 2291/882/1043 2293/883/1044 2294/25/1044
f 2291/882/1043 2294/25/1044 2292/24/1043
f 2293/883/1044 2295/884/1045 2296/26/1045
f 2293/883/1044 2296/26/1045 2294/25/1044
f 2295/884/1045 2297/885/1046 2298/27/1046
f 2295/884/1045 2298/27/1046 2296/26/1045
f 2297/885/1046 2299/886/1047 2300/28/1047
f 2297/885/1046 2300/28/1047 2298/27/1046
f 2299/886/1047 2301/887/1048 2302/29/1049
f 2299/886/1047 2302/29/1049 2300/28/1047
f 2301/887/1048 2303/888/1050 2304/30/1050
f 2301/887/1048 2304/30/1050 2302/29/1049
f 2303/888/1050 2305/889/1051 2306/31/1051
f 2303/888/1050 2306/31/1051 2304/30/1050
f 2305/889/1051 2307/890/1052 2308/32/1052
f 2305/889/1051 2308/32/1052 2306/31/1051
f 2307/890/1052 2309/891/1053 2310/33/1054
f 2307/890/1052 2310/33/1054 2308/32/1052
f 2309/891/1053 2311/892/1055 2312/34/1055
f 2309/891/1053 2312/34/1055 2310/33/1054
f 2311/892/1055 2313/893/1056 2314/35/1056
f 2311/892/1055 2314/35/1056 2312/34/1055
f 2313/893/1056 2315/894/1057 2316/36/1057
f 2313/893/1056 2316/36/1057 2314/35/1056
f 2315/894/1057 2317/895/1058 2318/37/1058
f 2315/894/1057 2318/37/1058 2316/36/1057
f 2317/895/1058 2319/896/1059 2320/38/1059
f 2317/895/1058 2320/38/1059 2318/37/1058
f 2319/896/1059 2321/897/1060 2322/39/1060
f 2319/896/1059 2322/39/1060 2320/38/1059
f 2321/897/1060 2323/898/1061 2324/40/1061
f 2321/897/1060 2324/40/1061 2322/39/1060
f 2323/898/1061 2325/899/1062 2326/41/1062
f 2323/898/1061 2326/41/1062 2324/40/1061
f 2325/899/1062 2247/861/1017 2250/1/1017
f 2325/899/1062 2250/1/1017 2326/41/1062
f 2327/697/133 2328/699/408 2329/900/408
f 2327/697/133 2329/900/408 2330/901/133
f 2331/695/409 2327/697/133 2330/901/133
f 2331/695/409 2330/901/133 2332/902/409
f 2333/693/410 2331/695/409 2332/902/409
f 2333/693/410 2332/902/409 2334/903/410
f 2335/691/411 2333/693/410 2334/903/410
f 2335/691/411 2334/903/410 2336/904/411
f 2337/689/412 2335/691/411 2336/904/411
f 2337/689/412 2336/904/411 2338/905/412
f 2339/687/413 2337/689/412 2338/905/412
f 2339/687/413 2338/905/412 2340/906/413
f 2341/685/414 2339/687/413 2340/906/413
f 2341/685/414 2340/906/413 2342/907/414
f 2343/683/415 2341/685/414 2342/907/414
f 2343/683/415 2342/907/414 2344/908/415
f 2345/681/416 2343/683/415 2344/908/415
f 2345/681/416 2344/908/415 2346/909/416
f 2347/679/417 2345/681/416 2346/909/416
f 2347/679/417 2346/909/416 2348/910/417
f 2349/677/418 2347/679/417 2348/910/417
f 2349/677/418 2348/910/417 2350/911/418
f 2351/675/419 2349/677/418 2350/911/418
f 2351/675/419 2350/911/418 2352/912/419
f 2353/673/420 2351/675/419 2352/912/419
f 2353/673/420 2352/912/419 2354/913/420
f 2355/671/421 2353/673/420 2354/913/420
f 2355/671/421 2354/913/420 2356/914/421
f 2357/669/422 2355/671/421 2356/914/421
f 2357/669/422 2356/914/421 2358/915/422
f 2359/667/423 2357/669/422 2358/915/422
f 2359/667/423 2358/915/422 2360/916/423
f 2361/665/424 2359/667/423 2360/916/423
f 2361/665/424 2360/916/423 2362/917/424
f 2363/663/425 2361/665/424 2362/917/424
f 2363/663/425 2362/917/424 2364/918/425
f 2365/661/426 2363/663/425 2364/918/425
f 2365/661/426 2364/918/425 2366/919/426
f 2367/659/389 2365/661/426 2366/919/426
f 2367/659/389 2366/919/426 2368/920/389
f 2369/657/102 2367/659/389 2368/920/389
f 2369/657/102 2368/920/389 2370/921/102
f 2371/655/390 2369/657/102 2370/921/102
f 2371/655/390 2370/921/102 2372/922/390
f 2373/653/391 2371/655/390 2372/922/390
f 2373/653/391 2372/922/390 2374/923/391
f 2375/651/392 2373/653/391 2374/923/391
f 2375/651/392 2374/923/391 2376/924/392
f 2377/649/1063 2375/651/392 2376/924/392
f 2377/649/1063 2376/924/392 2378/925/1064
f 2379/647/1065 2377/649/1063 2378/925/1064
f 2379/647/1065 2378/925/1064 2380/926/1065
f 2381/645/1066 2379/647/1065 2380/926/1065
f 2381/645/1066 2380/926/1065 2382/927/395
f 2383/643/396 2381/645/1066 2382/927/395
f 2383/643/396 2382/927/395 2384/928/396
f 2385/641/397 2383/643/396 2384/928/396
f 2385/641/397 2384/928/396 2386/929/397
f 2387/639/398 2385/641/397 2386/929/397
f 2387/639/398 2386/929/397 2388/930/398
f 2389/637/399 2387/639/398 2388/930/398
f 2389/637/399 2388/930/398 2390/931/399
f 2391/635/400 2389/637/399 2390/931/399
f 2391/635/400 2390/931/399 2392/932/400
f 2393/633/401 2391/635/400 2392/932/400
f 2393/633/401 2392/932/400 2394/933/401
f 2395/631/402 2393/633/401 2394/933/401
f 2395/631/402 2394/933/401 2396/934/402
f 2397/629/403 2395/631/402 2396/934/402
f 2397/629/403 2396/934/402 2398/935/403
f 2399/627/404 2397/629/403 2398/935/403
f 2399/627/404 2398/935/403 2400/936/404
f 2401/625/405 2399/627/404 2400/936/404
f 2401/625/405 2400/936/404 2402/937/405
f 2403/623/406 2401/625/405 2402/937/405
f 2403/623/406 2402/937/405 2404/938/406
f 2405/620/407 2403/623/406 2404/938/406
f 2405/620/407 2404/938/406 2406/939/407
f 2407/621/408 2405/620/407 2406/939/407
f 2407/621/408 2406/939/407 2408/940/408
f 2409/901/133 2410/900/408 2411/941/1067
f 2409/901/133 2411/941/1067 2412/942/1068
f 2413/902/409 2409/901/133 2412/942/1068
f 2413/902/409 2412/942/1068 2414/943/1069
f 2415/903/410 2413/902/409 2414/943/1069
f 2415/903/410 2414/943/1069 2416/944/1070
f 2417/904/411 2415/903/410 2416/944/1070
f 2417/904/411 2416/944/1070 2418/945/1071
f 2419/905/412 2417/904/411 2418/945/1071
f 2419/905/412 2418/945/1071 2420/946/1072
f 2421/906/413 2419/905/412 2420/946/1072
f 2421/906/413 2420/946/1072 2422/947/1073
f 2423/907/414 2421/906/413 2422/947/1073
f 2423/907/414 2422/947/1073 2424/948/1074
f 2425/908/415 2423/907/414 2424/948/1074
f 2425/908/415 2424/948/1074 2426/949/1075
f 2427/909/416 2425/908/415 2426/949/1075
f 2427/909/416 2426/949/1075 2428/950/1076
f 2429/910/417 2427/909/416 2428/950/1076
f 2429/910/417 2428/950/1076 2430/951/1077
f 2431/911/418 2429/910/417 2430/951/1077
f 2431/911/418 2430/951/1077 2432/952/1078
f 2433/912/419 2431/911/418 2432/952/1078
f 2433/912/419 2432/952/1078 2434/953/1079
f 2435/913/420 2433/912/419 2434/953/1079
f 2435/913/420 2434/953/1079 2436/954/1080
f 2437/914/421 2435/913/420 2436/954/1080
f 2437/914/421 2436/954/1080 2438/955/1081
f 2439/915/422 2437/914/421 2438/955/1081
f 2439/915/422 2438/955/1081 2440/956/1082
f 2441/916/423 2439/915/422 2440/956/1082
f 2441/916/423 2440/956/1082 2442/957/1083
f 2443/917/424 2441/916/423 2442/957/1083
f 2443/917/424 2442/957/1083 2444/958/1084
f 2445/918/425 2443/917/424 2444/958/1084
f 2445/918/425 2444/958/1084 2446/959/1085
f 2447/919/426 2445/918/425 2446/959/1085
f 2447/919/426 2446/959/1085 2448/960/1086
f 2449/920/389 2447/919/426 2448/960/1086
f 2449/920/389 2448/960/1086 2450/961/1087
f 2451/921/102 2449/920/389 2450/961/1087
f 2451/921/102 2450/961/1087 2452/962/1088
f 2453/922/390 2451/921/102 2452/962/1088
f 2453/922/390 2452/962/1088 2454/963/1089
f 2455/923/391 2453/922/390 2454/963/1089
f 2455/923/391 2454/963/1089 2456/964/1090
f 2457/924/392 2455/923/391 2456/964/1090
f 2457/924/392 2456/964/1090 2458/965/1091
f 2459/925/393 2457/924/392 2458/965/1091
f 2459/925/393 2458/965/1091 2460/966/1092
f 2461/926/394 2459/925/393 2460/966/1092
f 2461/926/394 2460/966/1092 2462/967/1093
f 2463/927/395 2461/926/394 2462/967/1093
f 2463/927/395 2462/967/1093 2464/968/1094
f 2465/928/396 2463/927/395 2464/968/1094
f 2465/928/396 2464/968/1094 2466/969/1095
f 2467/929/397 2465/928/396 2466/969/1095
f 2467/929/397 2466/969/1095 2468/970/1096
f 2469/930/398 2467/929/397 2468/970/1096
f 2469/930/398 2468/970/1096 2470/971/1097
f 2471/931/399 2469/930/398 2470/971/1097
f 2471/931/399 2470/971/1097 2472/972/1098
f 2473/932/400 2471/931/399 2472/972/1098
f 2473/932/400 2472/972/1098 2474/973/1099
f 2475/933/401 2473/932/400 2474/973/1099
f 2475/933/401 2474/973/1099 2476/974/1100
f 2477/934/402 2475/933/401 2476/974/1100
f 2477/934/402 2476/974/1100 2478/975/1101
f 2479/935/403 2477/934/402 2478/975/1101
f 2479/935/403 2478/975/1101 2480/976/1102
f 2481/936/404 2479/935/403 2480/976/1102
f 2481/936/404 2480/976/1102 2482/977/1103
f 2483/937/405 2481/936/404 2482/977/1103
f 2483/937/405 2482/977/1103 2484/978/1104
f 2485/938/406 2483/937/405 2484/978/1104
f 2485/938/406 2484/978/1104 2486/979/1105
f 2487/939/407 2485/938/406 2486/979/1105
f 2487/939/407 2486/979/1105 2488/980/1106
f 2489/940/408 2487/939/407 2488/980/1106
f 2489/940/408 2488/980/1106 2490/981/1067
s 0
f 2491/697/3 2492/699/3 2493/699/3
f 2491/697/3 2493/699/3 2494/697/3
f 2495/900/43 2496/901/43 2497/901/43
f 2495/900/43 2497/901/43 2498/900/43
f 2499/695/3 2491/697/3 2494/697/3
f 2499/695/3 2494/697/3 2500/695/3
f 2496/901/43 2501/902/43 2502/902/43
f 2496/901/43 2502/902/43 2497/901/43
f 2503/693/3 2499/695/3 2500/695/3
f 2503/693/3 2500/695/3 2504/693/3
f 2501/902/43 2505/903/43 2506/903/43
f 2501/902/43 2506/903/43 2502/902/43
f 2507/691/3 2503/693/3 2504/693/3
f 2507/691/3 2504/693/3 2508/691/3
f 2505/903/43 2509/904/43 2510/904/43
f 2505/903/43 2510/904/43 2506/903/43
f 2511/689/3 2507/691/3 2508/691/3
f 2511/689/3 2508/691/3 2512/689/3
f 2509/904/43 2513/905/43 2514/905/43
f 2509/904/43 2514/905/43 2510/904/43
f 2515/687/3 2511/689/3 2512/689/3
f 2515/687/3 2512/689/3 2516/687/3
f 2513/905/43 2517/906/43 2518/906/43
f 2513/905/43 2518/906/43 2514/905/43
f 2519/685/3 2515/687/3 2516/687/3
f 2519/685/3 2516/687/3 2520/685/3
f 2517/906/43 2521/907/43 2522/907/43
f 2517/906/43 2522/907/43 2518/906/43
f 2523/683/3 2519/685/3 2520/685/3
f 2523/683/3 2520/685/3 2524/683/3
f 2521/907/43 2525/908/43 2526/908/43
f 2521/907/43 2526/908/43 2522/907/43
f 2527/681/3 2523/683/3 2524/683/3
f 2527/681/3 2524/683/3 2528/681/3
f 2525/908/43 2529/909/43 2530/909/43
f 2525/908/43 2530/909/43 2526/908/43
f 2531/679/3 2527/681/3 2528/681/3
f 2531/679/3 2528/681/3 2532/679/3
f 2529/909/43 2533/910/43 2534/910/43
f 2529/909/43 2534/910/43 2530/909/43
f 2535/677/3 2531/679/3 2532/679/3
f 2535/677/3 2532/679/3 2536/677/3
f 2533/910/43 2537/911/43 2538/911/43
f 2533/910/43 2538/911/43 2534/910/43
f 2539/675/3 2535/677/3 2536/677/3
f 2539/675/3 2536/677/3 2540/675/3
f 2537/911/43 2541/912/43 2542/912/43
f 2537/911/43 2542/912/43 2538/911/43
f 2543/673/3 2539/675/3 2540/675/3
f 2543/673/3 2540/675/3 2544/673/3
f 2541/912/43 2545/913/43 2546/913/43
f 2541/912/43 2546/913/43 2542/912/43
f 2547/671/3 2543/673/3 2544/673/3
f 2547/671/3 2544/673/3 2548/671/3
f 2545/913/43 2549/914/43 2550/914/43
f 2545/913/43 2550/914/43 2546/913/43
f 2551/669/3 2547/671/3 2548/671/3
f 2551/669/3 2548/671/3 2552/669/3
f 2549/914/43 2553/915/43 2554/915/43
f 2549/914/43 2554/915/43 2550/914/43
f 2555/667/3 2551/669/3 2552/669/3
f 2555/667/3 2552/669/3 2556/667/3
f 2553/915/43 2557/916/43 2558/916/43
f 2553/915/43 2558/916/43 2554/915/43
f 2559/665/3 2555/667/3 2556/667/3
f 2559/665/3 2556/667/3 2560/665/3
f 2557/916/43 2561/917/43 2562/917/43
f 2557/916/43 2562/917/43 2558/916/43
f 2563/663/3 2559/665/3 2560/665/3
f 2563/663/3 2560/665/3 2564/663/3
f 2561/917/43 2565/918/43 2566/918/43
f 2561/917/43 2566/918/43 2562/917/43
f 2567/661/3 2563/663/3 2564/663/3
f 2567/661/3 2564/663/3 2568/661/3
f 2565/918/43 2569/919/43 2570/919/43
f 2565/918/43 2570/919/43 2566/918/43
f 2571/659/3 2567/661/3 2568/661/3
f 2571/659/3 2568/661/3 2572/659/3
f 2569/919/43 2573/920/43 2574/920/43
f 2569/919/43 2574/920/43 2570/919/43
f 2575/657/3 2571/659/3 2572/659/3
f 2575/657/3 2572/659/3 2576/657/3
f 2573/920/43 2577/921/43 2578/921/43
f 2573/920/43 2578/921/43 2574/920/43
f 2579/655/3 2575/657/3 2576/657/3
f 2579/655/3 2576/657/3 2580/655/3
f 2577/921/43 2581/922/43 2582/922/43
f 2577/921/43 2582/922/43 2578/921/43
f 2583/653/3 2579/655/3 2580/655/3
f 2583/653/3 2580/655/3 2584/653/3
f 2581/922/43 2585/923/43 2586/923/43
f 2581/922/43 2586/923/43 2582/922/43
f 2587/651/3 2583/653/3 2584/653/3
f 2587/651/3 2584/653/3 2588/651/3
f 2585/923/43 2589/924/43 2590/924/43
f 2585/923/43 2590/924/43 2586/923/43
f 2591/649/3 2587/651/3 2588/651/3
f 2591/649/3 2588/651/3 2592/649/3
f 2589/924/43 2593/925/43 2594/925/43
f 2589/924/43 2594/925/43 2590/924/43
f 2595/647/1107 2591/649/1108 2592/649/1108
f 2595/647/1107 2592/649/1109 2596/647/1107
f 2593/925/43 2597/926/43 2598/926/43
f 2593/925/43 2598/926/43 2594/925/43
s 1
f 2599/645/1110 2595/647/1107 2596/647/1107
s 0
f 2599/645/1111 2596/647/1110 2600/645/1111
f 2597/926/43 2601/927/43 2602/927/43
f 2597/926/43 2602/927/43 2598/926/43
f 2603/643/3 2599/645/3 2600/645/3
f 2603/643/3 2600/645/3 2604/643/3
f 2601/927/43 2605/928/43 2606/928/43
f 2601/927/43 2606/928/43 2602/927/43
f 2607/641/3 2603/643/3 2604/643/3
f 2607/641/3 2604/643/3 2608/641/3
f 2605/928/43 2609/929/43 2610/929/43
f 2605/928/43 2610/929/43 2606/928/43
f 2611/639/3 2607/641/3 2608/641/3
f 2611/639/3 2608/641/3 2612/639/3
f 2609/929/43 2613/930/43 2614/930/43
f 2609/929/43 2614/930/43 2610/929/43
f 2615/637/3 2611/639/3 2612/639/3
f 2615/637/3 2612/639/3 2616/637/3
f 2613/930/43 2617/931/43 2618/931/43
f 2613/930/43 2618/931/43 2614/930/43
f 2619/635/3 2615/637/3 2616/637/3
f 2619/635/3 2616/637/3 2620/635/3
f 2617/931/43 2621/932/43 2622/932/43
f 2617/931/43 2622/932/43 2618/931/43
f 2623/633/3 2619/635/3 2620/635/3
f 2623/633/3 2620/635/3 2624/633/3
f 2621/932/43 2625/933/43 2626/933/43
f 2621/932/43 2626/933/43 2622/932/43
f 2627/631/3 2623/633/3 2624/633/3
f 2627/631/3 2624/633/3 2628/631/3
f 2625/933/43 2629/934/43 2630/934/43
f 2625/933/43 2630/934/43 2626/933/43
f 2631/629/3 2627/631/3 2628/631/3
f 2631/629/3 2628/631/3 2632/629/3
f 2629/934/43 2633/935/43 2634/935/43
f 2629/934/43 2634/935/43 2630/934/43
f 2635/627/3 2631/629/3 2632/629/3
f 2635/627/3 2632/629/3 2636/627/3
f 2633/935/43 2637/936/43 2638/936/43
f 2633/935/43 2638/936/43 2634/935/43
f 2639/625/3 2635/627/3 2636/627/3
f 2639/625/3 2636/627/3 2640/625/3
f 2637/936/43 2641/937/43 2642/937/43
f 2637/936/43 2642/937/43 2638/936/43
f 2643/623/3 2639/625/3 2640/625/3
f 2643/623/3 2640/625/3 2644/623/3
f 2641/937/43 2645/938/43 2646/938/43
f 2641/937/43 2646/938/43 2642/937/43
f 2647/620/3 2643/623/3 2644/623/3
f 2647/620/3 2644/623/3 2648/620/3
f 2645/938/43 2649/939/43 2650/939/43
f 2645/938/43 2650/939/43 2646/938/43
f 2651/621/3 2647/620/3 2648/620/3
f 2651/621/3 2648/620/3 2652/621/3
f 2649/939/43 2653/940/43 2654/940/43
f 2649/939/43 2654/940/43 2650/939/43
s 1
f 2655/779/1112 2656/703/1113 2657/780/1113
f 2655/779/1112 2657/780/1113 2658/858/1112
f 2659/777/1114 2655/779/1112 2658/858/1112
f 2659/777/1114 2658/858/1112 2660/856/1114
f 2661/775/1115 2659/777/1114 2660/856/1114
f 2661/775/1115 2660/856/1114 2662/854/1115
f 2663/773/1116 2661/775/1115 2662/854/1115
f 2663/773/1116 2662/854/1115 2664/852/1116
f 2665/771/1117 2663/773/1116 2664/852/1116
f 2665/771/1117 2664/852/1116 2666/850/1117
f 2667/769/1118 2665/771/1117 2666/850/1117
f 2667/769/1118 2666/850/1117 2668/848/1118
f 2669/767/1119 2667/769/1118 2668/848/1118
f 2669/767/1119 2668/848/1118 2670/846/1119
f 2671/765/1120 2669/767/1119 2670/846/1119
f 2671/765/1120 2670/846/1119 2672/844/1120
f 2673/763/1121 2671/765/1120 2672/844/1120
f 2673/763/1121 2672/844/1120 2674/842/1121
f 2675/761/1122 2673/763/1121 2674/842/1121
f 2675/761/1122 2674/842/1121 2676/840/1122
f 2677/759/1123 2675/761/1122 2676/840/1122
f 2677/759/1123 2676/840/1122 2678/838/1123
f 2679/757/1124 2677/759/1123 2678/838/1123
f 2679/757/1124 2678/838/1123 2680/836/1124
f 2681/755/1125 2679/757/1124 2680/836/1124
f 2681/755/1125 2680/836/1124 2682/834/1125
f 2683/753/1126 2681/755/1125 2682/834/1125
f 2683/753/1126 2682/834/1125 2684/832/1126
f 2685/751/1127 2683/753/1126 2684/832/1126
f 2685/751/1127 2684/832/1126 2686/830/1127
f 2687/749/1128 2685/751/1127 2686/830/1127
f 2687/749/1128 2686/830/1127 2688/828/1128
f 2689/747/1129 2687/749/1128 2688/828/1128
f 2689/747/1129 2688/828/1128 2690/826/1129
f 2691/745/1130 2689/747/1129 2690/826/1129
f 2691/745/1130 2690/826/1129 2692/824/1130
f 2693/743/1131 2691/745/1130 2692/824/1130
f 2693/743/1131 2692/824/1130 2694/822/1131
f 2695/741/1132 2693/743/1131 2694/822/1131
f 2695/741/1132 2694/822/1131 2696/820/1132
f 2697/739/1133 2695/741/1132 2696/820/1132
f 2697/739/1133 2696/820/1132 2698/818/1133
f 2699/737/1134 2697/739/1133 2698/818/1133
f 2699/737/1134 2698/818/1133 2700/816/1134
f 2701/735/1135 2699/737/1134 2700/816/1134
f 2701/735/1135 2700/816/1134 2702/814/1135
f 2703/733/1136 2701/735/1135 2702/814/1135
f 2703/733/1136 2702/814/1135 2704/812/1136
f 2705/731/1137 2703/733/1136 2704/812/1136
f 2705/731/1137 2704/812/1136 2706/810/1137
f 2707/729/1138 2705/731/1137 2706/810/1137
f 2707/729/1138 2706/810/1137 2708/808/1138
f 2709/727/1139 2707/729/1138 2708/808/1138
f 2709/727/1139 2708/808/1138 2710/806/1139
f 2711/725/1140 2709/727/1139 2710/806/1139
f 2711/725/1140 2710/806/1139 2712/804/1140
f 2713/723/1141 2711/725/1140 2712/804/1140
f 2713/723/1141 2712/804/1140 2714/802/1141
f 2715/721/1142 2713/723/1141 2714/802/1141
f 2715/721/1142 2714/802/1141 2716/800/1142
f 2717/719/1143 2715/721/1142 2716/800/1142
f 2717/719/1143 2716/800/1142 2718/798/1143
f 2719/717/1144 2717/719/1143 2718/798/1143
f 2719/717/1144 2718/798/1143 2720/796/1144
f 2721/715/1145 2719/717/1144 2720/796/1144
f 2721/715/1145 2720/796/1144 2722/794/1145
f 2723/713/1146 2721/715/1145 2722/794/1145
f 2723/713/1146 2722/794/1145 2724/792/1146
f 2725/711/1147 2723/713/1146 2724/792/1146
f 2725/711/1147 2724/792/1146 2726/790/1147
f 2727/709/1148 2725/711/1147 2726/790/1147
f 2727/709/1148 2726/790/1147 2728/788/1148
f 2729/707/1149 2727/709/1148 2728/788/1148
f 2729/707/1149 2728/788/1148 2730/786/1149
f 2731/705/1150 2729/707/1149 2730/786/1149
f 2731/705/1150 2730/786/1149 2732/784/1150
f 2733/702/1151 2731/705/1150 2732/784/1150
f 2733/702/1151 2732/784/1150 2734/781/1151
f 2656/703/1113 2733/702/1151 2734/781/1151
f 2656/703/1113 2734/781/1151 2657/780/1113
f 2735/700/1067 2736/701/1152 2737/701/1153
f 2735/700/1067 2737/701/1153 2738/700/1154
f 2739/702/1155 2740/703/1156 2741/703/1156
f 2739/702/1155 2741/703/1156 2742/702/1155
f 2736/701/1152 2743/704/1157 2744/704/1158
f 2736/701/1152 2744/704/1158 2737/701/1153
f 2745/705/1159 2739/702/1155 2742/702/1155
f 2745/705/1159 2742/702/1155 2746/705/1159
f 2743/704/1157 2747/706/1160 2748/706/1161
f 2743/704/1157 2748/706/1161 2744/704/1158
f 2749/707/1162 2745/705/1159 2746/705/1159
f 2749/707/1162 2746/705/1159 2750/707/1162
f 2747/706/1160 2751/708/1163 2752/708/1164
f 2747/706/1160 2752/708/1164 2748/706/1161
f 2753/709/1165 2749/707/1162 2750/707/1162
f 2753/709/1165 2750/707/1162 2754/709/1165
f 2751/708/1163 2755/710/1166 2756/710/1167
f 2751/708/1163 2756/710/1167 2752/708/1164
f 2757/711/1168 2753/709/1165 2754/709/1165
f 2757/711/1168 2754/709/1165 2758/711/1168
f 2755/710/1166 2759/712/1169 2760/712/1170
f 2755/710/1166 2760/712/1170 2756/710/1167
f 2761/713/1171 2757/711/1168 2758/711/1168
f 2761/713/1171 2758/711/1168 2762/713/1171
f 2759/712/1169 2763/714/1172 2764/714/1173
f 2759/712/1169 2764/714/1173 2760/712/1170
f 2765/715/1174 2761/713/1171 2762/713/1171
f 2765/715/1174 2762/713/1171 2766/715/1174
f 2763/714/1172 2767/716/1175 2768/716/1176
f 2763/714/1172 2768/716/1176 2764/714/1173
f 2769/717/1177 2765/715/1174 2766/715/1174
f 2769/717/1177 2766/715/1174 2770/717/1177
f 2767/716/1175 2771/718/1098 2772/718/1178
f 2767/716/1175 2772/718/1178 2768/716/1176
f 2773/719/1179 2769/717/1177 2770/717/1177
f 2773/719/1179 2770/717/1177 2774/719/1179
f 2771/718/1098 2775/720/1180 2776/720/1181
f 2771/718/1098 2776/720/1181 2772/718/1178
f 2777/721/1182 2773/719/1179 2774/719/1179
f 2777/721/1182 2774/719/1179 2778/721/1182
f 2775/720/1180 2779/722/1183 2780/722/1184
f 2775/720/1180 2780/722/1184 2776/720/1181
f 2781/723/1185 2777/721/1182 2778/721/1182
f 2781/723/1185 2778/721/1182 2782/723/1185
f 2779/722/1183 2783/724/1186 2784/724/1187
f 2779/722/1183 2784/724/1187 2780/722/1184
f 2785/725/1188 2781/723/1185 2782/723/1185
f 2785/725/1188 2782/723/1185 2786/725/1188
f 2783/724/1186 2787/726/1189 2788/726/1190
f 2783/724/1186 2788/726/1190 2784/724/1187
f 2789/727/1191 2785/725/1188 2786/725/1188
f 2789/727/1191 2786/725/1188 2790/727/1191
f 2787/726/1189 2791/728/1192 2792/728/1193
f 2787/726/1189 2792/728/1193 2788/726/1190
f 2793/729/1194 2789/727/1191 2790/727/1191
f 2793/729/1194 2790/727/1191 2794/729/1194
f 2791/728/1192 2795/730/1195 2796/730/1196
f 2791/728/1192 2796/730/1196 2792/728/1193
f 2797/731/1197 2793/729/1194 2794/729/1194
f 2797/731/1197 2794/729/1194 2798/731/1197
f 2795/730/1195 2799/732/1091 2800/732/1198
f 2795/730/1195 2800/732/1198 2796/730/1196
f 2801/733/1199 2797/731/1197 2798/731/1197
f 2801/733/1199 2798/731/1197 2802/733/1199
f 2799/732/1091 2803/734/1090 2804/734/1200
f 2799/732/1091 2804/734/1200 2800/732/1198
f 2805/735/1201 2801/733/1199 2802/733/1199
f 2805/735/1201 2802/733/1199 2806/735/1201
f 2803/734/1090 2807/736/1202 2808/736/1203
f 2803/734/1090 2808/736/1203 2804/734/1200
f 2809/737/1204 2805/735/1201 2806/735/1201
f 2809/737/1204 2806/735/1201 2810/737/1204
f 2807/736/1202 2811/738/1088 2812/738/1205
f 2807/736/1202 2812/738/1205 2808/736/1203
f 2813/739/1206 2809/737/1204 2810/737/1204
f 2813/739/1206 2810/737/1204 2814/739/1206
f 2811/738/1088 2815/740/1207 2816/740/1208
f 2811/738/1088 2816/740/1208 2812/738/1205
f 2817/741/1209 2813/739/1206 2814/739/1206
f 2817/741/1209 2814/739/1206 2818/741/1209
f 2815/740/1207 2819/742/1210 2820/742/1211
f 2815/740/1207 2820/742/1211 2816/740/1208
f 2821/743/1212 2817/741/1209 2818/741/1209
f 2821/743/1212 2818/741/1209 2822/743/1212
f 2819/742/1210 2823/744/1085 2824/744/1213
f 2819/742/1210 2824/744/1213 2820/742/1211
f 2825/745/1214 2821/743/1212 2822/743/1212
f 2825/745/1214 2822/743/1212 2826/745/1214
f 2823/744/1085 2827/746/1215 2828/746/1216
f 2823/744/1085 2828/746/1216 2824/744/1213
f 2829/747/1217 2825/745/1214 2826/745/1214
f 2829/747/1217 2826/745/1214 2830/747/1217
f 2827/746/1215 2831/748/1218 2832/748/1219
f 2827/746/1215 2832/748/1219 2828/746/1216
f 2833/749/1220 2829/747/1217 2830/747/1217
f 2833/749/1220 2830/747/1217 2834/749/1220
f 2831/748/1218 2835/750/1221 2836/750/1222
f 2831/748/1218 2836/750/1222 2832/748/1219
f 2837/751/1223 2833/749/1220 2834/749/1220
f 2837/751/1223 2834/749/1220 2838/751/1223
f 2835/750/1221 2839/752/1224 2840/752/1225
f 2835/750/1221 2840/752/1225 2836/750/1222
f 2841/753/1226 2837/751/1223 2838/751/1223
f 2841/753/1226 2838/751/1223 2842/753/1226
f 2839/752/1224 2843/754/1227 2844/754/1228
f 2839/752/1224 2844/754/1228 2840/752/1225
f 2845/755/1229 2841/753/1226 2842/753/1226
f 2845/755/1229 2842/753/1226 2846/755/1229
f 2843/754/1227 2847/756/1230 2848/756/1231
f 2843/754/1227 2848/756/1231 2844/754/1228
f 2849/757/1232 2845/755/1229 2846/755/1229
f 2849/757/1232 2846/755/1229 2850/757/1232
f 2847/756/1230 2851/758/1233 2852/758/1234
f 2847/756/1230 2852/758/1234 2848/756/1231
f 2853/759/1235 2849/757/1232 2850/757/1232
f 2853/759/1235 2850/757/1232 2854/759/1235
f 2851/758/1233 2855/760/1236 2856/760/1237
f 2851/758/1233 2856/760/1237 2852/758/1234
f 2857/761/1238 2853/759/1235 2854/759/1235
f 2857/761/1238 2854/759/1235 2858/761/1238
f 2855/760/1236 2859/762/1239 2860/762/1240
f 2855/760/1236 2860/762/1240 2856/760/1237
f 2861/763/1241 2857/761/1238 2858/761/1238
f 2861/763/1241 2858/761/1238 2862/763/1241
f 2859/762/1239 2863/764/1242 2864/764/1243
f 2859/762/1239 2864/764/1243 2860/762/1240
f 2865/765/1244 2861/763/1241 2862/763/1241
f 2865/765/1244 2862/763/1241 2866/765/1244
f 2863/764/1242 2867/766/1074 2868/766/1245
f 2863/764/1242 2868/766/1245 2864/764/1243
f 2869/767/1246 2865/765/1244 2866/765/1244
f 2869/767/1246 2866/765/1244 2870/767/1246
f 2867/766/1074 2871/768/1247 2872/768/1248
f 2867/766/1074 2872/768/1248 2868/766/1245
f 2873/769/1249 2869/767/1246 2870/767/1246
f 2873/769/1249 2870/767/1246 2874/769/1249
f 2871/768/1247 2875/770/1072 2876/770/1250
f 2871/768/1247 2876/770/1250 2872/768/1248
f 2877/771/1251 2873/769/1249 2874/769/1249
f 2877/771/1251 2874/769/1249 2878/771/1251
f 2875/770/1072 2879/772/1071 2880/772/1252
f 2875/770/1072 2880/772/1252 2876/770/1250
f 2881/773/1253 2877/771/1251 2878/771/1251
f 2881/773/1253 2878/771/1251 2882/773/1253
f 2879/772/1071 2883/774/1070 2884/774/1254
f 2879/772/1071 2884/774/1254 2880/772/1252
f 2885/775/1255 2881/773/1253 2882/773/1253
f 2885/775/1255 2882/773/1253 2886/775/1255
f 2883/774/1070 2887/776/1256 2888/776/1257
f 2883/774/1070 2888/776/1257 2884/774/1254
f 2889/777/1258 2885/775/1255 2886/775/1255
f 2889/777/1258 2886/775/1255 2890/777/1258
f 2887/776/1256 2891/778/1068 2892/778/1259
f 2887/776/1256 2892/778/1259 2888/776/1257
f 2893/779/1260 2889/777/1258 2890/777/1258
f 2893/779/1260 2890/777/1258 2894/779/1260
f 2891/778/1068 2735/700/1067 2738/700/1154
f 2891/778/1068 2738/700/1154 2892/778/1259
f 2740/703/1156 2893/779/1260 2894/779/1260
f 2740/703/1156 2894/779/1260 2741/703/1156
f 2895/982/1261 2896/983/1261 2897/984/426
f 2895/982/1261 2897/984/426 2898/985/426
f 2898/985/426 2897/984/426 2899/986/425
f 2898/985/426 2899/986/425 2900/987/425
f 2900/987/425 2899/986/425 2901/988/424
f 2900/987/425 2901/988/424 2902/989/424
f 2902/989/424 2901/988/424 2903/990/423
f 2902/989/424 2903/990/423 2904/991/423
f 2904/991/423 2903/990/423 2905/992/422
f 2904/991/423 2905/992/422 2906/993/422
f 2906/993/422 2905/992/422 2907/994/421
f 2906/993/422 2907/994/421 2908/995/421
f 2908/995/421 2907/994/421 2909/996/420
f 2908/995/421 2909/996/420 2910/997/420
f 2910/997/420 2909/996/420 2911/998/419
f 2910/997/420 2911/998/419 2912/999/419
f 2912/999/419 2911/998/419 2913/1000/418
f 2912/999/419 2913/1000/418 2914/1001/418
f 2914/1001/418 2913/1000/418 2915/1002/417
f 2914/1001/418 2915/1002/417 2916/1003/417
f 2916/1003/417 2915/1002/417 2917/1004/416
f 2916/1003/417 2917/1004/416 2918/1005/416
f 2918/1005/416 2917/1004/416 2919/1006/415
f 2918/1005/416 2919/1006/415 2920/1007/415
f 2920/1007/415 2919/1006/415 2921/1008/414
f 2920/1007/415 2921/1008/414 2922/1009/414
f 2922/1009/414 2921/1008/414 2923/1010/413
f 2922/1009/414 2923/1010/413 2924/1011/413
f 2924/1011/413 2923/1010/413 2925/1012/412
f 2924/1011/413 2925/1012/412 2926/1013/412
f 2926/1013/412 2925/1012/412 2927/1014/411
f 2926/1013/412 2927/1014/411 2928/1015/411
f 2928/1015/411 2927/1014/411 2929/1016/410
f 2928/1015/411 2929/1016/410 2930/1017/410
f 2930/1017/410 2929/1016/410 2931/1018/409
f 2930/1017/410 2931/1018/409 2932/1019/409
f 2932/1019/409 2931/1018/409 2933/1020/133
f 2932/1019/409 2933/1020/133 2934/1021/133
f 2934/1021/133 2933/1020/133 2935/1022/408
f 2934/1021/133 2935/1022/408 2936/1023/408
f 2936/1023/408 2935/1022/408 2937/1024/407
f 2936/1023/408 2937/1024/407 2938/1025/407
f 2938/1025/407 2937/1024/407 2939/1026/406
f 2938/1025/407 2939/1026/406 2940/1027/406
f 2940/1027/406 2939/1026/406 2941/1028/405
f 2940/1027/406 2941/1028/405 2942/1029/405
f 2942/1029/405 2941/1028/405 2943/1030/404
f 2942/1029/405 2943/1030/404 2944/1031/404
f 2944/1031/404 2943/1030/404 2945/1032/403
f 2944/1031/404 2945/1032/403 2946/1033/403
f 2946/1033/403 2945/1032/403 2947/1034/402
f 2946/1033/403 2947/1034/402 2948/1035/402
f 2948/1035/402 2947/1034/402 2949/1036/401
f 2948/1035/402 2949/1036/401 2950/1037/401
f 2950/1037/401 2949/1036/401 2951/1038/400
f 2950/1037/401 2951/1038/400 2952/1039/400
f 2952/1039/400 2951/1038/400 2953/1040/399
f 2952/1039/400 2953/1040/399 2954/1041/399
f 2954/1041/399 2953/1040/399 2955/1042/398
f 2954/1041/399 2955/1042/398 2956/1043/398
f 2956/1043/398 2955/1042/398 2957/1044/397
f 2956/1043/398 2957/1044/397 2958/1045/397
f 2958/1045/397 2957/1044/397 2959/1046/396
f 2958/1045/397 2959/1046/396 2960/1047/396
f 2960/1047/396 2959/1046/396 2961/1048/395
f 2960/1047/396 2961/1048/395 2962/1049/395
f 2962/1049/395 2961/1048/395 2963/1050/394
f 2962/1049/395 2963/1050/394 2964/1051/394
f 2964/1051/394 2963/1050/394 2965/1052/393
f 2964/1051/394 2965/1052/393 2966/1053/393
f 2966/1053/393 2965/1052/393 2967/1054/392
f 2966/1053/393 2967/1054/392 2968/1055/392
f 2968/1055/392 2967/1054/392 2969/1056/391
f 2968/1055/392 2969/1056/391 2970/1057/391
f 2970/1057/391 2969/1056/391 2971/1058/390
f 2970/1057/391 2971/1058/390 2972/1059/390
f 2972/1059/390 2971/1058/390 2973/1060/102
f 2972/1059/390 2973/1060/102 2974/1061/102
f 2974/1061/102 2973/1060/102 2975/1062/389
f 2974/1061/102 2975/1062/389 2976/1063/389
f 2977/1064/1262 2978/1065/1262 2979/1066/1263
f 2977/1064/1262 2979/1066/1263 2980/1067/1263
f 2980/1067/1263 2979/1066/1263 2981/1068/1264
f 2980/1067/1263 2981/1068/1264 2982/1069/1264
f 2982/1069/1264 2981/1068/1264 2983/1070/1265
f 2982/1069/1264 2983/1070/1265 2984/1071/1265
f 2984/1071/1265 2983/1070/1265 2985/1072/1266
f 2984/1071/1265 2985/1072/1266 2986/1073/1266
f 2986/1073/1266 2985/1072/1266 2987/1074/1267
f 2986/1073/1266 2987/1074/1267 2988/1075/1267
f 2988/1075/1267 2987/1074/1267 2989/1076/1268
f 2988/1075/1267 2989/1076/1268 2990/1077/1268
f 2990/1077/1268 2989/1076/1268 2991/1078/1269
f 2990/1077/1268 2991/1078/1269 2992/1079/1269
f 2992/1079/1269 2991/1078/1269 2993/1080/1270
f 2992/1079/1269 2993/1080/1270 2994/1081/1270
f 2994/1081/1270 2993/1080/1270 2995/1082/1271
f 2994/1081/1270 2995/1082/1271 2996/1083/1271
f 2996/1083/1271 2995/1082/1271 2997/1084/1272
f 2996/1083/1271 2997/1084/1272 2998/1085/1272
f 2998/1085/1272 2997/1084/1272 2999/1086/1273
f 2998/1085/1272 2999/1086/1273 3000/1087/1273
f 3000/1087/1273 2999/1086/1273 3001/1088/1274
f 3000/1087/1273 3001/1088/1274 3002/1089/1274
f 3002/1089/1274 3001/1088/1274 3003/1090/1275
f 3002/1089/1274 3003/1090/1275 3004/1091/1275
f 3004/1091/1275 3003/1090/1275 3005/1092/1276
f 3004/1091/1275 3005/1092/1276 3006/1093/1276
f 3006/1093/1276 3005/1092/1276 3007/1094/1277
f 3006/1093/1276 3007/1094/1277 3008/1095/1277
f 3008/1095/1277 3007/1094/1277 3009/1096/1278
f 3008/1095/1277 3009/1096/1278 3010/1097/1278
f 3010/1097/1278 3009/1096/1278 3011/1098/1279
f 3010/1097/1278 3011/1098/1279 3012/1099/1279
f 3012/1099/1279 3011/1098/1279 3013/1100/1280
f 3012/1099/1279 3013/1100/1280 3014/1101/1280
f 3014/1101/1280 3013/1100/1280 3015/1102/1281
f 3014/1101/1280 3015/1102/1281 3016/1103/1281
f 3016/1103/1281 3015/1102/1281 3017/1104/1282
f 3016/1103/1281 3017/1104/1282 3018/1105/1282
f 3018/1105/1282 3017/1104/1282 3019/1106/1283
f 3018/1105/1282 3019/1106/1283 3020/1107/1283
f 3020/1107/1283 3019/1106/1283 3021/1108/1284
f 3020/1107/1283 3021/1108/1284 3022/1109/1284
f 3022/1109/1284 3021/1108/1284 3023/1110/1285
f 3022/1109/1284 3023/1110/1285 3024/1111/1285
f 3024/1111/1285 3023/1110/1285 3025/1112/1286
f 3024/1111/1285 3025/1112/1286 3026/1113/1286
f 3026/1113/1286 3025/1112/1286 3027/1114/1287
f 3026/1113/1286 3027/1114/1287 3028/1115/1287
f 3028/1115/1287 3027/1114/1287 3029/1116/1288
f 3028/1115/1287 3029/1116/1288 3030/1117/1288
f 3030/1117/1288 3029/1116/1288 3031/1118/1289
f 3030/1117/1288 3031/1118/1289 3032/1119/1289
f 3032/1119/1289 3031/1118/1289 3033/1120/1290
f 3032/1119/1289 3033/1120/1290 3034/1121/1290
f 3034/1121/1290 3033/1120/1290 3035/1122/1291
f 3034/1121/1290 3035/1122/1291 3036/1123/1291
f 3036/1123/1291 3035/1122/1291 3037/1124/1292
f 3036/1123/1291 3037/1124/1292 3038/1125/1292
f 3038/1125/1292 3037/1124/1292 3039/1126/1293
f 3038/1125/1292 3039/1126/1293 3040/1127/1293
f 3040/1127/1293 3039/1126/1293 3041/1128/1294
f 3040/1127/1293 3041/1128/1294 3042/1129/1294
f 3042/1129/1294 3041/1128/1294 3043/1130/1295
f 3042/1129/1294 3043/1130/1295 3044/1131/1295
f 3044/1131/1295 3043/1130/1295 3045/1132/1296
f 3044/1131/1295 3045/1132/1296 3046/1133/1296
f 3046/1133/1296 3045/1132/1296 3047/1134/1297
f 3046/1133/1296 3047/1134/1297 3048/1135/1297
f 3048/1135/1297 3047/1134/1297 3049/1136/1298
f 3048/1135/1297 3049/1136/1298 3050/1137/1298
f 3050/1137/1298 3049/1136/1298 3051/1138/1299
f 3050/1137/1298 3051/1138/1299 3052/1139/1299
f 3052/1139/1299 3051/1138/1299 3053/1140/1300
f 3052/1139/1299 3053/1140/1300 3054/1141/1300
f 3054/1141/1300 3053/1140/1300 3055/1142/1301
f 3054/1141/1300 3055/1142/1301 3056/1143/1301
f 3056/1143/1301 3055/1142/1301 2978/1065/1262
f 3056/1143/1301 2978/1065/1262 2977/1064/1262
f 3057/1144/1302 3058/1145/1303 3059/1146/1304
f 3057/1144/1302 3059/1146/1304 3060/1147/1305
f 3060/1147/1305 3059/1146/1304 3061/1148/1306
f 3060/1147/1305 3061/1148/1306 3062/1149/1307
f 3062/1149/1307 3061/1148/1306 3063/1150/1308
f 3062/1149/1307 3063/1150/1308 3064/1151/1309
f 3064/1151/1309 3063/1150/1308 3065/1152/1310
f 3064/1151/1309 3065/1152/1310 3066/1153/1311
f 3066/1153/1311 3065/1152/1310 3067/1154/1312
f 3066/1153/1311 3067/1154/1312 3068/1155/1313
f 3068/1155/1313 3067/1154/1312 3069/1156/1314
f 3068/1155/1313 3069/1156/1314 3070/1157/1315
f 3070/1157/1315 3069/1156/1314 3071/1158/1316
f 3070/1157/1315 3071/1158/1316 3072/1159/1317
f 3072/1159/1317 3071/1158/1316 3073/1160/1318
f 3072/1159/1317 3073/1160/1318 3074/1161/1319
f 3074/1161/1319 3073/1160/1318 3075/1162/1320
f 3074/1161/1319 3075/1162/1320 3076/1163/1321
f 3076/1163/1321 3075/1162/1320 3077/1164/1322
f 3076/1163/1321 3077/1164/1322 3078/1165/1323
f 3078/1165/1323 3077/1164/1322 3079/1166/1324
f 3078/1165/1323 3079/1166/1324 3080/1167/1325
f 3080/1167/1325 3079/1166/1324 3081/1168/1326
f 3080/1167/1325 3081/1168/1326 3082/1169/1327
f 3082/1169/1327 3081/1168/1326 3083/1170/1328
f 3082/1169/1327 3083/1170/1328 3084/1171/1329
f 3084/1171/1329 3083/1170/1328 3085/1172/1330
f 3084/1171/1329 3085/1172/1330 3086/1173/1331
f 3086/1173/1331 3085/1172/1330 3087/1174/1332
f 3086/1173/1331 3087/1174/1332 3088/1175/1333
f 3088/1175/1333 3087/1174/1332 3089/1176/1334
f 3088/1175/1333 3089/1176/1334 3090/1177/1335
f 3090/1177/1335 3089/1176/1334 3091/1178/1336
f 3090/1177/1335 3091/1178/1336 3092/1179/1337
f 3092/1179/1337 3091/1178/1336 3093/1180/1338
f 3092/1179/1337 3093/1180/1338 3094/1181/1339
f 3094/1181/1339 3093/1180/1338 3095/1182/1340
f 3094/1181/1339 3095/1182/1340 3096/1183/1341
f 3096/1183/1341 3095/1182/1340 3097/1184/1342
f 3096/1183/1341 3097/1184/1342 3098/1185/1343
f 3098/1185/1343 3097/1184/1342 3099/1186/1344
f 3098/1185/1343 3099/1186/1344 3100/1187/1345
f 3100/1187/1345 3099/1186/1344 3101/1188/1346
f 3100/1187/1345 3101/1188/1346 3102/1189/1347
f 3102/1189/1347 3101/1188/1346 3103/1190/1348
f 3102/1189/1347 3103/1190/1348 3104/1191/1349
f 3104/1191/1349 3103/1190/1348 3105/1192/1350
f 3104/1191/1349 3105/1192/1350 3106/1193/1351
f 3106/1193/1351 3105/1192/1350 3107/1194/1352
f 3106/1193/1351 3107/1194/1352 3108/1195/1353
f 3108/1195/1353 3107/1194/1352 3109/1196/1354
f 3108/1195/1353 3109/1196/1354 3110/1197/1355
f 3110/1197/1355 3109/1196/1354 3111/1198/1356
f 3110/1197/1355 3111/1198/1356 3112/1199/1357
f 3112/1199/1357 3111/1198/1356 3113/1200/1358
f 3112/1199/1357 3113/1200/1358 3114/1201/1359
f 3114/1201/1359 3113/1200/1358 3115/1202/1360
f 3114/1201/1359 3115/1202/1360 3116/1203/1361
f 3116/1203/1361 3115/1202/1360 3117/1204/1362
f 3116/1203/1361 3117/1204/1362 3118/1205/1363
f 3118/1205/1363 3117/1204/1362 3119/1206/1364
f 3118/1205/1363 3119/1206/1364 3120/1207/1365
f 3120/1207/1365 3119/1206/1364 3121/1208/1366
f 3120/1207/1365 3121/1208/1366 3122/1209/1367
f 3122/1209/1367 3121/1208/1366 3123/1210/1368
f 3122/1209/1367 3123/1210/1368 3124/1211/1369
f 3124/1211/1369 3123/1210/1368 3125/1212/1370
f 3124/1211/1369 3125/1212/1370 3126/1213/1371
f 3126/1213/1371 3125/1212/1370 3127/1214/1372
f 3126/1213/1371 3127/1214/1372 3128/1215/1373
f 3128/1215/1373 3127/1214/1372 3129/1216/1374
f 3128/1215/1373 3129/1216/1374 3130/1217/1375
f 3130/1217/1375 3129/1216/1374 3131/1218/1376
f 3130/1217/1375 3131/1218/1376 3132/1219/1377
f 3132/1219/1377 3131/1218/1376 3133/1220/1378
f 3132/1219/1377 3133/1220/1378 3134/1221/1379
f 3134/1221/1379 3133/1220/1378 3135/1222/1380
f 3134/1221/1379 3135/1222/1380 3136/1223/1381
f 3136/1223/1381 3135/1222/1380 3058/1145/1303
f 3136/1223/1381 3058/1145/1303 3057/1144/1302
f 3058/1145/1303 3137/1224/1382 3138/1225/1383
f 3058/1145/1303 3138/1225/1383 3059/1146/1304
f 3059/1146/1304 3138/1225/1383 3139/1226/1384
f 3059/1146/1304 3139/1226/1384 3061/1148/1306
f 3061/1148/1306 3139/1226/1384 3140/1227/1385
f 3061/1148/1306 3140/1227/1385 3063/1150/1308
f 3063/1150/1308 3140/1227/1385 3141/1228/1386
f 3063/1150/1308 3141/1228/1386 3065/1152/1310
f 3065/1152/1310 3141/1228/1386 3142/1229/1387
f 3065/1152/1310 3142/1229/1387 3067/1154/1312
f 3067/1154/1312 3142/1229/1387 3143/1230/1388
f 3067/1154/1312 3143/1230/1388 3069/1156/1314
f 3069/1156/1314 3143/1230/1388 3144/1231/1389
f 3069/1156/1314 3144/1231/1389 3071/1158/1316
f 3071/1158/1316 3144/1231/1389 3145/1232/1390
f 3071/1158/1316 3145/1232/1390 3073/1160/1318
f 3073/1160/1318 3145/1232/1390 3146/1233/1391
f 3073/1160/1318 3146/1233/1391 3075/1162/1320
f 3075/1162/1320 3146/1233/1391 3147/1234/1392
f 3075/1162/1320 3147/1234/1392 3077/1164/1322
f 3077/1164/1322 3147/1234/1392 3148/1235/1393
f 3077/1164/1322 3148/1235/1393 3079/1166/1324
f 3079/1166/1324 3148/1235/1393 3149/1236/1394
f 3079/1166/1324 3149/1236/1394 3081/1168/1326
f 3081/1168/1326 3149/1236/1394 3150/1237/1395
f 3081/1168/1326 3150/1237/1395 3083/1170/1328
f 3083/1170/1328 3150/1237/1395 3151/1238/1396
f 3083/1170/1328 3151/1238/1396 3085/1172/1330
f 3085/1172/1330 3151/1238/1396 3152/1239/1397
f 3085/1172/1330 3152/1239/1397 3087/1174/1332
f 3087/1174/1332 3152/1239/1397 3153/1240/1398
f 3087/1174/1332 3153/1240/1398 3089/1176/1334
f 3089/1176/1334 3153/1240/1398 3154/1241/1399
f 3089/1176/1334 3154/1241/1399 3091/1178/1336
f 3091/1178/1336 3154/1241/1399 3155/1242/1400
f 3091/1178/1336 3155/1242/1400 3093/1180/1338
f 3093/1180/1338 3155/1242/1400 3156/1243/1401
f 3093/1180/1338 3156/1243/1401 3095/1182/1340
f 3095/1182/1340 3156/1243/1401 3157/1244/1402
f 3095/1182/1340 3157/1244/1402 3097/1184/1342
f 3097/1184/1342 3157/1244/1402 3158/1245/1403
f 3097/1184/1342 3158/1245/1403 3099/1186/1344
f 3099/1186/1344 3158/1245/1403 3159/1246/1404
f 3099/1186/1344 3159/1246/1404 3101/1188/1346
f 3101/1188/1346 3159/1246/1404 3160/1247/1405
f 3101/1188/1346 3160/1247/1405 3103/1190/1348
f 3103/1190/1348 3160/1247/1405 3161/1248/1406
f 3103/1190/1348 3161/1248/1406 3105/1192/1350
f 3105/1192/1350 3161/1248/1406 3162/1249/1407
f 3105/1192/1350 3162/1249/1407 3107/1194/1352
f 3107/1194/1352 3162/1249/1407 3163/1250/1408
f 3107/1194/1352 3163/1250/1408 3109/1196/1354
f 3109/1196/1354 3163/1250/1408 3164/1251/1409
f 3109/1196/1354 3164/1251/1409 3111/1198/1356
f 3111/1198/1356 3164/1251/1409 3165/1252/1410
f 3111/1198/1356 3165/1252/1410 3113/1200/1358
f 3113/1200/1358 3165/1252/1410 3166/1253/1411
f 3113/1200/1358 3166/1253/1411 3115/1202/1360
f 3115/1202/1360 3166/1253/1411 3167/1254/1412
f 3115/1202/1360 3167/1254/1412 3117/1204/1362
f 3117/1204/1362 3167/1254/1412 3168/1255/1413
f 3117/1204/1362 3168/1255/1413 3119/1206/1364
f 3119/1206/1364 3168/1255/1413 3169/1256/1414
f 3119/1206/1364 3169/1256/1414 3121/1208/1366
f 3121/1208/1366 3169/1256/1414 3170/1257/1415
f 3121/1208/1366 3170/1257/1415 3123/1210/1368
f 3123/1210/1368 3170/1257/1415 3171/1258/1416
f 3123/1210/1368 3171/1258/1416 3125/1212/1370
f 3125/1212/1370 3171/1258/1416 3172/1259/1417
f 3125/1212/1370 3172/1259/1417 3127/1214/1372
f 3127/1214/1372 3172/1259/1417 3173/1260/1418
f 3127/1214/1372 3173/1260/1418 3129/1216/1374
f 3129/1216/1374 3173/1260/1418 3174/1261/1419
f 3129/1216/1374 3174/1261/1419 3131/1218/1376
f 3131/1218/1376 3174/1261/1419 3175/1262/1420
f 3131/1218/1376 3175/1262/1420 3133/1220/1378
f 3133/1220/1378 3175/1262/1420 3176/1263/1421
f 3133/1220/1378 3176/1263/1421 3135/1222/1380
f 3135/1222/1380 3176/1263/1421 3137/1224/1382
f 3135/1222/1380 3137/1224/1382 3058/1145/1303
f 3137/1224/1382 42/42/42 44/44/44
f 3137/1224/1382 44/44/44 3138/1225/1383
f 3138/1225/1383 44/44/44 45/45/45
f 3138/1225/1383 45/45/45 3139/1226/1384
f 3139/1226/1384 45/45/45 46/46/46
f 3139/1226/1384 46/46/46 3140/1227/1385
f 3140/1227/1385 46/46/46 47/47/47
f 3140/1227/1385 47/47/47 3141/1228/1386
f 3141/1228/1386 47/47/47 48/48/48
f 3141/1228/1386 48/48/48 3142/1229/1387
f 3142/1229/1387 48/48/48 49/49/49
f 3142/1229/1387 49/49/49 3143/1230/1388
f 3143/1230/1388 49/49/49 50/50/50
f 3143/1230/1388 50/50/50 3144/1231/1389
f 3144/1231/1389 50/50/50 51/51/51
f 3144/1231/1389 51/51/51 3145/1232/1390
f 3145/1232/1390 51/51/51 52/52/52
f 3145/1232/1390 52/52/52 3146/1233/1391
f 3146/1233/1391 52/52/52 53/53/53
f 3146/1233/1391 53/53/53 3147/1234/1392
f 3147/1234/1392 53/53/53 54/54/54
f 3147/1234/1392 54/54/54 3148/1235/1393
f 3148/1235/1393 54/54/54 55/55/55
f 3148/1235/1393 55/55/55 3149/1236/1394
f 3149/1236/1394 55/55/55 56/56/56
f 3149/1236/1394 56/56/56 3150/1237/1395
f 3150/1237/1395 56/56/56 57/57/57
f 3150/1237/1395 57/57/57 3151/1238/1396
f 3151/1238/1396 57/57/57 58/58/58
f 3151/1238/1396 58/58/58 3152/1239/1397
f 3152/1239/1397 58/58/58 59/59/59
f 3152/1239/1397 59/59/59 3153/1240/1398
f 3153/1240/1398 59/59/59 60/60/60
f 3153/1240/1398 60/60/60 3154/1241/1399
f 3154/1241/1399 60/60/60 61/61/61
f 3154/1241/1399 61/61/61 3155/1242/1400
f 3155/1242/1400 61/61/61 62/62/62
f 3155/1242/1400 62/62/62 3156/1243/1401
f 3156/1243/1401 62/62/62 63/63/63
f 3156/1243/1401 63/63/63 3157/1244/1402
f 3157/1244/1402 63/63/63 64/64/64
f 3157/1244/1402 64/64/64 3158/1245/1403
f 3158/1245/1403 64/64/64 65/65/65
f 3158/1245/1403 65/65/65 3159/1246/1404
f 3159/1246/1404 65/65/65 66/66/66
f 3159/1246/1404 66/66/66 3160/1247/1405
f 3160/1247/1405 66/66/66 67/67/67
f 3160/1247/1405 67/67/67 3161/1248/1406
f 3161/1248/1406 67/67/67 68/68/68
f 3161/1248/1406 68/68/68 3162/1249/1407
f 3162/1249/1407 68/68/68 69/69/69
f 3162/1249/1407 69/69/69 3163/1250/1408
f 3163/1250/1408 69/69/69 70/70/70
f 3163/1250/1408 70/70/70 3164/1251/1409
f 3164/1251/1409 70/70/70 71/71/71
f 3164/1251/1409 71/71/71 3165/1252/1410
f 3165/1252/1410 71/71/71 72/72/72
f 3165/1252/1410 72/72/72 3166/1253/1411
f 3166/1253/1411 72/72/72 73/73/73
f 3166/1253/1411 73/73/73 3167/1254/1412
f 3167/1254/1412 73/73/73 74/74/74
f 3167/1254/1412 74/74/74 3168/1255/1413
f 3168/1255/1413 74/74/74 75/75/75
f 3168/1255/1413 75/75/75 3169/1256/1414
f 3169/1256/1414 75/75/75 76/76/76
f 3169/1256/1414 76/76/76 3170/1257/1415
f 3170/1257/1415 76/76/76 77/77/77
f 3170/1257/1415 77/77/77 3171/1258/1416
f 3171/1258/1416 77/77/77 78/78/78
f 3171/1258/1416 78/78/78 3172/1259/1417
f 3172/1259/1417 78/78/78 79/79/79
f 3172/1259/1417 79/79/79 3173/1260/1418
f 3173/1260/1418 79/79/79 80/80/80
f 3173/1260/1418 80/80/80 3174/1261/1419
f 3174/1261/1419 80/80/80 81/81/81
f 3174/1261/1419 81/81/81 3175/1262/1420
f 3175/1262/1420 81/81/81 82/82/82
f 3175/1262/1420 82/82/82 3176/1263/1421
f 3176/1263/1421 82/82/82 42/42/42
f 3176/1263/1421 42/42/42 3137/1224/1382
f 3177/1060/102 3178/1264/102 3179/1265/389
f 3177/1060/102 3179/1265/389 3180/1062/389
f 3181/1058/390 3182/1266/390 3178/1264/102
f 3181/1058/390 3178/1264/102 3177/1060/102
f 3183/1056/391 3184/1267/391 3182/1266/390
f 3183/1056/391 3182/1266/390 3181/1058/390
f 3185/1054/392 3186/1268/392 3184/1267/391
f 3185/1054/392 3184/1267/391 3183/1056/391
f 3187/1052/393 3188/1269/393 3186/1268/392
f 3187/1052/393 3186/1268/392 3185/1054/392
f 3189/1050/394 3190/1270/394 3188/1269/393
f 3189/1050/394 3188/1269/393 3187/1052/393
f 3191/1048/395 3192/1271/395 3190/1270/394
f 3191/1048/395 3190/1270/394 3189/1050/394
f 3193/1046/396 3194/1272/396 3192/1271/395
f 3193/1046/396 3192/1271/395 3191/1048/395
f 3195/1044/397 3196/1273/397 3194/1272/396
f 3195/1044/397 3194/1272/396 3193/1046/396
f 3197/1042/398 3198/1274/398 3196/1273/397
f 3197/1042/398 3196/1273/397 3195/1044/397
f 3199/1040/399 3200/1275/399 3198/1274/398
f 3199/1040/399 3198/1274/398 3197/1042/398
f 3201/1038/400 3202/1276/400 3200/1275/399
f 3201/1038/400 3200/1275/399 3199/1040/399
f 3203/1036/401 3204/1277/401 3202/1276/400
f 3203/1036/401 3202/1276/400 3201/1038/400
f 3205/1034/402 3206/1278/402 3204/1277/401
f 3205/1034/402 3204/1277/401 3203/1036/401
f 3207/1032/403 3208/1279/403 3206/1278/402
f 3207/1032/403 3206/1278/402 3205/1034/402
f 3209/1030/404 3210/1280/404 3208/1279/403
f 3209/1030/404 3208/1279/403 3207/1032/403
f 3211/1028/405 3212/1281/405 3210/1280/404
f 3211/1028/405 3210/1280/404 3209/1030/404
f 3213/1026/406 3214/1282/406 3212/1281/405
f 3213/1026/406 3212/1281/405 3211/1028/405
f 3215/1024/407 3216/1283/407 3214/1282/406
f 3215/1024/407 3214/1282/406 3213/1026/406
f 3217/1022/408 3218/1284/408 3216/1283/407
f 3217/1022/408 3216/1283/407 3215/1024/407
f 3219/1020/133 3220/1285/133 3218/1284/408
f 3219/1020/133 3218/1284/408 3217/1022/408
f 3221/1018/409 3222/1286/409 3220/1285/133
f 3221/1018/409 3220/1285/133 3219/1020/133
f 3223/1016/410 3224/1287/410 3222/1286/409
f 3223/1016/410 3222/1286/409 3221/1018/409
f 3225/1014/411 3226/1288/411 3224/1287/410
f 3225/1014/411 3224/1287/410 3223/1016/410
f 3227/1012/412 3228/1289/412 3226/1288/411
f 3227/1012/412 3226/1288/411 3225/1014/411
f 3229/1010/413 3230/1290/413 3228/1289/412
f 3229/1010/413 3228/1289/412 3227/1012/412
f 3231/1008/414 3232/1291/414 3230/1290/413
f 3231/1008/414 3230/1290/413 3229/1010/413
f 3233/1006/415 3234/1292/415 3232/1291/414
f 3233/1006/415 3232/1291/414 3231/1008/414
f 3235/1004/416 3236/1293/416 3234/1292/415
f 3235/1004/416 3234/1292/415 3233/1006/415
f 3237/1002/417 3238/1294/417 3236/1293/416
f 3237/1002/417 3236/1293/416 3235/1004/416
f 3239/1000/418 3240/1295/418 3238/1294/417
f 3239/1000/418 3238/1294/417 3237/1002/417
f 3241/998/419 3242/1296/419 3240/1295/418
f 3241/998/419 3240/1295/418 3239/1000/418
f 3243/996/420 3244/1297/420 3242/1296/419
f 3243/996/420 3242/1296/419 3241/998/419
f 3245/994/421 3246/1298/421 3244/1297/420
f 3245/994/421 3244/1297/420 3243/996/420
f 3247/992/422 3248/1299/422 3246/1298/421
f 3247/992/422 3246/1298/421 3245/994/421
f 3249/990/423 3250/1300/423 3248/1299/422
f 3249/990/423 3248/1299/422 3247/992/422
f 3251/988/424 3252/1301/424 3250/1300/423
f 3251/988/424 3250/1300/423 3249/990/423
f 3253/986/425 3254/1302/425 3252/1301/424
f 3253/986/425 3252/1301/424 3251/988/424
f 3255/984/426 3256/1303/426 3254/1302/425
f 3255/984/426 3254/1302/425 3253/986/425
f 3257/983/1261 3258/1304/1261 3256/1303/426
f 3257/983/1261 3256/1303/426 3255/984/426
f 3259/1264/102 3260/1305/1422 3261/1306/1423
f 3259/1264/102 3261/1306/1423 3262/1265/389
f 3263/1266/390 3264/1307/1424 3260/1305/1422
f 3263/1266/390 3260/1305/1422 3259/1264/102
f 3265/1267/391 3266/1308/1425 3264/1307/1424
f 3265/1267/391 3264/1307/1424 3263/1266/390
f 3267/1268/392 3268/1309/1426 3266/1308/1425
f 3267/1268/392 3266/1308/1425 3265/1267/391
f 3269/1269/393 3270/1310/1427 3268/1309/1426
f 3269/1269/393 3268/1309/1426 3267/1268/392
f 3271/1270/394 3272/1311/1428 3270/1310/1427
f 3271/1270/394 3270/1310/1427 3269/1269/393
f 3273/1271/395 3274/1312/1429 3272/1311/1428
f 3273/1271/395 3272/1311/1428 3271/1270/394
f 3275/1272/396 3276/1313/1430 3274/1312/1429
f 3275/1272/396 3274/1312/1429 3273/1271/395
f 3277/1273/397 3278/1314/1431 3276/1313/1430
f 3277/1273/397 3276/1313/1430 3275/1272/396
f 3279/1274/398 3280/1315/1432 3278/1314/1431
f 3279/1274/398 3278/1314/1431 3277/1273/397
f 3281/1275/399 3282/1316/1433 3280/1315/1432
f 3281/1275/399 3280/1315/1432 3279/1274/398
f 3283/1276/400 3284/1317/1434 3282/1316/1433
f 3283/1276/400 3282/1316/1433 3281/1275/399
f 3285/1277/401 3286/1318/1435 3284/1317/1434
f 3285/1277/401 3284/1317/1434 3283/1276/400
f 3287/1278/402 3288/1319/1436 3286/1318/1435
f 3287/1278/402 3286/1318/1435 3285/1277/401
f 3289/1279/403 3290/1320/1437 3288/1319/1436
f 3289/1279/403 3288/1319/1436 3287/1278/402
f 3291/1280/404 3292/1321/1438 3290/1320/1437
f 3291/1280/404 3290/1320/1437 3289/1279/403
f 3293/1281/405 3294/1322/1439 3292/1321/1438
f 3293/1281/405 3292/1321/1438 3291/1280/404
f 3295/1282/406 3296/1323/1440 3294/1322/1439
f 3295/1282/406 3294/1322/1439 3293/1281/405
f 3297/1283/407 3298/1324/1441 3296/1323/1440
f 3297/1283/407 3296/1323/1440 3295/1282/406
f 3299/1284/408 3300/1325/1442 3298/1324/1441
f 3299/1284/408 3298/1324/1441 3297/1283/407
f 3301/1285/133 3302/1326/1443 3300/1325/1442
f 3301/1285/133 3300/1325/1442 3299/1284/408
f 3303/1286/409 3304/1327/1444 3302/1326/1443
f 3303/1286/409 3302/1326/1443 3301/1285/133
f 3305/1287/410 3306/1328/1445 3304/1327/1444
f 3305/1287/410 3304/1327/1444 3303/1286/409
f 3307/1288/411 3308/1329/1446 3306/1328/1445
f 3307/1288/411 3306/1328/1445 3305/1287/410
f 3309/1289/412 3310/1330/1447 3308/1329/1446
f 3309/1289/412 3308/1329/1446 3307/1288/411
f 3311/1290/413 3312/1331/1448 3310/1330/1447
f 3311/1290/413 3310/1330/1447 3309/1289/412
f 3313/1291/414 3314/1332/1449 3312/1331/1448
f 3313/1291/414 3312/1331/1448 3311/1290/413
f 3315/1292/415 3316/1333/1450 3314/1332/1449
f 3315/1292/415 3314/1332/1449 3313/1291/414
f 3317/1293/416 3318/1334/1451 3316/1333/1450
f 3317/1293/416 3316/1333/1450 3315/1292/415
f 3319/1294/417 3320/1335/1452 3318/1334/1451
f 3319/1294/417 3318/1334/1451 3317/1293/416
f 3321/1295/418 3322/1336/1453 3320/1335/1452
f 3321/1295/418 3320/1335/1452 3319/1294/417
f 3323/1296/419 3324/1337/1454 3322/1336/1453
f 3323/1296/419 3322/1336/1453 3321/1295/418
f 3325/1297/420 3326/1338/1455 3324/1337/1454
f 3325/1297/420 3324/1337/1454 3323/1296/419
f 3327/1298/421 3328/1339/1456 3326/1338/1455
f 3327/1298/421 3326/1338/1455 3325/1297/420
f 3329/1299/422 3330/1340/1457 3328/1339/1456
f 3329/1299/422 3328/1339/1456 3327/1298/421
f 3331/1300/423 3332/1341/1458 3330/1340/1457
f 3331/1300/423 3330/1340/1457 3329/1299/422
f 3333/1301/424 3334/1342/1459 3332/1341/1458
f 3333/1301/424 3332/1341/1458 3331/1300/423
f 3335/1302/425 3336/1343/1460 3334/1342/1459
f 3335/1302/425 3334/1342/1459 3333/1301/424
f 3337/1303/426 3338/1344/1461 3336/1343/1460
f 3337/1303/426 3336/1343/1460 3335/1302/425
f 3339/1304/1261 3340/1345/1462 3338/1344/1461
f 3339/1304/1261 3338/1344/1461 3337/1303/426
s 0
f 3341/1060/43 3342/1060/43 3343/1062/43
f 3341/1060/43 3343/1062/43 3344/1062/43
f 3345/1265/3 3346/1265/3 3347/1264/3
f 3345/1265/3 3347/1264/3 3348/1264/3
f 3349/1058/43 3350/1058/43 3342/1060/43
f 3349/1058/43 3342/1060/43 3341/1060/43
f 3348/1264/3 3347/1264/3 3351/1266/3
f 3348/1264/3 3351/1266/3 3352/1266/3
f 3353/1056/43 3354/1056/43 3350/1058/43
f 3353/1056/43 3350/1058/43 3349/1058/43
f 3352/1266/3 3351/1266/3 3355/1267/3
f 3352/1266/3 3355/1267/3 3356/1267/3
f 3357/1054/43 3358/1054/43 3354/1056/43
f 3357/1054/43 3354/1056/43 3353/1056/43
f 3356/1267/3 3355/1267/3 3359/1268/3
f 3356/1267/3 3359/1268/3 3360/1268/3
f 3361/1052/43 3362/1052/43 3358/1054/43
f 3361/1052/43 3358/1054/43 3357/1054/43
f 3360/1268/3 3359/1268/3 3363/1269/3
f 3360/1268/3 3363/1269/3 3364/1269/3
f 3365/1050/43 3366/1050/43 3362/1052/43
f 3365/1050/43 3362/1052/43 3361/1052/43
f 3364/1269/3 3363/1269/3 3367/1270/3
f 3364/1269/3 3367/1270/3 3368/1270/3
f 3369/1048/43 3370/1048/43 3366/1050/43
f 3369/1048/43 3366/1050/43 3365/1050/43
f 3368/1270/3 3367/1270/3 3371/1271/3
f 3368/1270/3 3371/1271/3 3372/1271/3
f 3373/1046/43 3374/1046/43 3370/1048/43
f 3373/1046/43 3370/1048/43 3369/1048/43
f 3372/1271/3 3371/1271/3 3375/1272/3
f 3372/1271/3 3375/1272/3 3376/1272/3
f 3377/1044/43 3378/1044/43 3374/1046/43
f 3377/1044/43 3374/1046/43 3373/1046/43
f 3376/1272/3 3375/1272/3 3379/1273/3
f 3376/1272/3 3379/1273/3 3380/1273/3
f 3381/1042/43 3382/1042/43 3378/1044/43
f 3381/1042/43 3378/1044/43 3377/1044/43
f 3380/1273/3 3379/1273/3 3383/1274/3
f 3380/1273/3 3383/1274/3 3384/1274/3
f 3385/1040/43 3386/1040/43 3382/1042/43
f 3385/1040/43 3382/1042/43 3381/1042/43
f 3384/1274/3 3383/1274/3 3387/1275/3
f 3384/1274/3 3387/1275/3 3388/1275/3
f 3389/1038/43 3390/1038/43 3386/1040/43
f 3389/1038/43 3386/1040/43 3385/1040/43
f 3388/1275/3 3387/1275/3 3391/1276/3
f 3388/1275/3 3391/1276/3 3392/1276/3
f 3393/1036/43 3394/1036/43 3390/1038/43
f 3393/1036/43 3390/1038/43 3389/1038/43
f 3392/1276/3 3391/1276/3 3395/1277/3
f 3392/1276/3 3395/1277/3 3396/1277/3
f 3397/1034/43 3398/1034/43 3394/1036/43
f 3397/1034/43 3394/1036/43 3393/1036/43
f 3396/1277/3 3395/1277/3 3399/1278/3
f 3396/1277/3 3399/1278/3 3400/1278/3
f 3401/1032/43 3402/1032/43 3398/1034/43
f 3401/1032/43 3398/1034/43 3397/1034/43
f 3400/1278/3 3399/1278/3 3403/1279/3
f 3400/1278/3 3403/1279/3 3404/1279/3
f 3405/1030/43 3406/1030/43 3402/1032/43
f 3405/1030/43 3402/1032/43 3401/1032/43
f 3404/1279/3 3403/1279/3 3407/1280/3
f 3404/1279/3 3407/1280/3 3408/1280/3
f 3409/1028/43 3410/1028/43 3406/1030/43
f 3409/1028/43 3406/1030/43 3405/1030/43
f 3408/1280/3 3407/1280/3 3411/1281/3
f 3408/1280/3 3411/1281/3 3412/1281/3
f 3413/1026/43 3414/1026/43 3410/1028/43
f 3413/1026/43 3410/1028/43 3409/1028/43
f 3412/1281/3 3411/1281/3 3415/1282/3
f 3412/1281/3 3415/1282/3 3416/1282/3
f 3417/1024/43 3418/1024/43 3414/1026/43
f 3417/1024/43 3414/1026/43 3413/1026/43
f 3416/1282/3 3415/1282/3 3419/1283/3
f 3416/1282/3 3419/1283/3 3420/1283/3
f 3421/1022/43 3422/1022/43 3418/1024/43
f 3421/1022/43 3418/1024/43 3417/1024/43
f 3420/1283/3 3419/1283/3 3423/1284/3
f 3420/1283/3 3423/1284/3 3424/1284/3
f 3425/1020/43 3426/1020/43 3422/1022/43
f 3425/1020/43 3422/1022/43 3421/1022/43
f 3424/1284/3 3423/1284/3 3427/1285/3
f 3424/1284/3 3427/1285/3 3428/1285/3
f 3429/1018/43 3430/1018/43 3426/1020/43
f 3429/1018/43 3426/1020/43 3425/1020/43
f 3428/1285/3 3427/1285/3 3431/1286/3
f 3428/1285/3 3431/1286/3 3432/1286/3
f 3433/1016/43 3434/1016/43 3430/1018/43
f 3433/1016/43 3430/1018/43 3429/1018/43
f 3432/1286/3 3431/1286/3 3435/1287/3
f 3432/1286/3 3435/1287/3 3436/1287/3
f 3437/1014/43 3438/1014/43 3434/1016/43
f 3437/1014/43 3434/1016/43 3433/1016/43
f 3436/1287/3 3435/1287/3 3439/1288/3
f 3436/1287/3 3439/1288/3 3440/1288/3
f 3441/1012/43 3442/1012/43 3438/1014/43
f 3441/1012/43 3438/1014/43 3437/1014/43
f 3440/1288/3 3439/1288/3 3443/1289/3
f 3440/1288/3 3443/1289/3 3444/1289/3
f 3445/1010/43 3446/1010/43 3442/1012/43
f 3445/1010/43 3442/1012/43 3441/1012/43
f 3444/1289/3 3443/1289/3 3447/1290/3
f 3444/1289/3 3447/1290/3 3448/1290/3
f 3449/1008/43 3450/1008/43 3446/1010/43
f 3449/1008/43 3446/1010/43 3445/1010/43
f 3448/1290/3 3447/1290/3 3451/1291/3
f 3448/1290/3 3451/1291/3 3452/1291/3
f 3453/1006/43 3454/1006/43 3450/1008/43
f 3453/1006/43 3450/1008/43 3449/1008/43
f 3452/1291/3 3451/1291/3 3455/1292/3
f 3452/1291/3 3455/1292/3 3456/1292/3
f 3457/1004/43 3458/1004/43 3454/1006/43
f 3457/1004/43 3454/1006/43 3453/1006/43
f 3456/1292/3 3455/1292/3 3459/1293/3
f 3456/1292/3 3459/1293/3 3460/1293/3
f 3461/1002/43 3462/1002/43 3458/1004/43
f 3461/1002/43 3458/1004/43 3457/1004/43
f 3460/1293/3 3459/1293/3 3463/1294/3
f 3460/1293/3 3463/1294/3 3464/1294/3
f 3465/1000/43 3466/1000/43 3462/1002/43
f 3465/1000/43 3462/1002/43 3461/1002/43
f 3464/1294/3 3463/1294/3 3467/1295/3
f 3464/1294/3 3467/1295/3 3468/1295/3
f 3469/998/43 3470/998/43 3466/1000/43
f 3469/998/43 3466/1000/43 3465/1000/43
f 3468/1295/3 3467/1295/3 3471/1296/3
f 3468/1295/3 3471/1296/3 3472/1296/3
f 3473/996/43 3474/996/43 3470/998/43
f 3473/996/43 3470/998/43 3469/998/43
f 3472/1296/3 3471/1296/3 3475/1297/3
f 3472/1296/3 3475/1297/3 3476/1297/3
f 3477/994/43 3478/994/43 3474/996/43
f 3477/994/43 3474/996/43 3473/996/43
f 3476/1297/3 3475/1297/3 3479/1298/3
f 3476/1297/3 3479/1298/3 3480/1298/3
f 3481/992/43 3482/992/43 3478/994/43
f 3481/992/43 3478/994/43 3477/994/43
f 3480/1298/3 3479/1298/3 3483/1299/3
f 3480/1298/3 3483/1299/3 3484/1299/3
f 3485/990/43 3486/990/43 3482/992/43
f 3485/990/43 3482/992/43 3481/992/43
f 3484/1299/3 3483/1299/3 3487/1300/3
f 3484/1299/3 3487/1300/3 3488/1300/3
f 3489/988/43 3490/988/43 3486/990/43
f 3489/988/43 3486/990/43 3485/990/43
f 3488/1300/3 3487/1300/3 3491/1301/3
f 3488/1300/3 3491/1301/3 3492/1301/3
f 3493/986/43 3494/986/43 3490/988/43
f 3493/986/43 3490/988/43 3489/988/43
f 3492/1301/3 3491/1301/3 3495/1302/3
f 3492/1301/3 3495/1302/3 3496/1302/3
f 3497/984/43 3498/984/43 3494/986/43
f 3497/984/43 3494/986/43 3493/986/43
f 3496/1302/3 3495/1302/3 3499/1303/3
f 3496/1302/3 3499/1303/3 3500/1303/3
f 3501/983/43 3502/983/43 3498/984/43
f 3501/983/43 3498/984/43 3497/984/43
f 3500/1303/3 3499/1303/3 3503/1304/3
f 3500/1303/3 3503/1304/3 3504/1304/3
s 1
f 3505/1142/1463 3136/1223/1381 3057/1144/1302
f 3505/1142/1463 3057/1144/1302 3506/1065/1464
f 3507/1140/1465 3134/1221/1379 3136/1223/1381
f 3507/1140/1465 3136/1223/1381 3505/1142/1463
f 3508/1138/1466 3132/1219/1377 3134/1221/1379
f 3508/1138/1466 3134/1221/1379 3507/1140/1465
f 3509/1136/1467 3130/1217/1375 3132/1219/1377
f 3509/1136/1467 3132/1219/1377 3508/1138/1466
f 3510/1134/1468 3128/1215/1373 3130/1217/1375
f 3510/1134/1468 3130/1217/1375 3509/1136/1467
f 3511/1132/1469 3126/1213/1371 3128/1215/1373
f 3511/1132/1469 3128/1215/1373 3510/1134/1468
f 3512/1130/1470 3124/1211/1369 3126/1213/1371
f 3512/1130/1470 3126/1213/1371 3511/1132/1469
f 3513/1128/1471 3122/1209/1367 3124/1211/1369
f 3513/1128/1471 3124/1211/1369 3512/1130/1470
f 3514/1126/1472 3120/1207/1365 3122/1209/1367
f 3514/1126/1472 3122/1209/1367 3513/1128/1471
f 3515/1124/1473 3118/1205/1363 3120/1207/1365
f 3515/1124/1473 3120/1207/1365 3514/1126/1472
f 3516/1122/1474 3116/1203/1361 3118/1205/1363
f 3516/1122/1474 3118/1205/1363 3515/1124/1473
f 3517/1120/1475 3114/1201/1359 3116/1203/1361
f 3517/1120/1475 3116/1203/1361 3516/1122/1474
f 3518/1118/1476 3112/1199/1357 3114/1201/1359
f 3518/1118/1476 3114/1201/1359 3517/1120/1475
f 3519/1116/1477 3110/1197/1355 3112/1199/1357
f 3519/1116/1477 3112/1199/1357 3518/1118/1476
f 3520/1114/1478 3108/1195/1353 3110/1197/1355
f 3520/1114/1478 3110/1197/1355 3519/1116/1477
f 3521/1112/1479 3106/1193/1351 3108/1195/1353
f 3521/1112/1479 3108/1195/1353 3520/1114/1478
f 3522/1110/1480 3104/1191/1349 3106/1193/1351
f 3522/1110/1480 3106/1193/1351 3521/1112/1479
f 3523/1108/1481 3102/1189/1347 3104/1191/1349
f 3523/1108/1481 3104/1191/1349 3522/1110/1480
f 3524/1106/1482 3100/1187/1345 3102/1189/1347
f 3524/1106/1482 3102/1189/1347 3523/1108/1481
f 3525/1104/1483 3098/1185/1343 3100/1187/1345
f 3525/1104/1483 3100/1187/1345 3524/1106/1482
f 3526/1102/1484 3096/1183/1341 3098/1185/1343
f 3526/1102/1484 3098/1185/1343 3525/1104/1483
f 3527/1100/1485 3094/1181/1339 3096/1183/1341
f 3527/1100/1485 3096/1183/1341 3526/1102/1484
f 3528/1098/1486 3092/1179/1337 3094/1181/1339
f 3528/1098/1486 3094/1181/1339 3527/1100/1485
f 3529/1096/1487 3090/1177/1335 3092/1179/1337
f 3529/1096/1487 3092/1179/1337 3528/1098/1486
f 3530/1094/1488 3088/1175/1333 3090/1177/1335
f 3530/1094/1488 3090/1177/1335 3529/1096/1487
f 3531/1092/1489 3086/1173/1331 3088/1175/1333
f 3531/1092/1489 3088/1175/1333 3530/1094/1488
f 3532/1090/1490 3084/1171/1329 3086/1173/1331
f 3532/1090/1490 3086/1173/1331 3531/1092/1489
f 3533/1088/1491 3082/1169/1327 3084/1171/1329
f 3533/1088/1491 3084/1171/1329 3532/1090/1490
f 3534/1086/1492 3080/1167/1325 3082/1169/1327
f 3534/1086/1492 3082/1169/1327 3533/1088/1491
f 3535/1084/1493 3078/1165/1323 3080/1167/1325
f 3535/1084/1493 3080/1167/1325 3534/1086/1492
f 3536/1082/1494 3076/1163/1321 3078/1165/1323
f 3536/1082/1494 3078/1165/1323 3535/1084/1493
f 3537/1080/1495 3074/1161/1319 3076/1163/1321
f 3537/1080/1495 3076/1163/1321 3536/1082/1494
f 3538/1078/1496 3072/1159/1317 3074/1161/1319
f 3538/1078/1496 3074/1161/1319 3537/1080/1495
f 3539/1076/1497 3070/1157/1315 3072/1159/1317
f 3539/1076/1497 3072/1159/1317 3538/1078/1496
f 3540/1074/1498 3068/1155/1313 3070/1157/1315
f 3540/1074/1498 3070/1157/1315 3539/1076/1497
f 3541/1072/1499 3066/1153/1311 3068/1155/1313
f 3541/1072/1499 3068/1155/1313 3540/1074/1498
f 3542/1070/1500 3064/1151/1309 3066/1153/1311
f 3542/1070/1500 3066/1153/1311 3541/1072/1499
f 3543/1068/1501 3062/1149/1307 3064/1151/1309
f 3543/1068/1501 3064/1151/1309 3542/1070/1500
f 3544/1066/1502 3060/1147/1305 3062/1149/1307
f 3544/1066/1502 3062/1149/1307 3543/1068/1501
f 3506/1065/1464 3057/1144/1302 3060/1147/1305
f 3506/1065/1464 3060/1147/1305 3544/1066/1502
f 3545/1064/1503 3546/1064/1504 3547/1067/1505
f 3545/1064/1503 3547/1067/1505 3548/1067/1506
f 3549/1066/1507 3550/1066/1507 3551/1065/1067
f 3549/1066/1507 3551/1065/1067 3552/1065/1067
f 3548/1067/1506 3547/1067/1505 3553/1069/1508
f 3548/1067/1506 3553/1069/1508 3554/1069/1509
f 3555/1068/1510 3556/1068/1510 3550/1066/1507
f 3555/1068/1510 3550/1066/1507 3549/1066/1507
f 3554/1069/1509 3553/1069/1508 3557/1071/1511
f 3554/1069/1509 3557/1071/1511 3558/1071/1512
f 3559/1070/1513 3560/1070/1513 3556/1068/1510
f 3559/1070/1513 3556/1068/1510 3555/1068/1510
f 3558/1071/1512 3557/1071/1511 3561/1073/1514
f 3558/1071/1512 3561/1073/1514 3562/1073/1515
f 3563/1072/1516 3564/1072/1516 3560/1070/1513
f 3563/1072/1516 3560/1070/1513 3559/1070/1513
f 3562/1073/1515 3561/1073/1514 3565/1075/1517
f 3562/1073/1515 3565/1075/1517 3566/1075/1518
f 3567/1074/1519 3568/1074/1519 3564/1072/1516
f 3567/1074/1519 3564/1072/1516 3563/1072/1516
f 3566/1075/1518 3565/1075/1517 3569/1077/1520
f 3566/1075/1518 3569/1077/1520 3570/1077/1521
f 3571/1076/1522 3572/1076/1522 3568/1074/1519
f 3571/1076/1522 3568/1074/1519 3567/1074/1519
f 3570/1077/1521 3569/1077/1520 3573/1079/1523
f 3570/1077/1521 3573/1079/1523 3574/1079/1524
f 3575/1078/1525 3576/1078/1525 3572/1076/1522
f 3575/1078/1525 3572/1076/1522 3571/1076/1522
f 3574/1079/1524 3573/1079/1523 3577/1081/1526
f 3574/1079/1524 3577/1081/1526 3578/1081/1527
f 3579/1080/1528 3580/1080/1528 3576/1078/1525
f 3579/1080/1528 3576/1078/1525 3575/1078/1525
f 3578/1081/1527 3577/1081/1526 3581/1083/1529
f 3578/1081/1527 3581/1083/1529 3582/1083/1530
f 3583/1082/1531 3584/1082/1531 3580/1080/1528
f 3583/1082/1531 3580/1080/1528 3579/1080/1528
f 3582/1083/1530 3581/1083/1529 3585/1085/1532
f 3582/1083/1530 3585/1085/1532 3586/1085/1533
f 3587/1084/1534 3588/1084/1534 3584/1082/1531
f 3587/1084/1534 3584/1082/1531 3583/1082/1531
f 3586/1085/1533 3585/1085/1532 3589/1087/1535
f 3586/1085/1533 3589/1087/1535 3590/1087/1536
f 3591/1086/1537 3592/1086/1537 3588/1084/1534
f 3591/1086/1537 3588/1084/1534 3587/1084/1534
f 3590/1087/1536 3589/1087/1535 3593/1089/1538
f 3590/1087/1536 3593/1089/1538 3594/1089/1539
f 3595/1088/1540 3596/1088/1540 3592/1086/1537
f 3595/1088/1540 3592/1086/1537 3591/1086/1537
f 3594/1089/1539 3593/1089/1538 3597/1091/1541
f 3594/1089/1539 3597/1091/1541 3598/1091/1542
f 3599/1090/1543 3600/1090/1543 3596/1088/1540
f 3599/1090/1543 3596/1088/1540 3595/1088/1540
f 3598/1091/1542 3597/1091/1541 3601/1093/1544
f 3598/1091/1542 3601/1093/1544 3602/1093/1545
f 3603/1092/1093 3604/1092/1093 3600/1090/1543
f 3603/1092/1093 3600/1090/1543 3599/1090/1543
f 3602/1093/1545 3601/1093/1544 3605/1095/1546
f 3602/1093/1545 3605/1095/1546 3606/1095/1547
f 3607/1094/1092 3608/1094/1092 3604/1092/1093
f 3607/1094/1092 3604/1092/1093 3603/1092/1093
f 3606/1095/1547 3605/1095/1546 3609/1097/1548
f 3606/1095/1547 3609/1097/1548 3610/1097/1549
f 3611/1096/1091 3612/1096/1091 3608/1094/1092
f 3611/1096/1091 3608/1094/1092 3607/1094/1092
f 3610/1097/1549 3609/1097/1548 3613/1099/1550
f 3610/1097/1549 3613/1099/1550 3614/1099/1551
f 3615/1098/1552 3616/1098/1552 3612/1096/1091
f 3615/1098/1552 3612/1096/1091 3611/1096/1091
f 3614/1099/1551 3613/1099/1550 3617/1101/1553
f 3614/1099/1551 3617/1101/1553 3618/1101/1554
f 3619/1100/1555 3620/1100/1555 3616/1098/1552
f 3619/1100/1555 3616/1098/1552 3615/1098/1552
f 3618/1101/1554 3617/1101/1553 3621/1103/1556
f 3618/1101/1554 3621/1103/1556 3622/1103/1557
f 3623/1102/1558 3624/1102/1558 3620/1100/1555
f 3623/1102/1558 3620/1100/1555 3619/1100/1555
f 3622/1103/1557 3621/1103/1556 3625/1105/1559
f 3622/1103/1557 3625/1105/1559 3626/1105/1560
f 3627/1104/1561 3628/1104/1561 3624/1102/1558
f 3627/1104/1561 3624/1102/1558 3623/1102/1558
f 3626/1105/1560 3625/1105/1559 3629/1107/1562
f 3626/1105/1560 3629/1107/1562 3630/1107/1563
f 3631/1106/1564 3632/1106/1564 3628/1104/1561
f 3631/1106/1564 3628/1104/1561 3627/1104/1561
f 3630/1107/1563 3629/1107/1562 3633/1109/1565
f 3630/1107/1563 3633/1109/1565 3634/1109/1566
f 3635/1108/1085 3636/1108/1085 3632/1106/1564
f 3635/1108/1085 3632/1106/1564 3631/1106/1564
f 3634/1109/1566 3633/1109/1565 3637/1111/1567
f 3634/1109/1566 3637/1111/1567 3638/1111/1568
f 3639/1110/1084 3640/1110/1084 3636/1108/1085
f 3639/1110/1084 3636/1108/1085 3635/1108/1085
f 3638/1111/1568 3637/1111/1567 3641/1113/1569
f 3638/1111/1568 3641/1113/1569 3642/1113/1570
f 3643/1112/1571 3644/1112/1571 3640/1110/1084
f 3643/1112/1571 3640/1110/1084 3639/1110/1084
f 3642/1113/1570 3641/1113/1569 3645/1115/1572
f 3642/1113/1570 3645/1115/1572 3646/1115/1573
f 3647/1114/1574 3648/1114/1574 3644/1112/1571
f 3647/1114/1574 3644/1112/1571 3643/1112/1571
f 3646/1115/1573 3645/1115/1572 3649/1117/1575
f 3646/1115/1573 3649/1117/1575 3650/1117/1576
f 3651/1116/1577 3652/1116/1577 3648/1114/1574
f 3651/1116/1577 3648/1114/1574 3647/1114/1574
f 3650/1117/1576 3649/1117/1575 3653/1119/1578
f 3650/1117/1576 3653/1119/1578 3654/1119/1579
f 3655/1118/1080 3656/1118/1080 3652/1116/1577
f 3655/1118/1080 3652/1116/1577 3651/1116/1577
f 3654/1119/1579 3653/1119/1578 3657/1121/1580
f 3654/1119/1579 3657/1121/1580 3658/1121/1581
f 3659/1120/1582 3660/1120/1582 3656/1118/1080
f 3659/1120/1582 3656/1118/1080 3655/1118/1080
f 3658/1121/1581 3657/1121/1580 3661/1123/1583
f 3658/1121/1581 3661/1123/1583 3662/1123/1584
f 3663/1122/1585 3664/1122/1585 3660/1120/1582
f 3663/1122/1585 3660/1120/1582 3659/1120/1582
f 3662/1123/1584 3661/1123/1583 3665/1125/1586
f 3662/1123/1584 3665/1125/1586 3666/1125/1587
f 3667/1124/1588 3668/1124/1588 3664/1122/1585
f 3667/1124/1588 3664/1122/1585 3663/1122/1585
f 3666/1125/1587 3665/1125/1586 3669/1127/1589
f 3666/1125/1587 3669/1127/1589 3670/1127/1590
f 3671/1126/1591 3672/1126/1591 3668/1124/1588
f 3671/1126/1591 3668/1124/1588 3667/1124/1588
f 3670/1127/1590 3669/1127/1589 3673/1129/1592
f 3670/1127/1590 3673/1129/1592 3674/1129/1593
f 3675/1128/1594 3676/1128/1594 3672/1126/1591
f 3675/1128/1594 3672/1126/1591 3671/1126/1591
f 3674/1129/1593 3673/1129/1592 3677/1131/1595
f 3674/1129/1593 3677/1131/1595 3678/1131/1596
f 3679/1130/1597 3680/1130/1597 3676/1128/1594
f 3679/1130/1597 3676/1128/1594 3675/1128/1594
f 3678/1131/1596 3677/1131/1595 3681/1133/1598
f 3678/1131/1596 3681/1133/1598 3682/1133/1599
f 3683/1132/1600 3684/1132/1600 3680/1130/1597
f 3683/1132/1600 3680/1130/1597 3679/1130/1597
f 3682/1133/1599 3681/1133/1598 3685/1135/1601
f 3682/1133/1599 3685/1135/1601 3686/1135/1602
f 3687/1134/1603 3688/1134/1603 3684/1132/1600
f 3687/1134/1603 3684/1132/1600 3683/1132/1600
f 3686/1135/1602 3685/1135/1601 3689/1137/1604
f 3686/1135/1602 3689/1137/1604 3690/1137/1605
f 3691/1136/1606 3692/1136/1606 3688/1134/1603
f 3691/1136/1606 3688/1134/1603 3687/1134/1603
f 3690/1137/1605 3689/1137/1604 3693/1139/1607
f 3690/1137/1605 3693/1139/1607 3694/1139/1608
f 3695/1138/1609 3696/1138/1609 3692/1136/1606
f 3695/1138/1609 3692/1136/1606 3691/1136/1606
f 3694/1139/1608 3693/1139/1607 3697/1141/1610
f 3694/1139/1608 3697/1141/1610 3698/1141/1611
f 3699/1140/1612 3700/1140/1612 3696/1138/1609
f 3699/1140/1612 3696/1138/1609 3695/1138/1609
f 3698/1141/1611 3697/1141/1610 3701/1143/1613
f 3698/1141/1611 3701/1143/1613 3702/1143/1614
f 3703/1142/1068 3704/1142/1068 3700/1140/1612
f 3703/1142/1068 3700/1140/1612 3699/1140/1612
f 3702/1143/1614 3701/1143/1613 3546/1064/1504
f 3702/1143/1614 3546/1064/1504 3545/1064/1503
f 3552/1065/1067 3551/1065/1067 3704/1142/1068
f 3552/1065/1067 3704/1142/1068 3703/1142/1068
s 0
f 3705/618/43 3706/619/43 3707/619/43
f 3705/618/43 3707/619/43 3708/618/43
f 3706/619/43 3709/622/43 3710/622/43
f 3706/619/43 3710/622/43 3707/619/43
f 3709/622/43 3711/624/43 3712/624/43
f 3709/622/43 3712/624/43 3710/622/43
f 3711/624/43 3713/626/43 3714/626/43
f 3711/624/43 3714/626/43 3712/624/43
f 3713/626/43 3715/628/43 3716/628/43
f 3713/626/43 3716/628/43 3714/626/43
f 3715/628/43 3717/630/43 3718/630/43
f 3715/628/43 3718/630/43 3716/628/43
f 3717/630/43 3719/632/43 3720/632/43
f 3717/630/43 3720/632/43 3718/630/43
f 3719/632/43 3721/634/43 3722/634/43
f 3719/632/43 3722/634/43 3720/632/43
f 3721/634/43 3723/636/43 3724/636/43
f 3721/634/43 3724/636/43 3722/634/43
f 3723/636/43 3725/638/43 3726/638/43
f 3723/636/43 3726/638/43 3724/636/43
f 3725/638/43 3727/640/43 3728/640/43
f 3725/638/43 3728/640/43 3726/638/43
f 3727/640/43 3729/642/43 3730/642/43
f 3727/640/43 3730/642/43 3728/640/43
f 3729/642/43 3731/644/43 3732/644/43
f 3729/642/43 3732/644/43 3730/642/43
f 3731/644/43 3733/646/43 3734/646/43
f 3731/644/43 3734/646/43 3732/644/43
f 3733/646/43 3735/648/43 3736/648/43
f 3733/646/43 3736/648/43 3734/646/43
f 3735/648/43 3737/650/43 3738/650/43
f 3735/648/43 3738/650/43 3736/648/43
f 3737/650/43 3739/652/43 3740/652/43
f 3737/650/43 3740/652/43 3738/650/43
f 3739/652/43 3741/654/43 3742/654/43
f 3739/652/43 3742/654/43 3740/652/43
f 3741/654/43 3743/656/43 3744/656/43
f 3741/654/43 3744/656/43 3742/654/43
f 3743/656/43 3745/658/43 3746/658/43
f 3743/656/43 3746/658/43 3744/656/43
f 3745/658/43 3747/660/43 3748/660/43
f 3745/658/43 3748/660/43 3746/658/43
f 3747/660/43 3749/662/43 3750/662/43
f 3747/660/43 3750/662/43 3748/660/43
f 3749/662/43 3751/664/43 3752/664/43
f 3749/662/43 3752/664/43 3750/662/43
f 3751/664/43 3753/666/43 3754/666/43
f 3751/664/43 3754/666/43 3752/664/43
f 3753/666/43 3755/668/43 3756/668/43
f 3753/666/43 3756/668/43 3754/666/43
f 3755/668/43 3757/670/43 3758/670/43
f 3755/668/43 3758/670/43 3756/668/43
f 3757/670/43 3759/672/43 3760/672/43
f 3757/670/43 3760/672/43 3758/670/43
f 3759/672/43 3761/674/43 3762/674/43
f 3759/672/43 3762/674/43 3760/672/43
f 3761/674/43 3763/676/43 3764/676/43
f 3761/674/43 3764/676/43 3762/674/43
f 3763/676/43 3765/678/43 3766/678/43
f 3763/676/43 3766/678/43 3764/676/43
f 3765/678/43 3767/680/43 3768/680/43
f 3765/678/43 3768/680/43 3766/678/43
f 3767/680/43 3769/682/43 3770/682/43
f 3767/680/43 3770/682/43 3768/680/43
f 3769/682/43 3771/684/43 3772/684/43
f 3769/682/43 3772/684/43 3770/682/43
f 3771/684/43 3773/686/43 3774/686/43
f 3771/684/43 3774/686/43 3772/684/43
f 3773/686/43 3775/688/43 3776/688/43
f 3773/686/43 3776/688/43 3774/686/43
f 3775/688/43 3777/690/43 3778/690/43
f 3775/688/43 3778/690/43 3776/688/43
f 3777/690/43 3779/692/43 3780/692/43
f 3777/690/43 3780/692/43 3778/690/43
f 3779/692/43 3781/694/43 3782/694/43
f 3779/692/43 3782/694/43 3780/692/43
f 3781/694/43 3783/696/43 3784/696/43
f 3781/694/43 3784/696/43 3782/694/43
f 3783/696/43 3785/698/43 3786/698/43
f 3783/696/43 3786/698/43 3784/696/43
f 3787/780/1615 3788/781/1615 3789/781/1615
f 3787/780/1615 3789/781/1615 3790/780/1615
f 3791/782/1616 3792/783/1616 3793/783/1616
f 3791/782/1616 3793/783/1616 3794/782/1616
f 3795/781/1617 3796/784/1617 3797/784/1617
f 3795/781/1617 3797/784/1617 3798/781/1617
f 3799/785/1618 3800/782/1618 3801/782/1618
f 3799/785/1618 3801/782/1618 3802/785/1618
f 3803/784/1619 3804/786/1619 3805/786/1619
f 3803/784/1619 3805/786/1619 3806/784/1619
f 3807/787/1620 3808/785/1620 3809/785/1620
f 3807/787/1620 3809/785/1620 3810/787/1620
f 3811/786/1621 3812/788/1621 3813/788/1621
f 3811/786/1621 3813/788/1621 3814/786/1621
f 3815/789/1622 3816/787/1622 3817/787/1622
f 3815/789/1623 3817/787/1623 3818/789/1623
f 3819/788/1624 3820/790/1624 3821/790/1624
f 3819/788/1625 3821/790/1625 3822/788/1625
s 1
f 3823/791/1626 3824/789/1626 3825/789/1626
s 0
f 3823/791/1627 3825/789/1627 3826/791/1627
f 3827/790/1628 3828/792/1628 3829/792/1628
f 3827/790/1628 3829/792/1628 3830/790/1628
f 3831/793/1629 3832/791/1629 3833/791/1629
f 3831/793/1629 3833/791/1629 3834/793/1629
f 3835/792/1630 3836/794/1630 3837/794/1630
f 3835/792/1630 3837/794/1630 3838/792/1630
f 3839/795/1631 3840/793/1631 3841/793/1631
f 3839/795/1631 3841/793/1631 3842/795/1631
f 3843/794/1632 3844/796/1632 3845/796/1632
f 3843/794/1632 3845/796/1632 3846/794/1632
f 3847/797/1633 3848/795/1633 3849/795/1633
f 3847/797/1633 3849/795/1633 3850/797/1633
f 3851/796/1634 3852/798/1634 3853/798/1634
f 3851/796/1634 3853/798/1634 3854/796/1634
f 3855/799/1635 3856/797/1635 3857/797/1635
f 3855/799/1635 3857/797/1635 3858/799/1635
f 3859/798/1636 3860/800/1636 3861/800/1636
f 3859/798/1636 3861/800/1636 3862/798/1636
f 3863/801/1637 3864/799/1637 3865/799/1637
f 3863/801/1637 3865/799/1637 3866/801/1637
f 3867/800/1638 3868/802/1638 3869/802/1638
f 3867/800/1638 3869/802/1638 3870/800/1638
f 3871/803/1639 3872/801/1639 3873/801/1639
f 3871/803/1639 3873/801/1639 3874/803/1639
f 3875/802/1640 3876/804/1640 3877/804/1640
f 3875/802/1640 3877/804/1640 3878/802/1640
f 3879/805/1641 3880/803/1641 3881/803/1641
f 3879/805/1641 3881/803/1641 3882/805/1641
f 3883/804/1642 3884/806/1642 3885/806/1642
f 3883/804/1642 3885/806/1642 3886/804/1642
f 3887/807/1643 3888/805/1643 3889/805/1643
f 3887/807/1643 3889/805/1643 3890/807/1643
f 3891/806/1644 3892/808/1644 3893/808/1644
f 3891/806/1645 3893/808/1645 3894/806/1645
f 3895/809/1646 3896/807/1646 3897/807/1646
f 3895/809/1647 3897/807/1647 3898/809/1647
f 3899/808/1648 3900/810/1648 3901/810/1648
f 3899/808/1649 3901/810/1649 3902/808/1649
f 3903/811/1650 3904/809/1650 3905/809/1650
s 1
f 3903/811/1650 3905/809/1650 3906/811/1650
f 3907/810/1651 3908/812/1651 3909/812/1651
s 0
f 3907/810/1651 3909/812/1651 3910/810/1651
f 3911/813/1652 3912/811/1652 3913/811/1652
f 3911/813/1652 3913/811/1652 3914/813/1652
f 3915/812/1653 3916/814/1653 3917/814/1653
f 3915/812/1653 3917/814/1653 3918/812/1653
f 3919/815/1654 3920/813/1654 3921/813/1654
f 3919/815/1654 3921/813/1654 3922/815/1654
f 3923/814/1655 3924/816/1655 3925/816/1655
f 3923/814/1655 3925/816/1655 3926/814/1655
f 3927/817/1656 3928/815/1656 3929/815/1656
f 3927/817/1657 3929/815/1657 3930/817/1657
f 3931/816/1658 3932/818/1658 3933/818/1658
f 3931/816/1658 3933/818/1658 3934/816/1658
f 3935/819/1659 3936/817/1659 3937/817/1659
f 3935/819/1659 3937/817/1659 3938/819/1659
f 3939/818/1660 3940/820/1660 3941/820/1660
f 3939/818/1660 3941/820/1660 3942/818/1660
f 3943/821/1661 3944/819/1661 3945/819/1661
f 3943/821/1661 3945/819/1661 3946/821/1661
f 3947/820/1616 3948/822/1616 3949/822/1616
f 3947/820/1616 3949/822/1616 3950/820/1616
f 3951/823/1615 3952/821/1615 3953/821/1615
f 3951/823/1615 3953/821/1615 3954/823/1615
f 3955/822/1618 3956/824/1618 3957/824/1618
f 3955/822/1618 3957/824/1618 3958/822/1618
f 3959/825/1617 3960/823/1617 3961/823/1617
f 3959/825/1617 3961/823/1617 3962/825/1617
f 3963/824/1620 3964/826/1620 3965/826/1620
f 3963/824/1620 3965/826/1620 3966/824/1620
f 3967/827/1619 3968/825/1619 3969/825/1619
f 3967/827/1619 3969/825/1619 3970/827/1619
f 3971/826/1622 3972/828/1622 3973/828/1622
f 3971/826/1623 3973/828/1623 3974/826/1623
f 3975/829/1621 3976/827/1621 3977/827/1621
f 3975/829/1621 3977/827/1621 3978/829/1621
f 3979/828/1626 3980/830/1626 3981/830/1626
f 3979/828/1627 3981/830/1627 3982/828/1627
f 3983/831/1624 3984/829/1624 3985/829/1624
f 3983/831/1625 3985/829/1625 3986/831/1625
s 1
f 3987/830/1629 3988/832/1629 3989/832/1629
s 0
f 3987/830/1629 3989/832/1629 3990/830/1629
f 3991/833/1628 3992/831/1628 3993/831/1628
s 1
f 3991/833/1628 3993/831/1628 3994/833/1628
s 0
f 3995/832/1631 3996/834/1631 3997/834/1631
f 3995/832/1631 3997/834/1631 3998/832/1631
f 3999/835/1630 4000/833/1630 4001/833/1630
f 3999/835/1630 4001/833/1630 4002/835/1630
f 4003/834/1633 4004/836/1633 4005/836/1633
f 4003/834/1633 4005/836/1633 4006/834/1633
f 4007/837/1632 4008/835/1632 4009/835/1632
f 4007/837/1632 4009/835/1632 4010/837/1632
f 4011/836/1635 4012/838/1635 4013/838/1635
f 4011/836/1635 4013/838/1635 4014/836/1635
f 4015/839/1634 4016/837/1634 4017/837/1634
f 4015/839/1634 4017/837/1634 4018/839/1634
f 4019/838/1637 4020/840/1637 4021/840/1637
f 4019/838/1637 4021/840/1637 4022/838/1637
f 4023/841/1636 4024/839/1636 4025/839/1636
f 4023/841/1636 4025/839/1636 4026/841/1636
f 4027/840/1639 4028/842/1639 4029/842/1639
f 4027/840/1639 4029/842/1639 4030/840/1639
f 4031/843/1638 4032/841/1638 4033/841/1638
f 4031/843/1638 4033/841/1638 4034/843/1638
f 4035/842/1641 4036/844/1641 4037/844/1641
f 4035/842/1641 4037/844/1641 4038/842/1641
f 4039/845/1640 4040/843/1640 4041/843/1640
f 4039/845/1640 4041/843/1640 4042/845/1640
f 4043/844/1643 4044/846/1643 4045/846/1643
f 4043/844/1643 4045/846/1643 4046/844/1643
f 4047/847/1642 4048/845/1642 4049/845/1642
f 4047/847/1642 4049/845/1642 4050/847/1642
f 4051/846/1646 4052/848/1646 4053/848/1646
f 4051/846/1646 4053/848/1646 4054/846/1646
f 4055/849/1644 4056/847/1644 4057/847/1644
f 4055/849/1645 4057/847/1645 4058/849/1645
f 4059/848/1650 4060/850/1650 4061/850/1650
f 4059/848/1650 4061/850/1650 4062/848/1650
f 4063/851/1648 4064/849/1648 4065/849/1648
f 4063/851/1648 4065/849/1648 4066/851/1648
f 4067/850/1652 4068/852/1652 4069/852/1652
f 4067/850/1652 4069/852/1652 4070/850/1652
s 1
f 4071/853/1651 4072/851/1651 4073/851/1651
s 0
f 4071/853/1651 4073/851/1651 4074/853/1651
f 4075/852/1654 4076/854/1654 4077/854/1654
f 4075/852/1654 4077/854/1654 4078/852/1654
f 4079/855/1653 4080/853/1653 4081/853/1653
f 4079/855/1653 4081/853/1653 4082/855/1653
f 4083/854/1657 4084/856/1657 4085/856/1657
f 4083/854/1657 4085/856/1657 4086/854/1657
f 4087/857/1655 4088/855/1655 4089/855/1655
f 4087/857/1655 4089/855/1655 4090/857/1655
f 4091/856/1659 4092/858/1659 4093/858/1659
f 4091/856/1659 4093/858/1659 4094/856/1659
f 4095/859/1658 4096/857/1658 4097/857/1658
f 4095/859/1658 4097/857/1658 4098/859/1658
f 4099/858/1661 4100/780/1661 4101/780/1661
f 4099/858/1661 4101/780/1661 4102/858/1661
f 4103/783/1660 4104/859/1660 4105/859/1660
f 4103/783/1660 4105/859/1660 4106/783/1660
f 4107/861/1615 4108/860/1615 4109/860/1615
f 4107/861/1615 4109/860/1615 4110/861/1615
f 4111/2/1616 4112/1/1616 4113/1/1616
f 4111/2/1616 4113/1/1616 4114/2/1616
f 4115/860/1617 4116/862/1617 4117/862/1617
f 4115/860/1617 4117/862/1617 4118/860/1617
f 4119/4/1618 4120/2/1618 4121/2/1618
f 4119/4/1618 4121/2/1618 4122/4/1618
f 4123/862/1619 4124/863/1619 4125/863/1619
f 4123/862/1619 4125/863/1619 4126/862/1619
f 4127/5/1620 4128/4/1620 4129/4/1620
f 4127/5/1620 4129/4/1620 4130/5/1620
f 4131/863/1662 4132/864/1662 4133/864/1662
f 4131/863/1621 4133/864/1621 4134/863/1621
f 4135/6/1622 4136/5/1622 4137/5/1622
f 4135/6/1622 4137/5/1622 4138/6/1622
f 4139/864/1624 4140/865/1624 4141/865/1624
f 4139/864/1625 4141/865/1625 4142/864/1625
f 4143/7/1627 4144/6/1627 4145/6/1627
f 4143/7/1626 4145/6/1626 4146/7/1626
f 4147/865/1628 4148/866/1628 4149/866/1628
f 4147/865/1628 4149/866/1628 4150/865/1628
f 4151/8/1629 4152/7/1629 4153/7/1629
f 4151/8/1629 4153/7/1629 4154/8/1629
f 4155/866/1630 4156/867/1630 4157/867/1630
f 4155/866/1630 4157/867/1630 4158/866/1630
f 4159/9/1631 4160/8/1631 4161/8/1631
f 4159/9/1631 4161/8/1631 4162/9/1631
f 4163/867/1632 4164/868/1632 4165/868/1632
f 4163/867/1632 4165/868/1632 4166/867/1632
f 4167/10/1633 4168/9/1633 4169/9/1633
f 4167/10/1633 4169/9/1633 4170/10/1633
f 4171/868/1634 4172/869/1634 4173/869/1634
f 4171/868/1634 4173/869/1634 4174/868/1634
f 4175/11/1635 4176/10/1635 4177/10/1635
f 4175/11/1635 4177/10/1635 4178/11/1635
f 4179/869/1636 4180/870/1636 4181/870/1636
f 4179/869/1636 4181/870/1636 4182/869/1636
f 4183/12/1637 4184/11/1637 4185/11/1637
f 4183/12/1637 4185/11/1637 4186/12/1637
f 4187/870/1638 4188/871/1638 4189/871/1638
f 4187/870/1638 4189/871/1638 4190/870/1638
f 4191/13/1639 4192/12/1639 4193/12/1639
f 4191/13/1639 4193/12/1639 4194/13/1639
f 4195/871/1640 4196/872/1640 4197/872/1640
f 4195/871/1640 4197/872/1640 4198/871/1640
f 4199/14/1641 4200/13/1641 4201/13/1641
f 4199/14/1641 4201/13/1641 4202/14/1641
f 4203/872/1642 4204/873/1642 4205/873/1642
f 4203/872/1642 4205/873/1642 4206/872/1642
f 4207/15/1643 4208/14/1643 4209/14/1643
s 1
f 4207/15/1643 4209/14/1643 4210/15/1643
s 0
f 4211/873/1645 4212/874/1645 4213/874/1645
f 4211/873/1644 4213/874/1644 4214/873/1644
f 4215/16/1646 4216/15/1646 4217/15/1646
f 4215/16/1646 4217/15/1646 4218/16/1646
f 4219/874/1649 4220/875/1649 4221/875/1649
f 4219/874/1648 4221/875/1648 4222/874/1648
f 4223/17/1663 4224/16/1663 4225/16/1663
f 4223/17/1650 4225/16/1650 4226/17/1650
f 4227/875/1651 4228/876/1651 4229/876/1651
f 4227/875/1651 4229/876/1651 4230/875/1651
f 4231/18/1652 4232/17/1652 4233/17/1652
f 4231/18/1652 4233/17/1652 4234/18/1652
f 4235/876/1653 4236/877/1653 4237/877/1653
f 4235/876/1653 4237/877/1653 4238/876/1653
f 4239/19/1654 4240/18/1654 4241/18/1654
f 4239/19/1654 4241/18/1654 4242/19/1654
f 4243/877/1655 4244/878/1655 4245/878/1655
f 4243/877/1655 4245/878/1655 4246/877/1655
f 4247/20/1657 4248/19/1657 4249/19/1657
f 4247/20/1657 4249/19/1657 4250/20/1657
f 4251/878/1658 4252/879/1658 4253/879/1658
f 4251/878/1658 4253/879/1658 4254/878/1658
s 1
f 4255/21/1659 4256/20/1659 4257/20/1659
s 0
f 4255/21/1659 4257/20/1659 4258/21/1659
f 4259/879/1660 4260/880/1660 4261/880/1660
f 4259/879/1660 4261/880/1660 4262/879/1660
f 4263/22/1661 4264/21/1661 4265/21/1661
s 1
f 4263/22/1661 4265/21/1661 4266/22/1661
s 0
f 4267/880/1616 4268/881/1616 4269/881/1616
f 4267/880/1616 4269/881/1616 4270/880/1616
f 4271/23/1615 4272/22/1615 4273/22/1615
f 4271/23/1615 4273/22/1615 4274/23/1615
f 4275/881/1618 4276/882/1618 4277/882/1618
f 4275/881/1618 4277/882/1618 4278/881/1618
f 4279/24/1617 4280/23/1617 4281/23/1617
f 4279/24/1617 4281/23/1617 4282/24/1617
f 4283/882/1620 4284/883/1620 4285/883/1620
f 4283/882/1620 4285/883/1620 4286/882/1620
f 4287/25/1619 4288/24/1619 4289/24/1619
f 4287/25/1619 4289/24/1619 4290/25/1619
f 4291/883/1622 4292/884/1622 4293/884/1622
f 4291/883/1622 4293/884/1622 4294/883/1622
f 4295/26/1621 4296/25/1621 4297/25/1621
f 4295/26/1621 4297/25/1621 4298/26/1621
f 4299/884/1626 4300/885/1626 4301/885/1626
f 4299/884/1627 4301/885/1627 4302/884/1627
f 4303/27/1625 4304/26/1625 4305/26/1625
f 4303/27/1624 4305/26/1624 4306/27/1624
f 4307/885/1629 4308/886/1629 4309/886/1629
f 4307/885/1629 4309/886/1629 4310/885/1629
f 4311/28/1628 4312/27/1628 4313/27/1628
f 4311/28/1628 4313/27/1628 4314/28/1628
f 4315/886/1631 4316/887/1631 4317/887/1631
f 4315/886/1631 4317/887/1631 4318/886/1631
f 4319/29/1630 4320/28/1630 4321/28/1630
f 4319/29/1630 4321/28/1630 4322/29/1630
f 4323/887/1633 4324/888/1633 4325/888/1633
f 4323/887/1633 4325/888/1633 4326/887/1633
f 4327/30/1664 4328/29/1664 4329/29/1664
f 4327/30/1632 4329/29/1632 4330/30/1632
f 4331/888/1635 4332/889/1635 4333/889/1635
f 4331/888/1635 4333/889/1635 4334/888/1635
f 4335/31/1634 4336/30/1634 4337/30/1634
f 4335/31/1634 4337/30/1634 4338/31/1634
f 4339/889/1637 4340/890/1637 4341/890/1637
f 4339/889/1637 4341/890/1637 4342/889/1637
f 4343/32/1636 4344/31/1636 4345/31/1636
f 4343/32/1636 4345/31/1636 4346/32/1636
f 4347/890/1639 4348/891/1639 4349/891/1639
f 4347/890/1639 4349/891/1639 4350/890/1639
f 4351/33/1638 4352/32/1638 4353/32/1638
f 4351/33/1638 4353/32/1638 4354/33/1638
f 4355/891/1641 4356/892/1641 4357/892/1641
f 4355/891/1641 4357/892/1641 4358/891/1641
f 4359/34/1640 4360/33/1640 4361/33/1640
f 4359/34/1640 4361/33/1640 4362/34/1640
f 4363/892/1643 4364/893/1643 4365/893/1643
f 4363/892/1643 4365/893/1643 4366/892/1643
f 4367/35/1642 4368/34/1642 4369/34/1642
f 4367/35/1642 4369/34/1642 4370/35/1642
f 4371/893/1647 4372/894/1647 4373/894/1647
f 4371/893/1646 4373/894/1646 4374/893/1646
f 4375/36/1645 4376/35/1645 4377/35/1645
f 4375/36/1645 4377/35/1645 4378/36/1645
f 4379/894/1663 4380/895/1663 4381/895/1663
f 4379/894/1650 4381/895/1650 4382/894/1650
f 4383/37/1648 4384/36/1648 4385/36/1648
f 4383/37/1648 4385/36/1648 4386/37/1648
f 4387/895/1652 4388/896/1652 4389/896/1652
f 4387/895/1652 4389/896/1652 4390/895/1652
f 4391/38/1651 4392/37/1651 4393/37/1651
f 4391/38/1651 4393/37/1651 4394/38/1651
f 4395/896/1654 4396/897/1654 4397/897/1654
f 4395/896/1654 4397/897/1654 4398/896/1654
f 4399/39/1653 4400/38/1653 4401/38/1653
f 4399/39/1653 4401/38/1653 4402/39/1653
f 4403/897/1657 4404/898/1657 4405/898/1657
f 4403/897/1657 4405/898/1657 4406/897/1657
f 4407/40/1655 4408/39/1655 4409/39/1655
f 4407/40/1655 4409/39/1655 4410/40/1655
f 4411/898/1659 4412/899/1659 4413/899/1659
f 4411/898/1659 4413/899/1659 4414/898/1659
f 4415/41/1658 4416/40/1658 4417/40/1658
f 4415/41/1658 4417/40/1658 4418/41/1658
f 4419/899/1661 4420/861/1661 4421/861/1661
f 4419/899/1661 4421/861/1661 4422/899/1661
f 4423/1/1660 4424/41/1660 4425/41/1660
f 4423/1/1660 4425/41/1660 4426/1/1660
f 4459/406/43 4457/404/43 4458/405/43
f 4457/404/43 4459/406/43 4460/407/43
f 4457/404/43 4460/407/43 4456/403/43
f 4456/403/43 4460/407/43 4461/408/43
f 4456/403/43 4461/408/43 4455/402/43
f 4455/402/43 4461/408/43 4454/401/43
f 4454/401/43 4461/408/43 4462/409/43
f 4454/401/43 4462/409/43 4453/400/43
f 4453/400/43 4462/409/43 4463/410/43
f 4453/400/43 4463/410/43 4464/411/43
f 4453/400/43 4464/411/43 4452/399/43
f 4452/399/43 4464/411/43 4451/398/43
f 4451/398/43 4464/411/43 4465/412/43
f 4451/398/43 4465/412/43 4450/397/43
f 4450/397/43 4465/412/43 4466/413/43
f 4450/397/43 4466/413/43 4449/396/43
f 4449/396/43 4466/413/43 4427/374/43
f 4449/396/43 4427/374/43 4428/375/43
f 4449/396/43 4428/375/43 4448/395/43
f 4448/395/43 4428/375/43 4447/394/43
f 4447/394/43 4428/375/43 4429/376/43
f 4447/394/43 4429/376/43 4446/393/43
f 4446/393/43 4429/376/43 4430/377/43
f 4446/393/43 4430/377/43 4445/392/43
f 4445/392/43 4430/377/43 4431/378/43
f 4445/392/43 4431/378/43 4444/391/43
f 4444/391/43 4431/378/43 4432/379/43
f 4444/391/43 4432/379/43 4443/390/43
f 4443/390/43 4432/379/43 4433/380/43
f 4443/390/43 4433/380/43 4442/389/43
f 4442/389/43 4433/380/43 4434/381/43
f 4442/389/43 4434/381/43 4441/388/43
f 4441/388/43 4434/381/43 4435/382/43
f 4441/388/43 4435/382/43 4440/387/43
f 4440/387/43 4435/382/43 4436/383/43
f 4440/387/43 4436/383/43 4437/384/43
f 4440/387/43 4437/384/43 4439/386/43
f 4439/386/43 4437/384/43 4438/385/43
f 4477/608/3 4475/610/3 4476/609/3
f 4475/610/3 4477/608/3 4478/607/3
f 4475/610/3 4478/607/3 4474/611/3
f 4474/611/3 4478/607/3 4479/606/3
f 4474/611/3 4479/606/3 4473/612/3
f 4473/612/3 4479/606/3 4480/605/3
f 4473/612/3 4480/605/3 4472/613/3
f 4472/613/3 4480/605/3 4481/604/3
f 4472/613/3 4481/604/3 4471/614/3
f 4471/614/3 4481/604/3 4482/603/3
f 4471/614/3 4482/603/3 4470/615/3
f 4470/615/3 4482/603/3 4483/602/3
f 4470/615/3 4483/602/3 4469/616/3
f 4469/616/3 4483/602/3 4484/601/3
f 4469/616/3 4484/601/3 4468/617/3
f 4468/617/3 4484/601/3 4485/600/3
f 4468/617/3 4485/600/3 4467/578/3
f 4467/578/3 4485/600/3 4486/599/3
f 4467/578/3 4486/599/3 4506/579/3
f 4506/579/3 4486/599/3 4487/598/3
f 4506/579/3 4487/598/3 4505/580/3
f 4505/580/3 4487/598/3 4488/597/3
f 4505/580/3 4488/597/3 4504/581/3
f 4504/581/3 4488/597/3 4489/596/3
f 4504/581/3 4489/596/3 4503/582/3
f 4503/582/3 4489/596/3 4490/595/3
f 4503/582/3 4490/595/3 4502/583/3
f 4502/583/3 4490/595/3 4491/594/3
f 4502/583/3 4491/594/3 4501/584/3
f 4501/584/3 4491/594/3 4492/593/3
f 4501/584/3 4492/593/3 4500/585/3
f 4500/585/3 4492/593/3 4493/592/3
f 4500/585/3 4493/592/3 4499/586/3
f 4499/586/3 4493/592/3 4494/591/3
f 4499/586/3 4494/591/3 4498/587/3
f 4498/587/3 4494/591/3 4495/590/3
f 4498/587/3 4495/590/3 4497/588/3
f 4497/588/3 4495/590/3 4496/589/3
