# Blender 5.1.0
# www.blender.org
mtllib Car_B.mtl
o Object005_Material_#107_0
v 0.489293 -0.443147 1.166106
v 0.488910 -0.465084 1.117208
v 0.572883 -0.470803 1.102958
v 0.573701 -0.446563 1.150897
v 0.128983 -0.463010 1.139633
v 0.144622 -0.443147 1.185630
v -0.047853 -0.443147 1.183972
v -0.199195 -0.443147 1.175640
v -0.279142 -0.459787 1.142520
v -0.266557 -0.443147 1.169591
v 0.767688 -0.501881 1.003479
v 0.829797 -0.455792 1.063564
v 0.749560 -0.458150 1.094334
v 0.721910 -0.490756 1.041870
v 0.658705 -0.481054 1.075587
v 0.660729 -0.450940 1.127399
v -0.324813 -0.443139 1.162882
v -0.324552 -0.458404 1.153640
v -0.279142 -0.459787 1.142520
v -0.324813 -0.443139 1.162882
v 1.663260 -0.489875 0.661150
v 1.624462 -0.481231 0.643740
v 1.599280 -0.484108 0.666472
v 1.570069 -0.487997 0.685310
v 1.659418 -0.495430 0.681110
v 1.511972 -0.496215 0.709493
v 1.656520 -0.500841 0.695876
v 1.511972 -0.496215 0.709493
v 1.515079 -0.511999 0.724479
v 1.652105 -0.511747 0.715250
v 1.652105 -0.511747 0.715250
v 1.517681 -0.535869 0.740966
v 1.649095 -0.527781 0.727226
v 1.423849 -0.506758 0.732090
v 0.343648 -0.443147 1.177454
v 0.344094 -0.462633 1.128606
v -0.360604 -0.443195 1.157566
v 0.829797 -0.455792 1.063564
v 0.876797 -0.474773 0.996676
v 0.893204 -0.419028 1.047374
v 0.913038 -0.451235 0.993053
v 1.649390 -0.478560 0.596863
v 1.675990 -0.484846 0.604143
v 1.686497 -0.483262 0.559541
v 1.666440 -0.476750 0.558289
v 1.693273 -0.482633 0.530571
v 1.676351 -0.476575 0.518797
v 1.354362 -0.515333 0.744649
v 1.378345 -0.543967 0.757605
v 1.066214 -0.537891 0.780723
v 1.222584 -0.525284 0.763576
v 1.143499 -0.501570 0.780324
v 1.066214 -0.537891 0.780723
v 1.066166 -0.553147 0.790060
v 1.222249 -0.548748 0.774440
v 1.222584 -0.525284 0.763576
v 1.689168 -0.477367 0.437994
v 1.723099 -0.482889 0.397263
v 1.692535 -0.477509 0.397243
v 1.730432 -0.500944 0.521312
v 1.759914 -0.500944 0.397737
v 0.910159 -0.556253 0.798977
v 0.910159 -0.556253 0.798977
v 0.969196 -0.538959 0.795427
v 1.017751 -0.512487 0.795848
v 0.767688 -0.501881 1.003479
v 0.749577 -0.553101 0.803714
v 0.910159 -0.556253 0.798977
v 0.876797 -0.474773 0.996676
v 0.910159 -0.556253 0.798977
v 0.969196 -0.538959 0.795427
v 1.017751 -0.512487 0.795848
v 1.038811 -0.480456 0.829080
v 1.038811 -0.480456 0.829080
v 1.064552 -0.465642 0.803921
v 1.017751 -0.512487 0.795848
v -0.279142 -0.459787 1.142520
v -0.379183 -0.455641 1.107779
v -0.400261 -0.462805 1.076353
v -0.616875 -0.499143 0.829610
v -0.594479 -0.474379 0.889231
v -0.637115 -0.484781 0.839279
v -0.558026 -0.476690 0.917502
v -0.324552 -0.458404 1.153640
v -0.360604 -0.443195 1.157566
v -0.397281 -0.420390 1.143415
v -0.384068 -0.445089 1.131163
v -0.752212 -0.504871 0.823106
v -0.616875 -0.499143 0.829610
v -0.637115 -0.484781 0.839279
v -1.485194 -0.557589 0.326578
v -1.485957 -0.581518 0.453034
v -1.544235 -0.568846 0.451442
v -1.691254 -0.580875 0.637874
v -1.691186 -0.564594 0.609727
v -1.686046 -0.571774 0.606421
v -0.746220 -0.604830 0.765994
v -0.745784 -0.623459 0.726311
v -0.618910 -0.622683 0.727255
v -0.617004 -0.605013 0.766424
v -0.746567 -0.573335 0.797487
v -0.746220 -0.604830 0.765994
v -0.617004 -0.605013 0.766424
v -0.614697 -0.574057 0.798203
v -0.746567 -0.573335 0.797487
v -0.746789 -0.533649 0.817707
v -0.746567 -0.573335 0.797487
v -0.614697 -0.574057 0.798203
v -0.615259 -0.534026 0.818330
v -0.940153 -0.600848 0.760968
v -0.939731 -0.620369 0.722657
v -0.940487 -0.570442 0.791373
v -0.940153 -0.600848 0.760968
v -0.940702 -0.532128 0.810893
v -0.940487 -0.570442 0.791373
v -0.940520 -0.470926 0.814770
v -1.136829 -0.614256 0.718503
v -1.136681 -0.616550 0.675602
v -0.909679 -0.627298 0.676090
v -1.137230 -0.595648 0.755023
v -1.137549 -0.566663 0.784005
v -1.137230 -0.595648 0.755023
v -1.137754 -0.530142 0.802613
v -1.137549 -0.566663 0.784005
v -1.137677 -0.489427 0.809138
v -1.325284 -0.608774 0.714649
v -1.324517 -0.610487 0.674051
v -1.325668 -0.590984 0.749562
v -1.325987 -0.563275 0.778571
v -1.325987 -0.563275 0.778571
v -1.326168 -0.528360 0.795058
v -1.325987 -0.563275 0.778571
v -1.326236 -0.489656 0.801188
v -1.326220 -0.450994 0.795209
v -1.136794 -0.437983 0.800457
v -1.488074 -0.600392 0.710136
v -1.488015 -0.602081 0.672508
v -1.488431 -0.583854 0.742592
v -1.488714 -0.558095 0.768349
v -1.488431 -0.583854 0.742592
v -1.325668 -0.590984 0.749562
v -1.488714 -0.558095 0.768349
v -1.488896 -0.525637 0.784887
v -1.488714 -0.558095 0.768349
v -1.488958 -0.489656 0.790585
v -1.488896 -0.453676 0.784887
v -1.488637 -0.421221 0.774585
v -1.324953 -0.406610 0.780959
v -1.611718 -0.590437 0.704453
v -1.610977 -0.592886 0.670729
v -1.612043 -0.575385 0.733992
v -1.612300 -0.551942 0.757433
v -1.612043 -0.575385 0.733992
v -1.612466 -0.522402 0.772484
v -1.612300 -0.551942 0.757433
v -1.612523 -0.489656 0.777670
v -1.612466 -0.456910 0.772484
v -1.612332 -0.427370 0.760311
v -1.612349 -0.404035 0.750322
v -1.489641 -0.379587 0.756441
v -1.691912 -0.581018 0.698842
v -1.691359 -0.585670 0.668645
v -1.692205 -0.567438 0.725493
v -1.692438 -0.546287 0.746643
v -1.692205 -0.567438 0.725493
v -1.692587 -0.519635 0.760222
v -1.692438 -0.546287 0.746643
v -1.692638 -0.490091 0.764901
v -1.692587 -0.460547 0.760222
v -1.692438 -0.433895 0.746643
v -1.691964 -0.412540 0.725313
v -1.692438 -0.433895 0.746643
v -1.612332 -0.427370 0.760311
v -1.691964 -0.412540 0.725313
v -1.639175 -0.395438 0.737213
v -1.639175 -0.395438 0.737213
v -1.673925 -0.387833 0.710753
v -1.631878 -0.354637 0.725733
v -1.609964 -0.359015 0.732810
v -1.653709 -0.350281 0.714349
v -1.697101 -0.339796 0.626412
v -1.690069 -0.383694 0.639541
v -1.689054 -0.384921 0.684174
v -1.688128 -0.342442 0.672677
v -1.691619 -0.395667 0.676126
v -1.691861 -0.400722 0.701259
v -1.691731 -0.422423 0.602875
v -1.684572 -0.418610 0.598596
v -1.682867 -0.453512 0.575536
v -1.691500 -0.454224 0.581866
v -1.690549 -0.407511 0.623654
v -1.691254 -0.580875 0.637874
v -1.667793 -0.583816 0.630310
v -1.609276 -0.584697 0.565753
v -0.620280 -0.626960 0.673592
v -1.635985 -0.453512 0.450450
v -1.636069 -0.384166 0.458047
v -1.601389 -0.384166 0.373914
v -1.601389 -0.453511 0.373914
v -1.487411 -0.591263 0.585241
v -1.584311 -0.552089 0.450050
v -1.543427 -0.537866 0.374636
v -1.648828 -0.571040 0.565942
v -1.682867 -0.453512 0.575536
v -1.680847 -0.453512 0.563166
v -1.677649 -0.491156 0.558338
v -1.681749 -0.490728 0.569618
v -1.681749 -0.490728 0.569618
v -1.691114 -0.490985 0.574906
v -1.691500 -0.454224 0.581866
v -1.682867 -0.453512 0.575536
v -1.690899 -0.531033 0.583557
v -1.682464 -0.536091 0.577064
v -1.682464 -0.536091 0.577064
v -1.674366 -0.535622 0.565661
v -1.680871 -0.384166 0.565285
v -1.686046 -0.571774 0.606421
v -1.550634 -0.369498 0.746145
v -1.691861 -0.400722 0.701259
v -1.689054 -0.384921 0.684174
v -1.690549 -0.407511 0.623654
v -1.690012 -0.400492 0.645208
v -1.691186 -0.564594 0.609727
v -1.690899 -0.531033 0.583557
v -1.682464 -0.536091 0.577064
v -1.674366 -0.535622 0.565661
v -1.618021 -0.523847 0.449679
v -1.584311 -0.552089 0.450050
v -1.584311 -0.552089 0.450050
v -1.648828 -0.571040 0.565942
v -1.674366 -0.535622 0.565661
v -1.618021 -0.523847 0.449679
v -1.579496 -0.510025 0.374239
v -1.543427 -0.537866 0.374636
v -1.543427 -0.537866 0.374636
v -1.618021 -0.523847 0.449679
v -1.618021 -0.523847 0.449679
v -1.579496 -0.510025 0.374239
v -1.675165 -0.571438 0.594752
v -1.675165 -0.571438 0.594752
v -1.686046 -0.571774 0.606421
v -1.672363 -0.346185 0.698832
v -1.673925 -0.387833 0.710753
v -1.684572 -0.418610 0.598596
v -1.683338 -0.408928 0.587105
v -1.673925 -0.387833 0.710753
v -1.672363 -0.346185 0.698832
v -1.680871 -0.343163 0.565285
v -1.636069 -0.343023 0.458047
v -1.601389 -0.343023 0.373914
v -0.485128 -0.535679 0.820146
v -0.485635 -0.511496 0.829679
v 0.115064 -0.546141 0.816359
v 0.032867 -0.543716 0.821039
v 0.032818 -0.564118 0.812381
v 0.115069 -0.564966 0.807341
v 0.115563 -0.610457 0.762429
v 0.115988 -0.624537 0.723699
v -0.618576 -0.628644 0.519894
v -0.617025 -0.624539 0.381562
v 0.119678 -0.624666 0.388145
v 0.118147 -0.628815 0.527429
v -0.615925 -0.615263 0.273649
v 0.121190 -0.615436 0.283238
v 0.120269 -0.620246 0.334481
v 0.117521 -0.627976 0.584324
v -0.619090 -0.627675 0.575955
v 0.116688 -0.626965 0.661792
v -0.289769 -0.473455 1.099948
v -0.261754 -0.471129 1.109921
v -0.311267 -0.475044 1.083375
v -0.509399 -0.496979 0.888544
v -0.514202 -0.499523 0.870301
v -0.508052 -0.504250 0.852531
v -0.485635 -0.511496 0.829679
v -0.485699 -0.507967 0.842770
v 0.032867 -0.543716 0.821039
v 0.032340 -0.540485 0.835993
v 0.128983 -0.463010 1.139633
v 0.062474 -0.473893 1.100145
v 0.079523 -0.475524 1.091994
v 0.089707 -0.480216 1.075770
v 0.091591 -0.485501 1.056119
v 0.115064 -0.546141 0.816359
v 0.078528 -0.530494 0.882194
v 0.071743 -0.536400 0.857400
v 0.059849 -0.540514 0.842718
v 0.115324 -0.590708 0.784122
v 0.032818 -0.564118 0.812381
v 0.115324 -0.590708 0.784122
v 0.032340 -0.540485 0.835993
v 0.032340 -0.526848 0.835993
v -0.485699 -0.494330 0.842770
v -0.485699 -0.507967 0.842770
v -0.508052 -0.490613 0.852531
v -0.508052 -0.504250 0.852531
v -0.508052 -0.504250 0.852531
v -0.508052 -0.490613 0.852531
v -0.514202 -0.487725 0.870301
v -0.514202 -0.499523 0.870301
v -0.509399 -0.485181 0.888544
v -0.509399 -0.496979 0.888544
v -0.509399 -0.496979 0.888544
v -0.509399 -0.485181 0.888544
v -0.311267 -0.463247 1.083375
v -0.311267 -0.475044 1.083375
v -0.289769 -0.473455 1.099948
v -0.289769 -0.461657 1.099948
v -0.261754 -0.459331 1.109921
v -0.261754 -0.471129 1.109921
v 0.062474 -0.462095 1.100145
v 0.062474 -0.473893 1.100145
v 0.059849 -0.540514 0.842718
v 0.071743 -0.536400 0.857400
v 0.071743 -0.524602 0.857400
v 0.059849 -0.526878 0.842718
v 0.078528 -0.530494 0.882194
v 0.078528 -0.518696 0.882194
v 0.091591 -0.485501 1.056119
v 0.091591 -0.473703 1.056119
v 0.089707 -0.480216 1.075770
v 0.089707 -0.468418 1.075770
v 0.079523 -0.475524 1.091994
v 0.079523 -0.463726 1.091994
v 0.079523 -0.475524 1.091994
v 0.079523 -0.463726 1.091994
v 0.059849 -0.526878 0.842718
v 0.059849 -0.540514 0.842718
v 0.721910 -0.490756 1.041870
v 0.689327 -0.499626 1.017713
v 0.707587 -0.505828 0.996973
v 0.658705 -0.481054 1.075587
v 0.647903 -0.493580 1.042034
v 0.171524 -0.486907 1.057122
v 0.698821 -0.546774 0.840423
v 0.686855 -0.549791 0.828617
v 0.749577 -0.553101 0.803714
v 0.671942 -0.551275 0.822616
v 0.198140 -0.546128 0.830232
v 0.175048 -0.544898 0.836550
v 0.162124 -0.540103 0.852859
v 0.157188 -0.534917 0.872492
v 0.176484 -0.481897 1.076505
v 0.185530 -0.478198 1.090688
v 0.199984 -0.476277 1.097821
v 0.565609 -0.484600 1.065818
v 0.572883 -0.470803 1.102958
v 0.488910 -0.465084 1.117208
v 0.483554 -0.479659 1.079434
v 0.337845 -0.476689 1.091880
v 0.344094 -0.462633 1.128606
v 0.720247 -0.514026 0.967486
v 0.767688 -0.501881 1.003479
v 0.305107 -0.630096 0.529241
v 0.268927 -0.630879 0.585980
v 0.394421 -0.626092 0.397383
v 0.515518 -0.619349 0.291526
v 0.237546 -0.634113 0.661916
v 0.750406 -0.605256 0.739225
v 0.750153 -0.587889 0.771392
v 0.749956 -0.567082 0.792302
v 0.749577 -0.553101 0.803714
v 0.750153 -0.587889 0.771392
v 0.749956 -0.567082 0.792302
v 0.115069 -0.564966 0.807341
v 0.267456 -0.641874 0.675297
v 0.263097 -0.635824 0.696295
v 0.564662 -0.631144 0.703221
v 0.564949 -0.638451 0.677059
v 0.750256 -0.624052 0.695502
v 0.750723 -0.632855 0.672075
v 0.237546 -0.634113 0.661916
v 0.263097 -0.635824 0.696295
v 0.261259 -0.627512 0.704275
v 0.564568 -0.620970 0.711787
v 0.261259 -0.627512 0.704275
v 0.263097 -0.635824 0.696295
v 0.564662 -0.631144 0.703221
v 0.750389 -0.614194 0.703888
v 0.750256 -0.624052 0.695502
v 0.278735 -0.640852 0.643534
v 0.565785 -0.640722 0.648668
v 0.751090 -0.636547 0.647398
v 0.582837 -0.645751 0.476960
v 0.752865 -0.640061 0.481153
v 0.752380 -0.641997 0.525171
v 0.574632 -0.647111 0.523733
v 0.751869 -0.641451 0.570558
v 0.569780 -0.646757 0.573720
v 0.357997 -0.642666 0.529331
v 0.321383 -0.642375 0.583966
v 0.667205 -0.640334 0.449288
v 0.650648 -0.639221 0.438182
v 0.752840 -0.638255 0.460122
v 0.640349 -0.638109 0.422778
v 0.597882 -0.623696 0.291517
v 0.415688 -0.637916 0.448059
v 0.564568 -0.620970 0.711787
v 0.750389 -0.614194 0.703888
v 0.115988 -0.624537 0.723699
v 0.278735 -0.640852 0.643534
v 0.237546 -0.634113 0.661916
v 0.268927 -0.630879 0.585980
v 0.321383 -0.642375 0.583966
v 0.305107 -0.630096 0.529241
v 0.357997 -0.642666 0.529331
v 0.394421 -0.626092 0.397383
v 0.415688 -0.637916 0.448059
v 0.515518 -0.619349 0.291526
v 0.749577 -0.553101 0.803714
v 0.767688 -0.501881 1.003479
v 0.720247 -0.514026 0.967486
v 0.720247 -0.514026 0.967486
v 0.698821 -0.546774 0.840423
v 0.749577 -0.553101 0.803714
v 0.157188 -0.521330 0.872492
v 0.157188 -0.534917 0.872492
v 0.162124 -0.540103 0.852859
v 0.162124 -0.526516 0.852859
v 0.175048 -0.544898 0.836550
v 0.175048 -0.531311 0.836550
v 0.175048 -0.531311 0.836550
v 0.175048 -0.544898 0.836550
v 0.198140 -0.546128 0.830232
v 0.198140 -0.532541 0.830232
v 0.671942 -0.551275 0.822616
v 0.671942 -0.537688 0.822616
v 0.176484 -0.468310 1.076505
v 0.176484 -0.481897 1.076505
v 0.171524 -0.486907 1.057122
v 0.171524 -0.473320 1.057122
v 0.647903 -0.493580 1.042034
v 0.565609 -0.484600 1.065818
v 0.565609 -0.471012 1.065818
v 0.647903 -0.479993 1.042034
v 0.483554 -0.479659 1.079434
v 0.483554 -0.466072 1.079434
v 0.337845 -0.476689 1.091880
v 0.337845 -0.463102 1.091880
v 0.199984 -0.476277 1.097821
v 0.199984 -0.462690 1.097821
v 0.185530 -0.478198 1.090688
v 0.185530 -0.464611 1.090688
v 0.185530 -0.478198 1.090688
v 0.185530 -0.464611 1.090688
v 0.689327 -0.486039 1.017713
v 0.689327 -0.499626 1.017713
v 0.689327 -0.486039 1.017713
v 0.707587 -0.492241 0.996973
v 0.707587 -0.505828 0.996973
v 0.689327 -0.499626 1.017713
v 0.720247 -0.500439 0.967486
v 0.720247 -0.514026 0.967486
v 0.698821 -0.533187 0.840423
v 0.698821 -0.546774 0.840423
v 0.698821 -0.533187 0.840423
v 0.686854 -0.536204 0.828617
v 0.686855 -0.549791 0.828617
v 0.698821 -0.546774 0.840423
v 0.910855 -0.603034 0.735791
v 0.911236 -0.613765 0.696494
v 1.066889 -0.596571 0.724262
v 1.067214 -0.608130 0.686722
v 1.222934 -0.591019 0.712164
v 1.223266 -0.599968 0.673071
v 1.379019 -0.582235 0.696466
v 1.380090 -0.590729 0.659365
v 1.518325 -0.572622 0.682399
v 1.518341 -0.579128 0.645749
v 0.910575 -0.591433 0.761308
v 1.066613 -0.588533 0.749380
v 1.222706 -0.582940 0.732969
v 1.378775 -0.575109 0.718720
v 1.518062 -0.565352 0.706303
v 1.657740 -0.558117 0.689897
v 1.222446 -0.568521 0.756565
v 1.066383 -0.573038 0.770346
v 1.378531 -0.562804 0.740931
v 1.517836 -0.554186 0.726883
v 1.652184 -0.544409 0.714290
v 0.749577 -0.553101 0.803714
v 0.749956 -0.567082 0.792302
v 0.910324 -0.572043 0.784048
v 1.066166 -0.553147 0.790060
v 1.066383 -0.573038 0.770346
v 1.222249 -0.548748 0.774440
v 1.222446 -0.568521 0.756565
v 1.378345 -0.543967 0.757605
v 1.378531 -0.562804 0.740931
v 1.517681 -0.535869 0.740966
v 1.517836 -0.554186 0.726883
v 1.649095 -0.527781 0.727226
v 1.652184 -0.544409 0.714290
v 1.384484 -0.587296 0.319613
v 1.521396 -0.575687 0.335730
v 1.520885 -0.585840 0.382260
v 1.383866 -0.601584 0.375850
v 1.695092 -0.569039 0.366549
v 1.694597 -0.569060 0.396948
v 0.914432 -0.640447 0.522634
v 0.913952 -0.639266 0.566321
v 1.069019 -0.633072 0.514579
v 1.068497 -0.631083 0.562078
v 1.225124 -0.619814 0.494717
v 1.224436 -0.621337 0.557233
v 1.382892 -0.608337 0.464435
v 1.381955 -0.607550 0.549643
v 0.913178 -0.635683 0.636677
v 1.067850 -0.628183 0.620883
v 1.223985 -0.617846 0.598214
v 1.381701 -0.606100 0.572766
v 1.519086 -0.591081 0.545808
v 0.912887 -0.632575 0.663156
v 1.067560 -0.624247 0.647229
v 1.223649 -0.616044 0.628817
v 1.381297 -0.605023 0.609454
v 1.518590 -0.590107 0.590943
v 1.692748 -0.572478 0.530575
v 1.683815 -0.571629 0.570503
v 0.911929 -0.624372 0.688986
v 1.067251 -0.618654 0.675312
v 1.223336 -0.610160 0.657321
v 1.380966 -0.599430 0.639552
v 1.518238 -0.585633 0.622962
v 1.674878 -0.570054 0.609381
v 0.911929 -0.624372 0.688986
v 0.911236 -0.613765 0.696494
v 1.067214 -0.608130 0.686722
v 1.067214 -0.608130 0.686722
v 1.223266 -0.599968 0.673071
v 1.380090 -0.590729 0.659365
v 1.518341 -0.579128 0.645749
v 1.669588 -0.568215 0.630572
v 1.743192 -0.527888 0.520125
v 1.738842 -0.546335 0.520360
v 1.767926 -0.544859 0.397824
v 1.774330 -0.527888 0.397895
v 1.738842 -0.546335 0.520360
v 1.731907 -0.554849 0.521327
v 1.755533 -0.554447 0.397688
v 1.755533 -0.554447 0.397688
v 1.767926 -0.544859 0.397824
v 1.738842 -0.546335 0.520360
v 0.752840 -0.638255 0.460122
v 0.757535 -0.646148 0.447731
v 0.915321 -0.641131 0.448406
v 0.915063 -0.636635 0.455853
v 1.070872 -0.631912 0.443078
v 1.070116 -0.627417 0.451076
v 1.126716 -0.624227 0.446755
v 1.126716 -0.628722 0.438255
v 1.169728 -0.624123 0.427221
v 1.176760 -0.619628 0.435304
v 1.210278 -0.614656 0.409140
v 1.203246 -0.619151 0.401057
v 1.222150 -0.612543 0.361528
v 1.231219 -0.608959 0.367590
v 0.757797 -0.644077 0.427932
v 0.757665 -0.639793 0.418678
v 0.915461 -0.634046 0.419602
v 0.916037 -0.638542 0.428504
v 1.070515 -0.624413 0.414825
v 1.071364 -0.628908 0.423730
v 1.125730 -0.624289 0.421029
v 1.124943 -0.619793 0.411166
v 1.154798 -0.617825 0.402910
v 1.160170 -0.622321 0.411865
v 1.191849 -0.617784 0.388965
v 1.183977 -0.613289 0.379983
v 1.198538 -0.608959 0.348292
v 1.207456 -0.613454 0.357285
v 0.757797 -0.644077 0.427932
v 0.916037 -0.638542 0.428504
v 0.915321 -0.641131 0.448406
v 0.757535 -0.646148 0.447731
v 1.071364 -0.628908 0.423730
v 1.070872 -0.631912 0.443078
v 1.125730 -0.624289 0.421029
v 1.160170 -0.622321 0.411865
v 1.169728 -0.624123 0.427221
v 1.126716 -0.628722 0.438255
v 1.191849 -0.617784 0.388965
v 1.207456 -0.613454 0.357285
v 1.222150 -0.612543 0.361528
v 1.203246 -0.619151 0.401057
v 0.915063 -0.636635 0.455853
v 1.070116 -0.627417 0.451076
v 1.126716 -0.624227 0.446755
v 1.176760 -0.619628 0.435304
v 1.210278 -0.614656 0.409140
v 1.231219 -0.608959 0.367590
v 1.234977 -0.597218 0.305116
v 1.210780 -0.594894 0.290545
v 1.210780 -0.594894 0.290545
v 1.226075 -0.596067 0.291396
v 1.226075 -0.596067 0.291396
v 1.234977 -0.597218 0.305116
v 0.910324 -0.572043 0.784048
v 0.749956 -0.567082 0.792302
v -0.620801 -0.615629 0.234879
v 0.122437 -0.615393 0.243414
v 0.629930 -0.636370 0.347813
v 0.597882 -0.623696 0.291517
v 0.618260 -0.623481 0.281836
v 0.696004 -0.643999 0.423080
v 0.698501 -0.639927 0.413499
v 0.609959 -0.615239 0.249012
v 0.617101 -0.622201 0.275285
v 0.617101 -0.622201 0.275285
v 0.609959 -0.615239 0.249012
v 0.637363 -0.618917 0.259103
v 0.644461 -0.614845 0.249572
v 0.683896 -0.638317 0.404210
v 0.679526 -0.643613 0.413518
v 0.669305 -0.643226 0.399659
v 0.675550 -0.636708 0.390623
v 0.618260 -0.623481 0.281836
v 0.641319 -0.622499 0.281885
v 0.650581 -0.630884 0.335224
v 0.629930 -0.636370 0.347813
v 0.641319 -0.622499 0.281885
v 0.650075 -0.619927 0.281904
v 0.657678 -0.626812 0.325693
v 0.650581 -0.630884 0.335224
v 0.650648 -0.639221 0.438182
v 0.659140 -0.647742 0.426901
v 0.674785 -0.648966 0.437235
v 0.667205 -0.640334 0.449288
v 0.679526 -0.643613 0.413518
v 0.696004 -0.643999 0.423080
v 0.674785 -0.648966 0.437235
v 0.659140 -0.647742 0.426901
v 0.640349 -0.638109 0.422778
v 0.649751 -0.646519 0.412270
v 0.649751 -0.646519 0.412270
v 0.669305 -0.643226 0.399659
v -1.450209 -0.568547 0.315315
v 1.695200 -0.559817 0.356699
v 1.521563 -0.566899 0.320629
v 1.384667 -0.578508 0.302958
v 1.235109 -0.590575 0.292256
v 1.235109 -0.590575 0.292256
v -0.360604 -0.443195 1.157566
v -0.384068 -0.445089 1.131163
v 1.669588 -0.568215 0.630572
v 1.731907 -0.554849 0.521327
v 1.734561 -0.563576 0.397427
v 1.755533 -0.554447 0.397688
v 1.730432 -0.500944 0.521312
v 1.743192 -0.527888 0.520125
v 1.774330 -0.527888 0.397895
v 1.759914 -0.500944 0.397737
v -0.786033 -0.610771 0.234633
v -0.620801 -0.615629 0.234879
v -0.614816 0.044140 0.235245
v 0.122437 -0.615393 0.243414
v -1.432907 -0.343895 0.309869
v -1.432612 0.044140 0.309544
v -0.788947 0.044140 0.234799
v -0.788672 -0.343458 0.234727
v 1.384667 0.044140 0.302958
v 1.384667 -0.578508 0.302958
v 1.234731 -0.339258 0.292218
v 1.234834 0.044140 0.292129
v 1.521563 -0.566899 0.320629
v 1.521567 -0.477486 0.320657
v 1.695199 -0.477509 0.356694
v 1.695200 -0.559817 0.356699
v 0.644415 -0.339832 0.249570
v 0.644414 0.044140 0.249570
v 0.648602 -0.339399 0.368022
v 0.653039 -0.621860 0.368071
v 0.644461 -0.614845 0.249572
v 0.644415 -0.339832 0.249570
v 1.234731 -0.339258 0.292218
v 1.235109 -0.590575 0.292256
v 1.203889 -0.594783 0.374128
v 1.203889 -0.339399 0.374128
v 1.234731 -0.339258 0.292218
v 1.203889 -0.339399 0.374128
v 0.644415 -0.339832 0.249570
v 1.128078 -0.339399 0.502165
v 1.128077 -0.601125 0.502165
v 0.998404 -0.599575 0.575142
v 0.998405 -0.339399 0.575142
v 1.128078 -0.339399 0.502165
v 1.128077 -0.601125 0.502165
v 1.128078 -0.339399 0.502165
v 0.998405 -0.339399 0.575142
v 0.849616 -0.607033 0.573506
v 0.849616 -0.339399 0.573506
v 0.721579 -0.614399 0.497695
v 0.721579 -0.339399 0.497695
v 0.721579 -0.339399 0.497695
v 0.721579 -0.614399 0.497695
v 0.721579 -0.339399 0.497695
v 0.648602 -0.339399 0.368022
v 0.849616 -0.339399 0.573506
v -0.786033 -0.610771 0.234633
v -1.484737 -0.344674 0.326428
v -1.484838 0.044140 0.326187
v -1.045498 -0.343588 0.568753
v -1.238487 -0.343588 0.566504
v -1.326981 -0.343588 0.543472
v -0.951557 -0.343588 0.540089
v -1.432684 -0.574029 0.309817
v -1.432907 -0.343895 0.309869
v -1.383441 -0.343588 0.483798
v -1.383441 -0.576659 0.483798
v -1.326981 -0.343588 0.543472
v -1.326981 -0.583930 0.543472
v -1.326981 -0.583930 0.543472
v -1.326981 -0.343588 0.543472
v -1.238487 -0.343588 0.566504
v -1.238487 -0.588983 0.566504
v -1.045499 -0.590157 0.568753
v -1.045498 -0.343588 0.568753
v -0.951557 -0.343588 0.540089
v -0.951557 -0.594597 0.540089
v -0.878207 -0.599261 0.428132
v -0.951557 -0.594597 0.540089
v -0.951557 -0.343588 0.540089
v -0.878207 -0.343588 0.428132
v -0.788672 -0.343458 0.234727
v -0.786033 -0.610771 0.234633
v -1.383441 -0.343588 0.483798
v -0.878207 -0.343588 0.428132
v -0.878207 -0.343588 0.428132
v -1.383441 -0.343588 0.483798
v -1.432907 -0.343895 0.309869
v -1.432907 -0.343895 0.309869
v -0.788672 -0.343458 0.234727
v -0.878207 -0.343588 0.428132
v -1.601389 -0.343023 0.373914
v -1.601103 0.044140 0.373185
v -1.543427 -0.537866 0.374636
v -1.579496 -0.510025 0.374239
v -1.601389 -0.453511 0.373914
v -1.601389 -0.453511 0.373914
v -1.485194 -0.557589 0.326578
v -1.543427 -0.537866 0.374636
v -1.485194 -0.557589 0.326578
v -1.601389 -0.453511 0.373914
v -1.601389 -0.384166 0.373914
v -1.450209 -0.568547 0.315315
v -1.432684 -0.574029 0.309817
v 0.653039 -0.621860 0.368071
v 0.657678 -0.626812 0.325693
v 0.650075 -0.619927 0.281904
v 1.198538 -0.608959 0.348292
v 1.203889 -0.594783 0.374128
v 1.235109 -0.590575 0.292256
v 1.235109 -0.590575 0.292256
v 1.210780 -0.594894 0.290545
v 1.198538 -0.608959 0.348292
v 1.183977 -0.613289 0.379983
v 1.070515 -0.624413 0.414825
v 0.998404 -0.599575 0.575142
v 1.128077 -0.601125 0.502165
v 1.124943 -0.619793 0.411166
v 1.154798 -0.617825 0.402910
v 1.203889 -0.594783 0.374128
v 1.154798 -0.617825 0.402910
v 0.915461 -0.634046 0.419602
v 0.757665 -0.639793 0.418678
v 0.721579 -0.614399 0.497695
v 0.849616 -0.607033 0.573506
v 0.698501 -0.639927 0.413499
v 0.653039 -0.621860 0.368071
v 0.721579 -0.614399 0.497695
v 0.698501 -0.639927 0.413499
v 0.653039 -0.621860 0.368071
v 0.698501 -0.639927 0.413499
v 0.683896 -0.638317 0.404210
v 0.653039 -0.621860 0.368071
v 0.683896 -0.638317 0.404210
v 0.675550 -0.636708 0.390623
v 0.675550 -0.636708 0.390623
v 1.235109 -0.590575 0.292256
v 1.226075 -0.596067 0.291396
v 1.210780 -0.594894 0.290545
v 1.757400 -0.167406 0.398291
v 1.695192 -0.257439 0.356679
v 1.695184 0.044140 0.356659
v 1.765220 0.044140 0.398643
v 1.695192 -0.257439 0.356679
v 1.521594 0.044140 0.320824
v 1.695184 0.044140 0.356659
v 1.744769 -0.308773 0.398216
v 1.735313 -0.374235 0.398049
v 1.695192 -0.257439 0.356679
v 1.735313 -0.374235 0.398049
v 1.695199 -0.477509 0.356694
v 1.717462 -0.431196 0.397852
v 1.692535 -0.477509 0.397243
v 1.692535 -0.477509 0.397243
v 1.723099 -0.482889 0.397263
v 1.695199 -0.477509 0.356694
v 1.759914 -0.500944 0.397737
v 1.759914 -0.500944 0.397737
v 1.774330 -0.527888 0.397895
v 1.695199 -0.477509 0.356694
v 1.695200 -0.559817 0.356699
v 1.767926 -0.544859 0.397824
v 1.767926 -0.544859 0.397824
v 1.755533 -0.554447 0.397688
v 1.695200 -0.559817 0.356699
v 1.734561 -0.563576 0.397427
v 1.695092 -0.569039 0.366549
v 1.695200 -0.559817 0.356699
v 1.755533 -0.554447 0.397688
v 1.734561 -0.563576 0.397427
v 1.694597 -0.569060 0.396948
v 1.695092 -0.569039 0.366549
v 0.116688 -0.626965 0.661792
v 0.261259 -0.627512 0.704275
v -0.800773 -0.612438 0.269205
v 0.637363 -0.618917 0.259103
v 0.644461 -0.614845 0.249572
v 0.644461 -0.614845 0.249572
v -1.382382 -0.602553 0.463821
v -1.378706 -0.595661 0.459702
v -1.367176 -0.598573 0.480390
v -1.371256 -0.605570 0.484058
v -1.334959 -0.610412 0.519072
v -1.354388 -0.608587 0.504295
v -1.349902 -0.601485 0.501078
v -1.331202 -0.603179 0.514628
v -1.059776 -0.614202 0.539924
v -1.008815 -0.616185 0.534270
v -1.008866 -0.623707 0.538884
v -1.059825 -0.621724 0.544360
v -0.938957 -0.626465 0.495360
v -0.959219 -0.625863 0.514863
v -0.962184 -0.618330 0.511291
v -0.941893 -0.618938 0.491190
v -0.923062 -0.619547 0.468126
v -0.887291 -0.619650 0.408957
v -0.886801 -0.627172 0.418413
v -0.886801 -0.627172 0.418413
v -0.920155 -0.627067 0.472895
v -0.923062 -0.619547 0.468126
v -1.395226 -0.594801 0.485924
v -1.394786 -0.601583 0.475000
v -1.383411 -0.604566 0.496031
v -1.383612 -0.597636 0.507339
v -1.366255 -0.600472 0.528753
v -1.366294 -0.607549 0.517062
v -1.345763 -0.609728 0.535406
v -1.346054 -0.602897 0.546973
v -1.060095 -0.621724 0.568889
v -1.004081 -0.623903 0.562869
v -1.004115 -0.615994 0.574727
v -1.059811 -0.614175 0.580447
v -0.928178 -0.619047 0.524851
v -0.948488 -0.618400 0.545692
v -0.948948 -0.626082 0.534687
v -0.928552 -0.626627 0.513960
v -0.909617 -0.627172 0.490271
v -0.876852 -0.627172 0.432504
v -0.873830 -0.620704 0.440563
v -0.873830 -0.620704 0.440563
v -0.909328 -0.619694 0.501046
v -0.909617 -0.627172 0.490271
v -1.394786 -0.601583 0.475000
v -1.382382 -0.602553 0.463821
v -1.371256 -0.605570 0.484058
v -1.383411 -0.604566 0.496031
v -1.345763 -0.609728 0.535406
v -1.366294 -0.607549 0.517062
v -1.354388 -0.608587 0.504295
v -1.334959 -0.610412 0.519072
v -1.059825 -0.621724 0.544360
v -1.008866 -0.623707 0.538884
v -1.004081 -0.623903 0.562869
v -1.060095 -0.621724 0.568889
v -0.928552 -0.626627 0.513960
v -0.948948 -0.626082 0.534687
v -0.959219 -0.625863 0.514863
v -0.938957 -0.626465 0.495360
v -0.920155 -0.627067 0.472895
v -0.886801 -0.627172 0.418413
v -0.876852 -0.627172 0.432504
v -0.909617 -0.627172 0.490271
v -1.236199 -0.608713 0.579068
v -1.236411 -0.616276 0.567644
v -1.236411 -0.616276 0.567644
v -1.236141 -0.616276 0.543115
v -1.236141 -0.616276 0.543115
v -1.236081 -0.608755 0.537679
v -1.279184 -0.607018 0.573992
v -1.278979 -0.614092 0.562558
v -1.278979 -0.614092 0.562558
v -1.273993 -0.614256 0.540343
v -1.273993 -0.614256 0.540343
v -1.272450 -0.606814 0.534789
v -0.975243 -0.617197 0.563293
v -0.975456 -0.624993 0.551862
v -0.975456 -0.624993 0.551862
v -0.982984 -0.624785 0.529957
v -0.982984 -0.624785 0.529957
v -0.984441 -0.617257 0.525865
v -0.823244 -0.614800 0.269257
v -0.886801 -0.627172 0.418413
v -0.887291 -0.619650 0.408957
v -0.887291 -0.619650 0.408957
v -0.826729 -0.611849 0.269265
v -0.823244 -0.614800 0.269257
v -0.805763 -0.614529 0.269217
v -0.823244 -0.614800 0.269257
v -0.808833 -0.611857 0.234973
v -0.790738 -0.611857 0.234705
v -0.800773 -0.612438 0.269205
v -0.876852 -0.627172 0.432504
v -0.805763 -0.614529 0.269217
v -0.800773 -0.612438 0.269205
v -1.236199 -0.608713 0.579068
v -1.059811 -0.614175 0.580447
v -1.279184 -0.607018 0.573992
v -0.873830 -0.620704 0.440563
v -1.450209 -0.568547 0.315315
v -1.446608 -0.581343 0.314210
v -1.435564 -0.581672 0.310605
v -1.446608 -0.581343 0.314210
v -1.435564 -0.581672 0.310605
v -1.432684 -0.574029 0.309817
v -1.378706 -0.595661 0.459702
v -1.382382 -0.602553 0.463821
v -1.395226 -0.594801 0.485924
v -1.383612 -0.597636 0.507339
v -1.346054 -0.602897 0.546973
v -1.322168 -0.605322 0.563085
v -1.004115 -0.615994 0.574727
v -0.975243 -0.617197 0.563293
v -0.948488 -0.618400 0.545692
v -0.909328 -0.619694 0.501046
v -0.928178 -0.619047 0.524851
v -1.432684 -0.574029 0.309817
v -1.383441 -0.576659 0.483798
v -1.378706 -0.595661 0.459702
v -1.367176 -0.598573 0.480390
v -1.326981 -0.583930 0.543472
v -1.272450 -0.606814 0.534789
v -1.308817 -0.604873 0.526070
v -1.059776 -0.614202 0.539924
v -1.236081 -0.608755 0.537679
v -1.238487 -0.588983 0.566504
v -1.045499 -0.590157 0.568753
v -1.008815 -0.616185 0.534270
v -0.951557 -0.594597 0.540089
v -0.941893 -0.618938 0.491190
v -0.962184 -0.618330 0.511291
v -0.826729 -0.611849 0.269265
v -0.887291 -0.619650 0.408957
v -0.878207 -0.599261 0.428132
v -0.878207 -0.599261 0.428132
v -0.786033 -0.610771 0.234633
v -0.826729 -0.611849 0.269265
v -1.383441 -0.576659 0.483798
v -1.326981 -0.583930 0.543472
v -1.349902 -0.601485 0.501078
v -1.331202 -0.603179 0.514628
v -1.349902 -0.601485 0.501078
v -0.951557 -0.594597 0.540089
v -0.878207 -0.599261 0.428132
v -0.923062 -0.619547 0.468126
v -0.887291 -0.619650 0.408957
v -1.045499 -0.590157 0.568753
v -0.951557 -0.594597 0.540089
v -1.008815 -0.616185 0.534270
v -0.984441 -0.617257 0.525865
v -1.008815 -0.616185 0.534270
v -0.790738 -0.611857 0.234705
v -0.808833 -0.611857 0.234973
v -0.812275 -0.609892 0.235479
v -0.786033 -0.610771 0.234633
v -1.435564 -0.581672 0.310605
v -1.446608 -0.581343 0.314210
v -0.812275 -0.609892 0.235479
v -0.808833 -0.611857 0.234973
v -0.790738 -0.611857 0.234705
v -0.786033 -0.610771 0.234633
v -0.812275 -0.609892 0.235479
v -1.334959 -0.610412 0.519072
v -1.331202 -0.603179 0.514628
v -1.308817 -0.604873 0.526070
v -1.308817 -0.604873 0.526070
v -1.311845 -0.612237 0.531740
v -1.321547 -0.611907 0.551642
v -1.322168 -0.605322 0.563085
v -1.311845 -0.612237 0.531740
v -1.321547 -0.611907 0.551642
v -1.383612 -0.597636 0.507339
v -1.383411 -0.604566 0.496031
v -1.366294 -0.607549 0.517062
v -1.366255 -0.600472 0.528753
v -1.366255 -0.600472 0.528753
v -1.308817 -0.604873 0.526070
v -1.311845 -0.612237 0.531740
v -0.962184 -0.618330 0.511291
v -0.959219 -0.625863 0.514863
v -0.920155 -0.627067 0.472895
v -0.928178 -0.619047 0.524851
v -0.928552 -0.626627 0.513960
v -1.367176 -0.598573 0.480390
v -0.941893 -0.618938 0.491190
v 1.235109 -0.590575 0.292256
v 0.609959 -0.615239 0.249012
v 0.644461 -0.614845 0.249572
v -1.623600 -0.552964 0.669227
v -1.624072 -0.549867 0.689325
v -1.624295 -0.540978 0.706770
v -1.624295 -0.540978 0.706770
v -1.624476 -0.527081 0.720665
v -1.624597 -0.509572 0.729586
v -1.623600 -0.552964 0.669227
v -1.624295 -0.540978 0.706770
v -1.624597 -0.509572 0.729586
v -1.624646 -0.490162 0.732660
v -1.624618 -0.470753 0.729586
v -1.624618 -0.470753 0.729586
v -1.624516 -0.453235 0.720661
v -1.624111 -0.439310 0.706753
v -1.624597 -0.509572 0.729586
v -1.624618 -0.470753 0.729586
v -1.624111 -0.439310 0.706753
v -1.624111 -0.439310 0.706753
v -1.624082 -0.431720 0.691303
v -1.623923 -0.428633 0.675959
v -1.623923 -0.428633 0.675959
v -1.622382 -0.432167 0.653321
v -1.622976 -0.436824 0.639017
v -1.624111 -0.439310 0.706753
v -1.623923 -0.428633 0.675959
v -1.622976 -0.436824 0.639017
v -1.624597 -0.509572 0.729586
v -1.624111 -0.439310 0.706753
v -1.622976 -0.436824 0.639017
v -1.623600 -0.552964 0.669227
v -1.624597 -0.509572 0.729586
v -1.622976 -0.436824 0.639017
v -1.622976 -0.436824 0.639017
v -1.624223 -0.445326 0.627165
v -1.624038 -0.466719 0.613032
v -1.624038 -0.466719 0.613032
v -1.623658 -0.490634 0.608505
v -1.623405 -0.517026 0.614207
v -1.622976 -0.436824 0.639017
v -1.624038 -0.466719 0.613032
v -1.623405 -0.517026 0.614207
v -1.623600 -0.552964 0.669227
v -1.622976 -0.436824 0.639017
v -1.623405 -0.517026 0.614207
v -1.623587 -0.549874 0.649401
v -1.623600 -0.552964 0.669227
v -1.623405 -0.517026 0.614207
v -1.623612 -0.539780 0.631949
v -1.623587 -0.549874 0.649401
v -1.623405 -0.517026 0.614207
v -1.691254 -0.580875 0.637874
v -1.623587 -0.549874 0.649401
v -1.623612 -0.539780 0.631949
v -1.623612 -0.539780 0.631949
v -1.691186 -0.564594 0.609727
v -1.691254 -0.580875 0.637874
v -1.691186 -0.564594 0.609727
v -1.623612 -0.539780 0.631949
v -1.623405 -0.517026 0.614207
v -1.623405 -0.517026 0.614207
v -1.690899 -0.531033 0.583557
v -1.691186 -0.564594 0.609727
v -1.690899 -0.531033 0.583557
v -1.623405 -0.517026 0.614207
v -1.623658 -0.490634 0.608505
v -1.623658 -0.490634 0.608505
v -1.691114 -0.490985 0.574906
v -1.690899 -0.531033 0.583557
v -1.691114 -0.490985 0.574906
v -1.623658 -0.490634 0.608505
v -1.624038 -0.466719 0.613032
v -1.624038 -0.466719 0.613032
v -1.691500 -0.454224 0.581866
v -1.691114 -0.490985 0.574906
v -1.691500 -0.454224 0.581866
v -1.624038 -0.466719 0.613032
v -1.624223 -0.445326 0.627165
v -1.624223 -0.445326 0.627165
v -1.691731 -0.422423 0.602875
v -1.691500 -0.454224 0.581866
v -1.691731 -0.422423 0.602875
v -1.624223 -0.445326 0.627165
v -1.622976 -0.436824 0.639017
v -1.622976 -0.436824 0.639017
v -1.690549 -0.407511 0.623654
v -1.691731 -0.422423 0.602875
v -1.690549 -0.407511 0.623654
v -1.622976 -0.436824 0.639017
v -1.622382 -0.432167 0.653321
v -1.622382 -0.432167 0.653321
v -1.690012 -0.400492 0.645208
v -1.690549 -0.407511 0.623654
v -1.690012 -0.400492 0.645208
v -1.622382 -0.432167 0.653321
v -1.623923 -0.428633 0.675959
v -1.623923 -0.428633 0.675959
v -1.691619 -0.395667 0.676126
v -1.690012 -0.400492 0.645208
v -1.691619 -0.395667 0.676126
v -1.623923 -0.428633 0.675959
v -1.624082 -0.431720 0.691303
v -1.624082 -0.431720 0.691303
v -1.691861 -0.400722 0.701259
v -1.691619 -0.395667 0.676126
v -1.691861 -0.400722 0.701259
v -1.624082 -0.431720 0.691303
v -1.624111 -0.439310 0.706753
v -1.624111 -0.439310 0.706753
v -1.691964 -0.412540 0.725313
v -1.691861 -0.400722 0.701259
v -1.691964 -0.412540 0.725313
v -1.624111 -0.439310 0.706753
v -1.624516 -0.453235 0.720661
v -1.624516 -0.453235 0.720661
v -1.692438 -0.433895 0.746643
v -1.691964 -0.412540 0.725313
v -1.692438 -0.433895 0.746643
v -1.624516 -0.453235 0.720661
v -1.624618 -0.470753 0.729586
v -1.624618 -0.470753 0.729586
v -1.692587 -0.460547 0.760222
v -1.692438 -0.433895 0.746643
v -1.692587 -0.460547 0.760222
v -1.624618 -0.470753 0.729586
v -1.624646 -0.490162 0.732660
v -1.624646 -0.490162 0.732660
v -1.692638 -0.490091 0.764901
v -1.692587 -0.460547 0.760222
v -1.692638 -0.490091 0.764901
v -1.624646 -0.490162 0.732660
v -1.624597 -0.509572 0.729586
v -1.624597 -0.509572 0.729586
v -1.692587 -0.519635 0.760222
v -1.692638 -0.490091 0.764901
v -1.692587 -0.519635 0.760222
v -1.624597 -0.509572 0.729586
v -1.624476 -0.527081 0.720665
v -1.624476 -0.527081 0.720665
v -1.692438 -0.546287 0.746643
v -1.692587 -0.519635 0.760222
v -1.692438 -0.546287 0.746643
v -1.624476 -0.527081 0.720665
v -1.624295 -0.540978 0.706770
v -1.624295 -0.540978 0.706770
v -1.692205 -0.567438 0.725493
v -1.692438 -0.546287 0.746643
v -1.692205 -0.567438 0.725493
v -1.624295 -0.540978 0.706770
v -1.624072 -0.549867 0.689325
v -1.624072 -0.549867 0.689325
v -1.691912 -0.581018 0.698842
v -1.692205 -0.567438 0.725493
v -1.691912 -0.581018 0.698842
v -1.624072 -0.549867 0.689325
v -1.623600 -0.552964 0.669227
v -1.623600 -0.552964 0.669227
v -1.691359 -0.585670 0.668645
v -1.691912 -0.581018 0.698842
v -1.691359 -0.585670 0.668645
v -1.623600 -0.552964 0.669227
v -1.623587 -0.549874 0.649401
v -1.623587 -0.549874 0.649401
v -1.691254 -0.580875 0.637874
v -1.691359 -0.585670 0.668645
v -1.482580 -0.314201 0.372926
v -1.613012 0.044140 0.602855
v -1.479475 0.044140 0.373887
v -1.502863 -0.313770 0.431957
v -1.547447 -0.313909 0.538676
v -1.558814 -0.307247 0.579534
v -1.558814 -0.307247 0.579534
v -1.575506 -0.239778 0.586120
v -1.593621 -0.140358 0.594282
v -1.502863 -0.313770 0.431957
v -1.558814 -0.307247 0.579534
v -1.593621 -0.140358 0.594282
v -1.593621 -0.140358 0.594282
v -1.609498 -0.023424 0.599864
v -1.613012 0.044140 0.602855
v -1.502863 -0.313770 0.431957
v -1.593621 -0.140358 0.594282
v -1.613012 0.044140 0.602855
v -1.502863 -0.313770 0.431957
v -1.613012 0.044140 0.602855
v -1.482580 -0.314201 0.372926
v -1.680871 -0.343163 0.565285
v -1.547447 -0.313909 0.538676
v -1.502863 -0.313770 0.431957
v -1.636069 -0.343023 0.458047
v -1.636069 -0.343023 0.458047
v -1.502863 -0.313770 0.431957
v -1.482580 -0.314201 0.372926
v -1.482580 -0.314201 0.372926
v -1.601389 -0.343023 0.373914
v -1.636069 -0.343023 0.458047
v -1.601389 -0.343023 0.373914
v -1.482580 -0.314201 0.372926
v -1.479475 0.044140 0.373887
v -1.479475 0.044140 0.373887
v -1.601103 0.044140 0.373185
v -1.601389 -0.343023 0.373914
v -1.762903 0.044140 0.653816
v -1.613012 0.044140 0.602855
v -1.609498 -0.023424 0.599864
v -1.609498 -0.023424 0.599864
v -1.756950 -0.025737 0.651848
v -1.762903 0.044140 0.653816
v -1.756950 -0.025737 0.651848
v -1.609498 -0.023424 0.599864
v -1.593621 -0.140358 0.594282
v -1.593621 -0.140358 0.594282
v -1.740903 -0.143856 0.646213
v -1.756950 -0.025737 0.651848
v -1.740903 -0.143856 0.646213
v -1.593621 -0.140358 0.594282
v -1.575506 -0.239778 0.586120
v -1.575506 -0.239778 0.586120
v -1.722605 -0.244408 0.637950
v -1.740903 -0.143856 0.646213
v -1.722605 -0.244408 0.637950
v -1.575506 -0.239778 0.586120
v -1.558814 -0.307247 0.579534
v -1.558814 -0.307247 0.579534
v -1.709260 -0.309740 0.630980
v -1.722605 -0.244408 0.637950
v -1.709260 -0.309740 0.630980
v -1.558814 -0.307247 0.579534
v -1.697101 -0.339796 0.626412
v -1.697101 -0.339796 0.626412
v -1.558814 -0.307247 0.579534
v -1.547447 -0.313909 0.538676
v -1.547447 -0.313909 0.538676
v -1.680871 -0.343163 0.565285
v -1.697101 -0.339796 0.626412
v 1.651548 -0.559908 0.491240
v 1.651810 -0.495060 0.491295
v 1.647829 -0.495670 0.519370
v 1.647829 -0.495670 0.519370
v 1.645215 -0.559099 0.530319
v 1.651548 -0.559908 0.491240
v 1.645215 -0.559099 0.530319
v 1.647829 -0.495670 0.519370
v 1.637423 -0.497240 0.563581
v 1.637423 -0.497240 0.563581
v 1.636362 -0.557540 0.568812
v 1.645215 -0.559099 0.530319
v 1.631199 -0.555766 0.589230
v 1.636362 -0.557540 0.568812
v 1.637423 -0.497240 0.563581
v 1.637423 -0.497240 0.563581
v 1.624981 -0.502145 0.619170
v 1.631199 -0.555766 0.589230
v 1.619871 -0.546100 0.646020
v 1.631199 -0.555766 0.589230
v 1.624981 -0.502145 0.619170
v 1.624981 -0.502145 0.619170
v 1.621475 -0.507273 0.637604
v 1.619871 -0.546100 0.646020
v 1.619871 -0.546100 0.646020
v 1.621475 -0.507273 0.637604
v 1.618901 -0.512186 0.651026
v 1.618901 -0.512186 0.651026
v 1.615301 -0.534608 0.666490
v 1.619871 -0.546100 0.646020
v 1.615220 -0.521365 0.667339
v 1.613970 -0.527573 0.671956
v 1.615301 -0.534608 0.666490
v 1.615301 -0.534608 0.666490
v 1.618901 -0.512186 0.651026
v 1.615220 -0.521365 0.667339
v 1.651548 -0.559908 0.491240
v 1.685559 -0.544548 0.482736
v 1.682471 -0.510248 0.482979
v 1.682471 -0.510248 0.482979
v 1.651810 -0.495060 0.491295
v 1.651548 -0.559908 0.491240
v 1.685559 -0.544548 0.482736
v 1.688736 -0.540589 0.481907
v 1.691427 -0.529229 0.481860
v 1.691427 -0.529229 0.481860
v 1.682471 -0.510248 0.482979
v 1.685559 -0.544548 0.482736
v 1.656520 -0.500841 0.695876
v 1.657102 -0.506862 0.693224
v 1.659826 -0.501714 0.679167
v 1.659826 -0.501714 0.679167
v 1.659418 -0.495430 0.681110
v 1.656520 -0.500841 0.695876
v 1.659418 -0.495430 0.681110
v 1.659826 -0.501714 0.679167
v 1.663489 -0.496384 0.660012
v 1.663489 -0.496384 0.660012
v 1.663260 -0.489875 0.661150
v 1.659418 -0.495430 0.681110
v 1.663260 -0.489875 0.661150
v 1.663489 -0.496384 0.660012
v 1.676068 -0.491420 0.603754
v 1.676068 -0.491420 0.603754
v 1.675990 -0.484846 0.604143
v 1.663260 -0.489875 0.661150
v 1.675990 -0.484846 0.604143
v 1.676068 -0.491420 0.603754
v 1.686525 -0.489844 0.559359
v 1.686497 -0.483262 0.559541
v 1.686497 -0.483262 0.559541
v 1.686525 -0.489844 0.559359
v 1.691824 -0.489227 0.530854
v 1.691824 -0.489227 0.530854
v 1.693273 -0.482633 0.530571
v 1.686497 -0.483262 0.559541
v 1.693273 -0.482633 0.530571
v 1.691824 -0.489227 0.530854
v 1.725543 -0.505888 0.522056
v 1.725543 -0.505888 0.522056
v 1.730432 -0.500944 0.521312
v 1.693273 -0.482633 0.530571
v 1.730432 -0.500944 0.521312
v 1.725543 -0.505888 0.522056
v 1.736293 -0.528628 0.520873
v 1.736293 -0.528628 0.520873
v 1.743192 -0.527888 0.520125
v 1.730432 -0.500944 0.521312
v 1.743192 -0.527888 0.520125
v 1.736293 -0.528628 0.520873
v 1.732820 -0.543335 0.521017
v 1.732820 -0.543335 0.521017
v 1.738842 -0.546335 0.520360
v 1.743192 -0.527888 0.520125
v 1.738842 -0.546335 0.520360
v 1.732820 -0.543335 0.521017
v 1.727870 -0.549443 0.521944
v 1.727870 -0.549443 0.521944
v 1.731907 -0.554849 0.521327
v 1.738842 -0.546335 0.520360
v 1.731907 -0.554849 0.521327
v 1.727870 -0.549443 0.521944
v 1.691432 -0.565876 0.530829
v 1.691432 -0.565876 0.530829
v 1.692748 -0.572478 0.530575
v 1.731907 -0.554849 0.521327
v 1.692748 -0.572478 0.530575
v 1.691432 -0.565876 0.530829
v 1.683873 -0.565047 0.570313
v 1.683873 -0.565047 0.570313
v 1.683815 -0.571629 0.570503
v 1.692748 -0.572478 0.530575
v 1.683815 -0.571629 0.570503
v 1.683873 -0.565047 0.570313
v 1.674982 -0.563481 0.608988
v 1.674982 -0.563481 0.608988
v 1.674878 -0.570054 0.609381
v 1.683815 -0.571629 0.570503
v 1.674878 -0.570054 0.609381
v 1.674982 -0.563481 0.608988
v 1.669759 -0.561676 0.629772
v 1.669759 -0.561676 0.629772
v 1.669588 -0.568215 0.630572
v 1.674878 -0.570054 0.609381
v 1.669588 -0.568215 0.630572
v 1.669759 -0.561676 0.629772
v 1.658188 -0.551806 0.687758
v 1.658188 -0.551806 0.687758
v 1.657740 -0.558117 0.689897
v 1.669588 -0.568215 0.630572
v 1.657740 -0.558117 0.689897
v 1.658188 -0.551806 0.687758
v 1.653151 -0.539267 0.710080
v 1.653151 -0.539267 0.710080
v 1.652184 -0.544409 0.714290
v 1.657740 -0.558117 0.689897
v 1.652184 -0.544409 0.714290
v 1.653151 -0.539267 0.710080
v 1.650995 -0.527703 0.719075
v 1.650995 -0.527703 0.719075
v 1.649095 -0.527781 0.727226
v 1.652184 -0.544409 0.714290
v 1.649095 -0.527781 0.727226
v 1.650995 -0.527703 0.719075
v 1.653077 -0.516856 0.710983
v 1.653077 -0.516856 0.710983
v 1.652105 -0.511747 0.715250
v 1.649095 -0.527781 0.727226
v 1.652105 -0.511747 0.715250
v 1.653077 -0.516856 0.710983
v 1.657102 -0.506862 0.693224
v 1.657102 -0.506862 0.693224
v 1.656520 -0.500841 0.695876
v 1.652105 -0.511747 0.715250
v 1.657102 -0.506862 0.693224
v 1.618901 -0.512186 0.651026
v 1.621475 -0.507273 0.637604
v 1.621475 -0.507273 0.637604
v 1.659826 -0.501714 0.679167
v 1.657102 -0.506862 0.693224
v 1.659826 -0.501714 0.679167
v 1.621475 -0.507273 0.637604
v 1.624981 -0.502145 0.619170
v 1.624981 -0.502145 0.619170
v 1.663489 -0.496384 0.660012
v 1.659826 -0.501714 0.679167
v 1.663489 -0.496384 0.660012
v 1.624981 -0.502145 0.619170
v 1.637423 -0.497240 0.563581
v 1.637423 -0.497240 0.563581
v 1.676068 -0.491420 0.603754
v 1.676068 -0.491420 0.603754
v 1.637423 -0.497240 0.563581
v 1.647829 -0.495670 0.519370
v 1.686525 -0.489844 0.559359
v 1.686525 -0.489844 0.559359
v 1.647829 -0.495670 0.519370
v 1.651810 -0.495060 0.491295
v 1.651810 -0.495060 0.491295
v 1.691824 -0.489227 0.530854
v 1.686525 -0.489844 0.559359
v 1.691824 -0.489227 0.530854
v 1.651810 -0.495060 0.491295
v 1.682471 -0.510248 0.482979
v 1.682471 -0.510248 0.482979
v 1.725543 -0.505888 0.522056
v 1.691824 -0.489227 0.530854
v 1.725543 -0.505888 0.522056
v 1.682471 -0.510248 0.482979
v 1.691427 -0.529229 0.481860
v 1.691427 -0.529229 0.481860
v 1.736293 -0.528628 0.520873
v 1.725543 -0.505888 0.522056
v 1.736293 -0.528628 0.520873
v 1.691427 -0.529229 0.481860
v 1.688736 -0.540589 0.481907
v 1.688736 -0.540589 0.481907
v 1.732820 -0.543335 0.521017
v 1.736293 -0.528628 0.520873
v 1.732820 -0.543335 0.521017
v 1.688736 -0.540589 0.481907
v 1.685559 -0.544548 0.482736
v 1.685559 -0.544548 0.482736
v 1.727870 -0.549443 0.521944
v 1.732820 -0.543335 0.521017
v 1.727870 -0.549443 0.521944
v 1.685559 -0.544548 0.482736
v 1.651548 -0.559908 0.491240
v 1.651548 -0.559908 0.491240
v 1.691432 -0.565876 0.530829
v 1.727870 -0.549443 0.521944
v 1.691432 -0.565876 0.530829
v 1.651548 -0.559908 0.491240
v 1.645215 -0.559099 0.530319
v 1.645215 -0.559099 0.530319
v 1.683873 -0.565047 0.570313
v 1.691432 -0.565876 0.530829
v 1.683873 -0.565047 0.570313
v 1.645215 -0.559099 0.530319
v 1.636362 -0.557540 0.568812
v 1.674982 -0.563481 0.608988
v 1.674982 -0.563481 0.608988
v 1.636362 -0.557540 0.568812
v 1.631199 -0.555766 0.589230
v 1.631199 -0.555766 0.589230
v 1.669759 -0.561676 0.629772
v 1.674982 -0.563481 0.608988
v 1.669759 -0.561676 0.629772
v 1.631199 -0.555766 0.589230
v 1.619871 -0.546100 0.646020
v 1.658188 -0.551806 0.687758
v 1.658188 -0.551806 0.687758
v 1.619871 -0.546100 0.646020
v 1.615301 -0.534608 0.666490
v 1.615301 -0.534608 0.666490
v 1.653151 -0.539267 0.710080
v 1.658188 -0.551806 0.687758
v 1.653151 -0.539267 0.710080
v 1.615301 -0.534608 0.666490
v 1.613970 -0.527573 0.671956
v 1.613970 -0.527573 0.671956
v 1.650995 -0.527703 0.719075
v 1.653151 -0.539267 0.710080
v 1.650995 -0.527703 0.719075
v 1.613970 -0.527573 0.671956
v 1.615220 -0.521365 0.667339
v 1.615220 -0.521365 0.667339
v 1.653077 -0.516856 0.710983
v 1.650995 -0.527703 0.719075
v 1.653077 -0.516856 0.710983
v 1.615220 -0.521365 0.667339
v 1.618901 -0.512186 0.651026
v 1.618901 -0.512186 0.651026
v 1.657102 -0.506862 0.693224
v 1.653077 -0.516856 0.710983
v 0.194441 -0.529597 0.338323
v 0.612807 -0.534742 0.330659
v 0.612917 0.044140 0.330710
v 0.612917 0.044140 0.330710
v 0.194374 0.044140 0.338325
v 0.194441 -0.529597 0.338323
v -0.594479 -0.474379 0.889231
v -0.514202 -0.487725 0.870301
v -0.508052 -0.490613 0.852531
v -0.508052 -0.490613 0.852531
v -0.634415 -0.461633 0.869954
v -0.594479 -0.474379 0.889231
v -0.558026 -0.476690 0.917502
v -0.509399 -0.485181 0.888544
v -0.514202 -0.487725 0.870301
v -0.514202 -0.487725 0.870301
v -0.594479 -0.474379 0.889231
v -0.558026 -0.476690 0.917502
v -0.400261 -0.462805 1.076353
v -0.311267 -0.463247 1.083375
v -0.509399 -0.485181 0.888544
v -0.509399 -0.485181 0.888544
v -0.558026 -0.476690 0.917502
v -0.400261 -0.462805 1.076353
v -0.261754 -0.459331 1.109921
v -0.261754 -0.189952 1.221693
v 0.062474 -0.190810 1.211917
v 0.062474 -0.190810 1.211917
v 0.062474 -0.462095 1.100145
v -0.261754 -0.459331 1.109921
v 0.199984 -0.462690 1.097821
v 0.199984 -0.190995 1.209592
v 0.337845 -0.191123 1.203652
v 0.337845 -0.191123 1.203652
v 0.337845 -0.463102 1.091880
v 0.199984 -0.462690 1.097821
v -0.634415 -0.461633 0.869954
v -0.508052 -0.490613 0.852531
v -0.485699 -0.494330 0.842770
v -0.485699 -0.494330 0.842770
v -0.672848 -0.421387 0.867659
v -0.634415 -0.461633 0.869954
v 0.059849 -0.526878 0.842718
v 0.071743 -0.524602 0.857400
v 0.162124 -0.526516 0.852859
v 0.162124 -0.526516 0.852859
v 0.175048 -0.531311 0.836550
v 0.059849 -0.526878 0.842718
v 0.071743 -0.524602 0.857400
v 0.078528 -0.518696 0.882194
v 0.157188 -0.521330 0.872492
v 0.157188 -0.521330 0.872492
v 0.162124 -0.526516 0.852859
v 0.071743 -0.524602 0.857400
v 0.091591 -0.473703 1.056119
v 0.171524 -0.473320 1.057122
v 0.157188 -0.521330 0.872492
v 0.157188 -0.521330 0.872492
v 0.078528 -0.518696 0.882194
v 0.091591 -0.473703 1.056119
v 0.089707 -0.468418 1.075770
v 0.176484 -0.468310 1.076505
v 0.171524 -0.473320 1.057122
v 0.171524 -0.473320 1.057122
v 0.091591 -0.473703 1.056119
v 0.089707 -0.468418 1.075770
v 0.089707 -0.468418 1.075770
v 0.079523 -0.463726 1.091994
v 0.185530 -0.464611 1.090688
v 0.185530 -0.464611 1.090688
v 0.176484 -0.468310 1.076505
v 0.089707 -0.468418 1.075770
v 0.079523 -0.463726 1.091994
v 0.062474 -0.462095 1.100145
v 0.199984 -0.462690 1.097821
v 0.199984 -0.462690 1.097821
v 0.185530 -0.464611 1.090688
v 0.079523 -0.463726 1.091994
v 0.059849 -0.526878 0.842718
v 0.175048 -0.531311 0.836550
v 0.198140 -0.532541 0.830232
v 0.198140 -0.532541 0.830232
v 0.032340 -0.526848 0.835993
v 0.059849 -0.526878 0.842718
v 0.686854 -0.536204 0.828617
v 0.698821 -0.533187 0.840423
v 1.038811 -0.480456 0.829080
v 1.038811 -0.480456 0.829080
v 1.064552 -0.465642 0.803921
v 0.686854 -0.536204 0.828617
v 0.683089 0.044140 0.598964
v 0.612917 0.044140 0.330710
v 0.612807 -0.534742 0.330659
v 0.612807 -0.534742 0.330659
v 0.682693 -0.533282 0.598931
v 0.683089 0.044140 0.598964
v 0.698821 -0.533187 0.840423
v 0.720247 -0.500439 0.967486
v 0.913038 -0.451235 0.993053
v 0.913038 -0.451235 0.993053
v 1.038811 -0.480456 0.829080
v 0.698821 -0.533187 0.840423
v 0.720247 -0.500439 0.967486
v 0.707587 -0.492241 0.996973
v 0.893204 -0.419028 1.047374
v 0.893204 -0.419028 1.047374
v 0.913038 -0.451235 0.993053
v 0.720247 -0.500439 0.967486
v 0.689327 -0.486039 1.017713
v 0.901605 -0.348430 1.080617
v 0.893204 -0.419028 1.047374
v 0.893204 -0.419028 1.047374
v 0.707587 -0.492241 0.996973
v 0.689327 -0.486039 1.017713
v 0.901605 -0.348430 1.080617
v 0.689327 -0.486039 1.017713
v 0.647903 -0.479993 1.042034
v 0.647903 -0.479993 1.042034
v 0.908285 -0.242522 1.100447
v 0.901605 -0.348430 1.080617
v 0.565609 -0.471012 1.065818
v 0.565609 -0.193579 1.177589
v 0.647903 -0.196367 1.153805
v 0.647903 -0.196367 1.153805
v 0.647903 -0.479993 1.042034
v 0.565609 -0.471012 1.065818
v -0.488832 -0.491420 0.350791
v 0.028718 -0.523907 0.344083
v 0.028575 0.044140 0.344086
v 0.028575 0.044140 0.344086
v -0.489464 0.044140 0.350864
v -0.488832 -0.491420 0.350791
v 0.483554 -0.192045 1.191205
v 0.337845 -0.191123 1.203652
v 0.337845 0.044140 1.203652
v 0.483554 0.044140 1.191205
v 0.565609 0.044140 1.177589
v 0.565609 -0.193579 1.177589
v 0.483554 -0.192045 1.191205
v 0.199984 -0.190995 1.209592
v 0.062474 -0.190810 1.211917
v 0.062474 0.044140 1.211917
v 0.199984 0.044140 1.209592
v 0.028718 -0.523907 0.344083
v 0.194441 -0.529597 0.338323
v 0.194374 0.044140 0.338325
v 0.194374 0.044140 0.338325
v 0.028575 0.044140 0.344086
v 0.028718 -0.523907 0.344083
v -0.673694 -0.419368 0.375365
v -0.488832 -0.491420 0.350791
v -0.489464 0.044140 0.350864
v -0.489464 0.044140 0.350864
v -0.673694 0.044140 0.375365
v -0.673694 -0.419368 0.375365
v -0.727353 -0.052020 0.913963
v -0.722439 -0.144816 0.909334
v -0.715940 -0.242376 0.900493
v -0.715940 -0.242376 0.900493
v -0.693511 -0.365120 0.881034
v -0.672848 -0.421387 0.867659
v -0.715940 -0.242376 0.900493
v -0.672848 -0.421387 0.867659
v -0.672848 0.044140 0.867659
v -0.727353 -0.052020 0.913963
v -0.715940 -0.242376 0.900493
v -0.672848 0.044140 0.867659
v -0.728875 0.044140 0.915359
v -0.727353 -0.052020 0.913963
v -0.672848 0.044140 0.867659
v 0.683089 0.044140 0.598964
v 0.682693 -0.533282 0.598931
v 1.059017 -0.462966 0.573431
v 1.059017 -0.462966 0.573431
v 1.060787 0.044140 0.574269
v 0.683089 0.044140 0.598964
v 0.911463 -0.112482 1.109387
v 0.647903 -0.196367 1.153805
v 0.647903 0.044140 1.153805
v 0.647903 0.044140 1.153805
v 0.914425 0.044140 1.112815
v 0.911463 -0.112482 1.109387
v 1.059017 -0.462966 0.573431
v 1.075129 -0.428905 0.579994
v 1.099948 -0.347195 0.595858
v 1.099948 -0.347195 0.595858
v 1.117490 -0.271050 0.608012
v 1.128699 -0.167151 0.616216
v 1.059017 -0.462966 0.573431
v 1.099948 -0.347195 0.595858
v 1.128699 -0.167151 0.616216
v 1.059017 -0.462966 0.573431
v 1.128699 -0.167151 0.616216
v 1.137476 0.044140 0.623309
v 1.060787 0.044140 0.574269
v 1.059017 -0.462966 0.573431
v 1.137476 0.044140 0.623309
v -0.379183 -0.455641 1.107779
v -0.289769 -0.461657 1.099948
v -0.311267 -0.463247 1.083375
v -0.311267 -0.463247 1.083375
v -0.400261 -0.462805 1.076353
v -0.379183 -0.455641 1.107779
v -0.384068 -0.445089 1.131163
v -0.261754 -0.459331 1.109921
v -0.289769 -0.461657 1.099948
v -0.289769 -0.461657 1.099948
v -0.379183 -0.455641 1.107779
v -0.384068 -0.445089 1.131163
v -0.449407 -0.112176 1.172390
v -0.261754 -0.189952 1.221693
v -0.442450 -0.243557 1.168154
v -0.261754 0.044140 1.221693
v 0.062474 0.044140 1.211917
v 0.062474 -0.190810 1.211917
v -0.261754 -0.189952 1.221693
v 0.337845 0.044140 1.203652
v 0.199984 -0.190995 1.209592
v 0.565609 -0.193579 1.177589
v 0.565609 0.044140 1.177589
v 0.647903 0.044140 1.153805
v 0.483554 -0.192045 1.191205
v 0.483554 -0.466072 1.079434
v 0.337845 -0.463102 1.091880
v 0.483554 -0.192045 1.191205
v 0.483554 -0.466072 1.079434
v 0.565609 -0.193579 1.177589
v 0.199984 -0.462690 1.097821
v 0.062474 -0.190810 1.211917
v -0.449407 -0.112176 1.172390
v -0.454653 0.044140 1.176291
v -0.261754 0.044140 1.221693
v -0.261754 0.044140 1.221693
v -0.449407 -0.112176 1.172390
v 0.911463 -0.112482 1.109387
v 0.908285 -0.242522 1.100447
v 0.647903 -0.196367 1.153805
v 0.908285 -0.242522 1.100447
v -0.261754 -0.459331 1.109921
v -0.384068 -0.445089 1.131163
v -0.397281 -0.420390 1.143415
v -0.397281 -0.420390 1.143415
v -0.410921 -0.391394 1.150730
v -0.425756 -0.344414 1.158709
v -0.261754 -0.459331 1.109921
v -0.397281 -0.420390 1.143415
v -0.425756 -0.344414 1.158709
v -0.425756 -0.344414 1.158709
v -0.261754 -0.189952 1.221693
v -0.425756 -0.344414 1.158709
v -0.442450 -0.243557 1.168154
v 1.106117 -0.348092 0.826960
v 1.123730 -0.271644 0.839160
v 1.117490 -0.271050 0.608012
v 1.099948 -0.347195 0.595858
v 1.123730 -0.271644 0.839160
v 1.134974 -0.167424 0.847388
v 1.128699 -0.167151 0.616216
v 1.117490 -0.271050 0.608012
v 1.134974 -0.167424 0.847388
v 1.143763 0.044140 0.854489
v 1.137476 0.044140 0.623309
v 1.137476 0.044140 0.623309
v 1.128699 -0.167151 0.616216
v 1.134974 -0.167424 0.847388
v -0.672848 0.044140 0.867659
v -0.672848 -0.421387 0.867659
v -0.673694 -0.419368 0.375365
v -0.673694 0.044140 0.375365
v -0.672848 -0.421387 0.867659
v -0.485699 -0.494330 0.842770
v -0.488832 -0.491420 0.350791
v -0.673694 -0.419368 0.375365
v -0.485699 -0.494330 0.842770
v 0.032340 -0.526848 0.835993
v 0.028718 -0.523907 0.344083
v -0.488832 -0.491420 0.350791
v 0.032340 -0.526848 0.835993
v 0.198140 -0.532541 0.830232
v 0.194441 -0.529597 0.338323
v 0.028718 -0.523907 0.344083
v 0.198140 -0.532541 0.830232
v 0.671942 -0.537688 0.822616
v 0.612807 -0.534742 0.330659
v 0.612807 -0.534742 0.330659
v 0.194441 -0.529597 0.338323
v 0.198140 -0.532541 0.830232
v 0.671942 -0.537688 0.822616
v 0.686854 -0.536204 0.828617
v 0.682693 -0.533282 0.598931
v 0.682693 -0.533282 0.598931
v 0.612807 -0.534742 0.330659
v 0.671942 -0.537688 0.822616
v 0.686854 -0.536204 0.828617
v 1.064552 -0.465642 0.803921
v 1.059017 -0.462966 0.573431
v 0.682693 -0.533282 0.598931
v 1.064552 -0.465642 0.803921
v 1.081215 -0.430072 0.811045
v 1.075129 -0.428905 0.579994
v 1.075129 -0.428905 0.579994
v 1.059017 -0.462966 0.573431
v 1.064552 -0.465642 0.803921
v 1.081215 -0.430072 0.811045
v 1.106117 -0.348092 0.826960
v 1.099948 -0.347195 0.595858
v 1.075129 -0.428905 0.579994
v -1.573379 -0.224943 0.369318
v -1.573379 -0.290543 0.369318
v -1.657787 -0.167614 0.617062
v -1.657787 -0.102014 0.617062
v -1.535035 -0.224943 0.369239
v -1.535035 -0.290543 0.369239
v -1.573379 -0.290543 0.369318
v -1.573379 -0.224943 0.369318
v -1.535035 -0.290543 0.369239
v -1.619442 -0.167614 0.606138
v -1.657787 -0.167614 0.617062
v -1.573379 -0.290543 0.369318
v -1.619442 -0.167614 0.606138
v -1.619442 -0.102014 0.606138
v -1.657787 -0.102014 0.617062
v -1.657787 -0.167614 0.617062
v -1.619442 -0.102014 0.606138
v -1.535035 -0.224943 0.369239
v -1.573379 -0.224943 0.369318
v -1.657787 -0.102014 0.617062
v -1.674353 -0.224150 0.323091
v -1.674353 -0.291137 0.323091
v -1.674353 -0.291137 0.361340
v -1.674353 -0.224150 0.361340
v -1.461567 -0.224150 0.323091
v -1.461567 -0.291137 0.323091
v -1.674353 -0.291137 0.323091
v -1.674353 -0.224150 0.323091
v -1.461567 -0.291137 0.323091
v -1.461567 -0.291137 0.361340
v -1.674353 -0.291137 0.361340
v -1.674353 -0.291137 0.323091
v -1.461567 -0.291137 0.361340
v -1.461567 -0.224150 0.361340
v -1.674353 -0.224150 0.361340
v -1.674353 -0.291137 0.361340
v -1.461567 -0.224150 0.361340
v -1.461567 -0.224150 0.323091
v -1.674353 -0.224150 0.323091
v -1.674353 -0.224150 0.361340
v 0.488910 0.553365 1.117208
v 0.489293 0.531428 1.166106
v 0.572883 0.559084 1.102958
v 0.573701 0.534844 1.150897
v 0.144622 0.531428 1.185630
v 0.128983 0.551291 1.139633
v -0.047853 0.531428 1.183972
v -0.279142 0.548068 1.142520
v -0.199195 0.531428 1.175640
v -0.266557 0.531428 1.169591
v 0.829797 0.544073 1.063564
v 0.767688 0.590162 1.003479
v 0.749560 0.546431 1.094334
v 0.721910 0.579037 1.041870
v 0.658705 0.569335 1.075587
v 0.660729 0.539221 1.127399
v -0.324552 0.546685 1.153640
v -0.324813 0.531420 1.162882
v -0.279142 0.548068 1.142520
v -0.324813 0.531420 1.162882
v 1.624462 0.569511 0.643740
v 1.663260 0.578156 0.661150
v 1.599280 0.572389 0.666472
v 1.570069 0.576277 0.685310
v 1.659418 0.583711 0.681110
v 1.511972 0.584495 0.709493
v 1.656520 0.589122 0.695876
v 1.515079 0.600279 0.724479
v 1.511972 0.584495 0.709493
v 1.652105 0.600028 0.715250
v 1.652105 0.600028 0.715250
v 1.517681 0.624150 0.740966
v 1.649095 0.616062 0.727226
v 1.423849 0.595039 0.732090
v 0.343648 0.531428 1.177454
v 0.344094 0.550914 1.128606
v -0.360604 0.531476 1.157566
v 0.876797 0.563054 0.996676
v 0.829797 0.544073 1.063564
v 0.893204 0.507309 1.047374
v 0.913038 0.539515 0.993053
v 1.675990 0.573127 0.604143
v 1.649390 0.566840 0.596863
v 1.686497 0.571542 0.559541
v 1.666440 0.565030 0.558289
v 1.693273 0.570914 0.530571
v 1.676351 0.564856 0.518797
v 1.378345 0.632248 0.757605
v 1.354362 0.603613 0.744649
v 1.222584 0.613565 0.763576
v 1.066214 0.626172 0.780723
v 1.143499 0.589851 0.780324
v 1.066166 0.641428 0.790060
v 1.066214 0.626172 0.780723
v 1.222249 0.637029 0.774440
v 1.222584 0.613565 0.763576
v 1.689168 0.565648 0.437994
v 1.723099 0.571170 0.397263
v 1.692535 0.565790 0.397243
v 1.730432 0.589225 0.521312
v 1.759914 0.589225 0.397737
v 0.910159 0.644534 0.798977
v 0.910159 0.644534 0.798977
v 0.969196 0.627240 0.795427
v 1.017751 0.600768 0.795848
v 0.749577 0.641382 0.803714
v 0.767688 0.590162 1.003479
v 0.910159 0.644534 0.798977
v 0.876797 0.563054 0.996676
v 0.910159 0.644534 0.798977
v 0.969196 0.627240 0.795427
v 1.017751 0.600768 0.795848
v 1.038811 0.568737 0.829080
v 1.038811 0.568737 0.829080
v 1.064552 0.553923 0.803921
v 1.017751 0.600768 0.795848
v -0.379183 0.543922 1.107779
v -0.279142 0.548068 1.142520
v -0.400261 0.551086 1.076353
v -0.594479 0.562660 0.889231
v -0.616875 0.587424 0.829610
v -0.637115 0.573062 0.839279
v -0.558026 0.564971 0.917502
v -0.324552 0.546685 1.153640
v -0.397281 0.508671 1.143415
v -0.360604 0.531476 1.157566
v -0.384068 0.533370 1.131163
v -0.616875 0.587424 0.829610
v -0.752212 0.593152 0.823106
v -0.637115 0.573062 0.839279
v -1.485957 0.669799 0.453034
v -1.485194 0.645870 0.326578
v -1.544235 0.657126 0.451442
v -1.691186 0.652875 0.609727
v -1.691254 0.669156 0.637874
v -1.686046 0.660055 0.606421
v -0.745784 0.711740 0.726311
v -0.746220 0.693111 0.765994
v -0.618910 0.710964 0.727255
v -0.617004 0.693294 0.766424
v -0.746220 0.693111 0.765994
v -0.746567 0.661616 0.797487
v -0.617004 0.693294 0.766424
v -0.614697 0.662338 0.798203
v -0.746567 0.661616 0.797487
v -0.746567 0.661616 0.797487
v -0.746789 0.621930 0.817707
v -0.614697 0.662338 0.798203
v -0.615259 0.622307 0.818330
v -0.939731 0.708650 0.722657
v -0.940153 0.689129 0.760968
v -0.940153 0.689129 0.760968
v -0.940487 0.658723 0.791373
v -0.940487 0.658723 0.791373
v -0.940702 0.620409 0.810893
v -0.940520 0.559207 0.814770
v -1.136681 0.704831 0.675602
v -1.136829 0.702537 0.718503
v -0.909679 0.715579 0.676090
v -1.137230 0.683928 0.755023
v -1.137230 0.683928 0.755023
v -1.137549 0.654944 0.784005
v -1.137549 0.654944 0.784005
v -1.137754 0.618423 0.802613
v -1.137677 0.577708 0.809138
v -1.324517 0.698767 0.674051
v -1.325284 0.697055 0.714649
v -1.325668 0.679265 0.749562
v -1.325987 0.651556 0.778571
v -1.325987 0.651556 0.778571
v -1.325987 0.651556 0.778571
v -1.326168 0.616641 0.795058
v -1.326236 0.577937 0.801188
v -1.326220 0.539275 0.795209
v -1.136794 0.526264 0.800457
v -1.488015 0.690362 0.672508
v -1.488074 0.688673 0.710136
v -1.488431 0.672135 0.742592
v -1.488431 0.672135 0.742592
v -1.488714 0.646376 0.768349
v -1.325668 0.679265 0.749562
v -1.488714 0.646376 0.768349
v -1.488714 0.646376 0.768349
v -1.488896 0.613918 0.784887
v -1.488958 0.577937 0.790585
v -1.488896 0.541957 0.784887
v -1.488637 0.509502 0.774585
v -1.324953 0.494891 0.780959
v -1.610977 0.681167 0.670729
v -1.611718 0.678718 0.704453
v -1.612043 0.663666 0.733992
v -1.612043 0.663666 0.733992
v -1.612300 0.640223 0.757433
v -1.612300 0.640223 0.757433
v -1.612466 0.610683 0.772484
v -1.612523 0.577937 0.777670
v -1.612466 0.545191 0.772484
v -1.612332 0.515651 0.760311
v -1.612349 0.492316 0.750322
v -1.489641 0.467867 0.756441
v -1.691359 0.673951 0.668645
v -1.691912 0.669299 0.698842
v -1.692205 0.655719 0.725493
v -1.692205 0.655719 0.725493
v -1.692438 0.634567 0.746643
v -1.692438 0.634567 0.746643
v -1.692587 0.607916 0.760222
v -1.692638 0.578372 0.764901
v -1.692587 0.548828 0.760222
v -1.692438 0.522176 0.746643
v -1.692438 0.522176 0.746643
v -1.691964 0.500821 0.725313
v -1.612332 0.515651 0.760311
v -1.691964 0.500821 0.725313
v -1.639175 0.483719 0.737213
v -1.673925 0.476114 0.710753
v -1.639175 0.483719 0.737213
v -1.631878 0.442918 0.725733
v -1.609964 0.447296 0.732810
v -1.653709 0.438561 0.714349
v -1.690069 0.471975 0.639541
v -1.697101 0.428077 0.626412
v -1.689054 0.473202 0.684174
v -1.688128 0.430722 0.672677
v -1.691861 0.489003 0.701259
v -1.691619 0.483948 0.676126
v -1.684572 0.506891 0.598596
v -1.691731 0.510704 0.602875
v -1.682867 0.541793 0.575536
v -1.691500 0.542505 0.581866
v -1.690549 0.495792 0.623654
v -1.691254 0.669156 0.637874
v -1.667793 0.672097 0.630310
v -1.609276 0.672977 0.565753
v -0.620280 0.715241 0.673592
v -1.636069 0.472447 0.458047
v -1.635985 0.541793 0.450450
v -1.601389 0.472447 0.373914
v -1.601389 0.541792 0.373914
v -1.487411 0.679544 0.585241
v -1.584311 0.640370 0.450050
v -1.543427 0.626147 0.374636
v -1.648828 0.659320 0.565942
v -1.680847 0.541793 0.563166
v -1.682867 0.541793 0.575536
v -1.677649 0.579437 0.558338
v -1.681749 0.579009 0.569618
v -1.691114 0.579266 0.574906
v -1.681749 0.579009 0.569618
v -1.691500 0.542505 0.581866
v -1.682867 0.541793 0.575536
v -1.690899 0.619314 0.583557
v -1.682464 0.624372 0.577064
v -1.682464 0.624372 0.577064
v -1.674366 0.623903 0.565661
v -1.680871 0.472447 0.565285
v -1.686046 0.660055 0.606421
v -1.550634 0.457778 0.746145
v -1.691861 0.489003 0.701259
v -1.689054 0.473202 0.684174
v -1.690012 0.488773 0.645208
v -1.690549 0.495792 0.623654
v -1.690899 0.619314 0.583557
v -1.691186 0.652875 0.609727
v -1.682464 0.624372 0.577064
v -1.618021 0.612128 0.449679
v -1.674366 0.623903 0.565661
v -1.584311 0.640370 0.450050
v -1.648828 0.659320 0.565942
v -1.584311 0.640370 0.450050
v -1.674366 0.623903 0.565661
v -1.579496 0.598306 0.374239
v -1.618021 0.612128 0.449679
v -1.543427 0.626147 0.374636
v -1.543427 0.626147 0.374636
v -1.618021 0.612128 0.449679
v -1.618021 0.612128 0.449679
v -1.579496 0.598306 0.374239
v -1.675165 0.659719 0.594752
v -1.675165 0.659719 0.594752
v -1.686046 0.660055 0.606421
v -1.672363 0.434465 0.698832
v -1.673925 0.476114 0.710753
v -1.683338 0.497209 0.587105
v -1.684572 0.506891 0.598596
v -1.672363 0.434465 0.698832
v -1.673925 0.476114 0.710753
v -1.680871 0.431444 0.565285
v -1.636069 0.431304 0.458047
v -1.601389 0.431304 0.373914
v -0.485128 0.623960 0.820146
v -0.485635 0.599777 0.829679
v 0.032867 0.631996 0.821039
v 0.115064 0.634422 0.816359
v 0.032818 0.652399 0.812381
v 0.115069 0.653246 0.807341
v 0.115563 0.698738 0.762429
v 0.115988 0.712818 0.723699
v -0.617025 0.712820 0.381562
v -0.618576 0.716925 0.519894
v 0.119678 0.712947 0.388145
v 0.118147 0.717096 0.527429
v -0.615925 0.703543 0.273649
v 0.121190 0.703717 0.283238
v 0.120269 0.708527 0.334481
v -0.619090 0.715956 0.575955
v 0.117521 0.716257 0.584324
v 0.116688 0.715246 0.661792
v -0.289769 0.561736 1.099948
v -0.261754 0.559410 1.109921
v -0.311267 0.563325 1.083375
v -0.509399 0.585260 0.888544
v -0.514202 0.587804 0.870301
v -0.508052 0.592531 0.852531
v -0.485635 0.599777 0.829679
v -0.485699 0.596248 0.842770
v 0.032867 0.631996 0.821039
v 0.032340 0.628766 0.835993
v 0.062474 0.562174 1.100145
v 0.128983 0.551291 1.139633
v 0.079523 0.563805 1.091994
v 0.089707 0.568497 1.075770
v 0.091591 0.573782 1.056119
v 0.115064 0.634422 0.816359
v 0.078528 0.618775 0.882194
v 0.071743 0.624681 0.857400
v 0.059849 0.628795 0.842718
v 0.115324 0.678989 0.784122
v 0.032818 0.652399 0.812381
v 0.115324 0.678989 0.784122
v 0.032340 0.615129 0.835993
v 0.032340 0.628766 0.835993
v -0.485699 0.582611 0.842770
v -0.485699 0.596248 0.842770
v -0.508052 0.578893 0.852531
v -0.508052 0.592531 0.852531
v -0.508052 0.578893 0.852531
v -0.508052 0.592531 0.852531
v -0.514202 0.576006 0.870301
v -0.514202 0.587804 0.870301
v -0.509399 0.573462 0.888544
v -0.509399 0.585260 0.888544
v -0.509399 0.573462 0.888544
v -0.509399 0.585260 0.888544
v -0.311267 0.551528 1.083375
v -0.311267 0.563325 1.083375
v -0.289769 0.561736 1.099948
v -0.289769 0.549938 1.099948
v -0.261754 0.547612 1.109921
v -0.261754 0.559410 1.109921
v 0.062474 0.562174 1.100145
v 0.062474 0.550376 1.100145
v 0.071743 0.624681 0.857400
v 0.059849 0.628795 0.842718
v 0.071743 0.612883 0.857400
v 0.059849 0.615158 0.842718
v 0.078528 0.618775 0.882194
v 0.078528 0.606977 0.882194
v 0.091591 0.573782 1.056119
v 0.091591 0.561984 1.056119
v 0.089707 0.568497 1.075770
v 0.089707 0.556699 1.075770
v 0.079523 0.563805 1.091994
v 0.079523 0.552007 1.091994
v 0.079523 0.563805 1.091994
v 0.079523 0.552007 1.091994
v 0.059849 0.615158 0.842718
v 0.059849 0.628795 0.842718
v 0.689327 0.587907 1.017713
v 0.721910 0.579037 1.041870
v 0.707587 0.594109 0.996973
v 0.658705 0.569335 1.075587
v 0.647903 0.581861 1.042034
v 0.171524 0.575188 1.057122
v 0.686855 0.638072 0.828617
v 0.698821 0.635055 0.840423
v 0.749577 0.641382 0.803714
v 0.671942 0.639556 0.822616
v 0.175048 0.633179 0.836550
v 0.198140 0.634409 0.830232
v 0.162124 0.628384 0.852859
v 0.157188 0.623198 0.872492
v 0.176484 0.570178 1.076505
v 0.185530 0.566479 1.090688
v 0.199984 0.564558 1.097821
v 0.572883 0.559084 1.102958
v 0.565609 0.572880 1.065818
v 0.488910 0.553365 1.117208
v 0.483554 0.567940 1.079434
v 0.337845 0.564970 1.091880
v 0.344094 0.550914 1.128606
v 0.720247 0.602307 0.967486
v 0.767688 0.590162 1.003479
v 0.305107 0.718377 0.529241
v 0.268927 0.719160 0.585980
v 0.394421 0.714373 0.397383
v 0.515518 0.707630 0.291526
v 0.237546 0.722394 0.661916
v 0.750406 0.693537 0.739225
v 0.750153 0.676170 0.771392
v 0.749956 0.655363 0.792302
v 0.749577 0.641382 0.803714
v 0.750153 0.676170 0.771392
v 0.749956 0.655363 0.792302
v 0.115069 0.653246 0.807341
v 0.267456 0.730155 0.675297
v 0.263097 0.724104 0.696295
v 0.564662 0.719425 0.703221
v 0.564949 0.726732 0.677059
v 0.750256 0.712333 0.695502
v 0.750723 0.721136 0.672075
v 0.263097 0.724104 0.696295
v 0.237546 0.722394 0.661916
v 0.261259 0.715793 0.704275
v 0.261259 0.715793 0.704275
v 0.564568 0.709251 0.711787
v 0.263097 0.724104 0.696295
v 0.564662 0.719425 0.703221
v 0.750389 0.702475 0.703888
v 0.750256 0.712333 0.695502
v 0.278735 0.729133 0.643534
v 0.565785 0.729003 0.648668
v 0.751090 0.724828 0.647398
v 0.752865 0.728342 0.481153
v 0.582837 0.734032 0.476960
v 0.752380 0.730277 0.525171
v 0.574632 0.735391 0.523733
v 0.751869 0.729732 0.570558
v 0.569780 0.735038 0.573720
v 0.357997 0.730947 0.529331
v 0.321383 0.730656 0.583966
v 0.667205 0.728615 0.449288
v 0.650648 0.727502 0.438182
v 0.752840 0.726536 0.460122
v 0.640349 0.726390 0.422778
v 0.597882 0.711977 0.291517
v 0.415688 0.726197 0.448059
v 0.564568 0.709251 0.711787
v 0.750389 0.702475 0.703888
v 0.115988 0.712818 0.723699
v 0.237546 0.722394 0.661916
v 0.278735 0.729133 0.643534
v 0.268927 0.719160 0.585980
v 0.321383 0.730656 0.583966
v 0.305107 0.718377 0.529241
v 0.357997 0.730947 0.529331
v 0.394421 0.714373 0.397383
v 0.415688 0.726197 0.448059
v 0.515518 0.707630 0.291526
v 0.767688 0.590162 1.003479
v 0.749577 0.641382 0.803714
v 0.720247 0.602307 0.967486
v 0.698821 0.635055 0.840423
v 0.720247 0.602307 0.967486
v 0.749577 0.641382 0.803714
v 0.157188 0.623198 0.872492
v 0.157188 0.609611 0.872492
v 0.162124 0.628384 0.852859
v 0.162124 0.614797 0.852859
v 0.175048 0.633179 0.836550
v 0.175048 0.619592 0.836550
v 0.175048 0.633179 0.836550
v 0.175048 0.619592 0.836550
v 0.198140 0.634409 0.830232
v 0.198140 0.620822 0.830232
v 0.671942 0.639556 0.822616
v 0.671942 0.625969 0.822616
v 0.176484 0.570178 1.076505
v 0.176484 0.556591 1.076505
v 0.171524 0.575188 1.057122
v 0.171524 0.561601 1.057122
v 0.565609 0.572880 1.065818
v 0.647903 0.581861 1.042034
v 0.565609 0.559293 1.065818
v 0.647903 0.568274 1.042034
v 0.483554 0.567940 1.079434
v 0.483554 0.554353 1.079434
v 0.337845 0.564970 1.091880
v 0.337845 0.551382 1.091880
v 0.199984 0.564558 1.097821
v 0.199984 0.550971 1.097821
v 0.185530 0.566479 1.090688
v 0.185530 0.552892 1.090688
v 0.185530 0.566479 1.090688
v 0.185530 0.552892 1.090688
v 0.689327 0.574319 1.017713
v 0.689327 0.587907 1.017713
v 0.707587 0.580522 0.996973
v 0.689327 0.574319 1.017713
v 0.707587 0.594109 0.996973
v 0.689327 0.587907 1.017713
v 0.720247 0.588720 0.967486
v 0.720247 0.602307 0.967486
v 0.698821 0.621468 0.840423
v 0.698821 0.635055 0.840423
v 0.686854 0.624485 0.828617
v 0.698821 0.621468 0.840423
v 0.686855 0.638072 0.828617
v 0.698821 0.635055 0.840423
v 0.910855 0.691315 0.735791
v 0.911236 0.702046 0.696494
v 1.066889 0.684852 0.724262
v 1.067214 0.696411 0.686722
v 1.222934 0.679300 0.712164
v 1.223266 0.688249 0.673071
v 1.379019 0.670516 0.696466
v 1.380090 0.679010 0.659365
v 1.518325 0.660903 0.682399
v 1.518341 0.667409 0.645749
v 0.910575 0.679714 0.761308
v 1.066613 0.676814 0.749380
v 1.222706 0.671221 0.732969
v 1.378775 0.663390 0.718720
v 1.518062 0.653633 0.706303
v 1.657740 0.646398 0.689897
v 1.066383 0.661319 0.770346
v 1.222446 0.656802 0.756565
v 1.378531 0.651085 0.740931
v 1.517836 0.642467 0.726883
v 1.652184 0.632690 0.714290
v 0.749577 0.641382 0.803714
v 0.749956 0.655363 0.792302
v 0.910324 0.660324 0.784048
v 1.066166 0.641428 0.790060
v 1.066383 0.661319 0.770346
v 1.222249 0.637029 0.774440
v 1.222446 0.656802 0.756565
v 1.378345 0.632248 0.757605
v 1.378531 0.651085 0.740931
v 1.517681 0.624150 0.740966
v 1.517836 0.642467 0.726883
v 1.649095 0.616062 0.727226
v 1.652184 0.632690 0.714290
v 1.521396 0.663968 0.335730
v 1.384484 0.675577 0.319613
v 1.520885 0.674121 0.382260
v 1.383866 0.689865 0.375850
v 1.695092 0.657320 0.366549
v 1.694597 0.657341 0.396948
v 0.914432 0.728728 0.522634
v 0.913952 0.727547 0.566321
v 1.069019 0.721353 0.514579
v 1.068497 0.719364 0.562078
v 1.225124 0.708095 0.494717
v 1.224436 0.709618 0.557233
v 1.382892 0.696618 0.464435
v 1.381955 0.695831 0.549643
v 0.913178 0.723964 0.636677
v 1.067850 0.716464 0.620883
v 1.223985 0.706127 0.598214
v 1.381701 0.694381 0.572766
v 1.519086 0.679362 0.545808
v 0.912887 0.720856 0.663156
v 1.067560 0.712528 0.647229
v 1.223649 0.704325 0.628817
v 1.381297 0.693304 0.609454
v 1.518590 0.678388 0.590943
v 1.692748 0.660759 0.530575
v 1.683815 0.659910 0.570503
v 0.911929 0.712653 0.688986
v 1.067251 0.706935 0.675312
v 1.223336 0.698441 0.657321
v 1.380966 0.687710 0.639552
v 1.518238 0.673914 0.622962
v 1.674878 0.658335 0.609381
v 0.911929 0.712653 0.688986
v 0.911236 0.702046 0.696494
v 1.067214 0.696411 0.686722
v 1.067214 0.696411 0.686722
v 1.223266 0.688249 0.673071
v 1.380090 0.679010 0.659365
v 1.518341 0.667409 0.645749
v 1.669588 0.656496 0.630572
v 1.738842 0.634616 0.520360
v 1.743192 0.616169 0.520125
v 1.767926 0.633140 0.397824
v 1.774330 0.616169 0.397895
v 1.731907 0.643130 0.521327
v 1.738842 0.634616 0.520360
v 1.755533 0.642728 0.397688
v 1.767926 0.633140 0.397824
v 1.755533 0.642728 0.397688
v 1.738842 0.634616 0.520360
v 0.757535 0.734429 0.447731
v 0.752840 0.726536 0.460122
v 0.915321 0.729412 0.448406
v 0.915063 0.724916 0.455853
v 1.070872 0.720193 0.443078
v 1.070116 0.715698 0.451076
v 1.126716 0.717003 0.438255
v 1.126716 0.712508 0.446755
v 1.169728 0.712404 0.427221
v 1.176760 0.707908 0.435304
v 1.203246 0.707432 0.401057
v 1.210278 0.702937 0.409140
v 1.222150 0.700824 0.361528
v 1.231219 0.697240 0.367590
v 0.757665 0.728074 0.418678
v 0.757797 0.732358 0.427932
v 0.915461 0.722327 0.419602
v 0.916037 0.726822 0.428504
v 1.070515 0.712694 0.414825
v 1.071364 0.717189 0.423730
v 1.124943 0.708074 0.411166
v 1.125730 0.712570 0.421029
v 1.154798 0.706106 0.402910
v 1.160170 0.710602 0.411865
v 1.183977 0.701570 0.379983
v 1.191849 0.706065 0.388965
v 1.198538 0.697240 0.348292
v 1.207456 0.701735 0.357285
v 0.916037 0.726822 0.428504
v 0.757797 0.732358 0.427932
v 0.915321 0.729412 0.448406
v 0.757535 0.734429 0.447731
v 1.071364 0.717189 0.423730
v 1.070872 0.720193 0.443078
v 1.160170 0.710602 0.411865
v 1.125730 0.712570 0.421029
v 1.169728 0.712404 0.427221
v 1.126716 0.717003 0.438255
v 1.207456 0.701735 0.357285
v 1.191849 0.706065 0.388965
v 1.222150 0.700824 0.361528
v 1.203246 0.707432 0.401057
v 0.915063 0.724916 0.455853
v 1.070116 0.715698 0.451076
v 1.126716 0.712508 0.446755
v 1.176760 0.707908 0.435304
v 1.210278 0.702937 0.409140
v 1.231219 0.697240 0.367590
v 1.234977 0.685499 0.305116
v 1.210780 0.683175 0.290545
v 1.210780 0.683175 0.290545
v 1.226075 0.684348 0.291396
v 1.226075 0.684348 0.291396
v 1.234977 0.685499 0.305116
v 0.910324 0.660324 0.784048
v 0.749956 0.655363 0.792302
v -0.620801 0.703909 0.234879
v 0.122437 0.703674 0.243414
v 0.597882 0.711977 0.291517
v 0.629930 0.724651 0.347813
v 0.618260 0.711762 0.281836
v 0.696004 0.732280 0.423080
v 0.698501 0.728208 0.413499
v 0.609959 0.703520 0.249012
v 0.617101 0.710482 0.275285
v 0.609959 0.703520 0.249012
v 0.617101 0.710482 0.275285
v 0.637363 0.707198 0.259103
v 0.644461 0.703125 0.249572
v 0.679526 0.731893 0.413518
v 0.683896 0.726598 0.404210
v 0.669305 0.731507 0.399659
v 0.675550 0.724989 0.390623
v 0.641319 0.710780 0.281885
v 0.618260 0.711762 0.281836
v 0.650581 0.719165 0.335224
v 0.629930 0.724651 0.347813
v 0.650075 0.708208 0.281904
v 0.641319 0.710780 0.281885
v 0.657678 0.715093 0.325693
v 0.650581 0.719165 0.335224
v 0.659140 0.736023 0.426901
v 0.650648 0.727502 0.438182
v 0.674785 0.737247 0.437235
v 0.667205 0.728615 0.449288
v 0.696004 0.732280 0.423080
v 0.679526 0.731893 0.413518
v 0.674785 0.737247 0.437235
v 0.659140 0.736023 0.426901
v 0.640349 0.726390 0.422778
v 0.649751 0.734800 0.412270
v 0.649751 0.734800 0.412270
v 0.669305 0.731507 0.399659
v -1.450209 0.656828 0.315315
v 1.695200 0.648098 0.356699
v 1.521563 0.655180 0.320629
v 1.384667 0.666789 0.302958
v 1.235109 0.678856 0.292256
v 1.235109 0.678856 0.292256
v -0.360604 0.531476 1.157566
v -0.384068 0.533370 1.131163
v 1.669588 0.656496 0.630572
v 1.734561 0.651857 0.397427
v 1.731907 0.643130 0.521327
v 1.755533 0.642728 0.397688
v 1.743192 0.616169 0.520125
v 1.730432 0.589225 0.521312
v 1.774330 0.616169 0.397895
v 1.759914 0.589225 0.397737
v -0.786033 0.699051 0.234633
v -0.614816 0.044140 0.235245
v -0.620801 0.703909 0.234879
v 0.122437 0.703674 0.243414
v -1.432612 0.044140 0.309544
v -1.432907 0.432176 0.309869
v -0.788947 0.044140 0.234799
v -0.788672 0.431739 0.234727
v 1.384667 0.666789 0.302958
v 1.384667 0.044140 0.302958
v 1.234731 0.427539 0.292218
v 1.234834 0.044140 0.292129
v 1.521563 0.655180 0.320629
v 1.521567 0.565767 0.320657
v 1.695199 0.565790 0.356694
v 1.695200 0.648098 0.356699
v 0.644414 0.044140 0.249570
v 0.644415 0.428113 0.249570
v 0.653039 0.710141 0.368071
v 0.648602 0.427680 0.368022
v 0.644461 0.703125 0.249572
v 0.644415 0.428113 0.249570
v 1.235109 0.678856 0.292256
v 1.234731 0.427539 0.292218
v 1.203889 0.683064 0.374128
v 1.203889 0.427680 0.374128
v 1.203889 0.427680 0.374128
v 1.234731 0.427539 0.292218
v 0.644415 0.428113 0.249570
v 1.128078 0.427680 0.502165
v 1.128077 0.689406 0.502165
v 0.998405 0.427680 0.575142
v 0.998404 0.687856 0.575142
v 1.128078 0.427680 0.502165
v 1.128077 0.689406 0.502165
v 1.128078 0.427680 0.502165
v 0.998405 0.427680 0.575142
v 0.849616 0.427680 0.573506
v 0.849616 0.695313 0.573506
v 0.721579 0.427680 0.497695
v 0.721579 0.702680 0.497695
v 0.721579 0.427680 0.497695
v 0.721579 0.702680 0.497695
v 0.721579 0.427680 0.497695
v 0.648602 0.427680 0.368022
v 0.849616 0.427680 0.573506
v -0.786033 0.699051 0.234633
v -1.484838 0.044140 0.326187
v -1.484737 0.432955 0.326428
v -1.238487 0.431869 0.566504
v -1.045498 0.431869 0.568753
v -1.326981 0.431869 0.543472
v -0.951557 0.431869 0.540089
v -1.432907 0.432176 0.309869
v -1.432684 0.662310 0.309817
v -1.383441 0.431869 0.483798
v -1.383441 0.664940 0.483798
v -1.326981 0.431869 0.543472
v -1.326981 0.672211 0.543472
v -1.326981 0.431869 0.543472
v -1.326981 0.672211 0.543472
v -1.238487 0.431869 0.566504
v -1.238487 0.677264 0.566504
v -1.045499 0.678438 0.568753
v -1.045498 0.431869 0.568753
v -0.951557 0.431869 0.540089
v -0.951557 0.682877 0.540089
v -0.951557 0.682877 0.540089
v -0.878207 0.687542 0.428132
v -0.951557 0.431869 0.540089
v -0.878207 0.431869 0.428132
v -0.788672 0.431739 0.234727
v -0.786033 0.699051 0.234633
v -1.383441 0.431869 0.483798
v -0.878207 0.431869 0.428132
v -1.383441 0.431869 0.483798
v -0.878207 0.431869 0.428132
v -1.432907 0.432176 0.309869
v -0.788672 0.431739 0.234727
v -1.432907 0.432176 0.309869
v -0.878207 0.431869 0.428132
v -1.601103 0.044140 0.373185
v -1.601389 0.431304 0.373914
v -1.579496 0.598306 0.374239
v -1.543427 0.626147 0.374636
v -1.601389 0.541792 0.373914
v -1.485194 0.645870 0.326578
v -1.601389 0.541792 0.373914
v -1.543427 0.626147 0.374636
v -1.601389 0.541792 0.373914
v -1.485194 0.645870 0.326578
v -1.601389 0.472447 0.373914
v -1.450209 0.656828 0.315315
v -1.432684 0.662310 0.309817
v 0.657678 0.715093 0.325693
v 0.653039 0.710141 0.368071
v 0.650075 0.708208 0.281904
v 1.203889 0.683064 0.374128
v 1.198538 0.697240 0.348292
v 1.235109 0.678856 0.292256
v 1.210780 0.683175 0.290545
v 1.235109 0.678856 0.292256
v 1.198538 0.697240 0.348292
v 1.183977 0.701570 0.379983
v 0.998404 0.687856 0.575142
v 1.070515 0.712694 0.414825
v 1.128077 0.689406 0.502165
v 1.124943 0.708074 0.411166
v 1.154798 0.706106 0.402910
v 1.203889 0.683064 0.374128
v 1.154798 0.706106 0.402910
v 0.915461 0.722327 0.419602
v 0.721579 0.702680 0.497695
v 0.757665 0.728074 0.418678
v 0.849616 0.695313 0.573506
v 0.698501 0.728208 0.413499
v 0.721579 0.702680 0.497695
v 0.653039 0.710141 0.368071
v 0.698501 0.728208 0.413499
v 0.698501 0.728208 0.413499
v 0.653039 0.710141 0.368071
v 0.683896 0.726598 0.404210
v 0.683896 0.726598 0.404210
v 0.653039 0.710141 0.368071
v 0.675550 0.724989 0.390623
v 0.675550 0.724989 0.390623
v 1.226075 0.684348 0.291396
v 1.235109 0.678856 0.292256
v 1.210780 0.683175 0.290545
v 1.695192 0.345720 0.356679
v 1.757400 0.255687 0.398291
v 1.695184 0.044140 0.356659
v 1.765220 0.044140 0.398643
v 1.521594 0.044140 0.320824
v 1.695192 0.345720 0.356679
v 1.695184 0.044140 0.356659
v 1.744769 0.397054 0.398216
v 1.735313 0.462516 0.398049
v 1.735313 0.462516 0.398049
v 1.695192 0.345720 0.356679
v 1.695199 0.565790 0.356694
v 1.717462 0.519477 0.397852
v 1.692535 0.565790 0.397243
v 1.723099 0.571170 0.397263
v 1.692535 0.565790 0.397243
v 1.695199 0.565790 0.356694
v 1.759914 0.589225 0.397737
v 1.774330 0.616169 0.397895
v 1.759914 0.589225 0.397737
v 1.695199 0.565790 0.356694
v 1.695200 0.648098 0.356699
v 1.767926 0.633140 0.397824
v 1.755533 0.642728 0.397688
v 1.767926 0.633140 0.397824
v 1.695200 0.648098 0.356699
v 1.695092 0.657320 0.366549
v 1.734561 0.651857 0.397427
v 1.755533 0.642728 0.397688
v 1.695200 0.648098 0.356699
v 1.734561 0.651857 0.397427
v 1.694597 0.657341 0.396948
v 1.695092 0.657320 0.366549
v 0.116688 0.715246 0.661792
v 0.261259 0.715793 0.704275
v -0.800773 0.700719 0.269205
v 0.644461 0.703125 0.249572
v 0.637363 0.707198 0.259103
v 0.644461 0.703125 0.249572
v -1.378706 0.683942 0.459702
v -1.382382 0.690834 0.463821
v -1.367176 0.686854 0.480390
v -1.371256 0.693851 0.484058
v -1.354388 0.696868 0.504295
v -1.334959 0.698693 0.519072
v -1.349902 0.689766 0.501078
v -1.331202 0.691460 0.514628
v -1.008815 0.704466 0.534270
v -1.059776 0.702483 0.539924
v -1.008866 0.711988 0.538884
v -1.059825 0.710005 0.544360
v -0.959219 0.714144 0.514863
v -0.938957 0.714746 0.495360
v -0.962184 0.706610 0.511291
v -0.941893 0.707219 0.491190
v -0.887291 0.707931 0.408957
v -0.923062 0.707828 0.468126
v -0.886801 0.715453 0.418413
v -0.920155 0.715348 0.472895
v -0.886801 0.715453 0.418413
v -0.923062 0.707828 0.468126
v -1.394786 0.689864 0.475000
v -1.395226 0.683082 0.485924
v -1.383411 0.692847 0.496031
v -1.383612 0.685917 0.507339
v -1.366294 0.695830 0.517062
v -1.366255 0.688752 0.528753
v -1.345763 0.698009 0.535406
v -1.346054 0.691177 0.546973
v -1.004081 0.712184 0.562869
v -1.060095 0.710005 0.568889
v -1.004115 0.704275 0.574727
v -1.059811 0.702456 0.580447
v -0.948488 0.706680 0.545692
v -0.928178 0.707328 0.524851
v -0.948948 0.714363 0.534687
v -0.928552 0.714908 0.513960
v -0.876852 0.715453 0.432504
v -0.909617 0.715453 0.490271
v -0.873830 0.708984 0.440563
v -0.909328 0.707975 0.501046
v -0.873830 0.708984 0.440563
v -0.909617 0.715453 0.490271
v -1.382382 0.690834 0.463821
v -1.394786 0.689864 0.475000
v -1.371256 0.693851 0.484058
v -1.383411 0.692847 0.496031
v -1.366294 0.695830 0.517062
v -1.345763 0.698009 0.535406
v -1.354388 0.696868 0.504295
v -1.334959 0.698693 0.519072
v -1.008866 0.711988 0.538884
v -1.059825 0.710005 0.544360
v -1.004081 0.712184 0.562869
v -1.060095 0.710005 0.568889
v -0.948948 0.714363 0.534687
v -0.928552 0.714908 0.513960
v -0.959219 0.714144 0.514863
v -0.938957 0.714746 0.495360
v -0.886801 0.715453 0.418413
v -0.920155 0.715348 0.472895
v -0.876852 0.715453 0.432504
v -0.909617 0.715453 0.490271
v -1.236199 0.696994 0.579068
v -1.236411 0.704557 0.567644
v -1.236411 0.704557 0.567644
v -1.236141 0.704557 0.543115
v -1.236081 0.697036 0.537679
v -1.236141 0.704557 0.543115
v -1.279184 0.695299 0.573992
v -1.278979 0.702373 0.562558
v -1.278979 0.702373 0.562558
v -1.273993 0.702537 0.540343
v -1.273993 0.702537 0.540343
v -1.272450 0.695095 0.534789
v -0.975243 0.705478 0.563293
v -0.975456 0.713274 0.551862
v -0.975456 0.713274 0.551862
v -0.982984 0.713066 0.529957
v -0.982984 0.713066 0.529957
v -0.984441 0.705538 0.525865
v -0.886801 0.715453 0.418413
v -0.823244 0.703081 0.269257
v -0.887291 0.707931 0.408957
v -0.826729 0.700130 0.269265
v -0.887291 0.707931 0.408957
v -0.823244 0.703081 0.269257
v -0.823244 0.703081 0.269257
v -0.805763 0.702810 0.269217
v -0.808833 0.700137 0.234973
v -0.790738 0.700137 0.234705
v -0.800773 0.700719 0.269205
v -0.876852 0.715453 0.432504
v -0.805763 0.702810 0.269217
v -0.800773 0.700719 0.269205
v -1.236199 0.696994 0.579068
v -1.059811 0.702456 0.580447
v -1.279184 0.695299 0.573992
v -0.873830 0.708984 0.440563
v -1.450209 0.656828 0.315315
v -1.446608 0.669624 0.314210
v -1.435564 0.669953 0.310605
v -1.446608 0.669624 0.314210
v -1.432684 0.662310 0.309817
v -1.435564 0.669953 0.310605
v -1.378706 0.683942 0.459702
v -1.382382 0.690834 0.463821
v -1.395226 0.683082 0.485924
v -1.383612 0.685917 0.507339
v -1.346054 0.691177 0.546973
v -1.322168 0.693603 0.563085
v -1.004115 0.704275 0.574727
v -0.975243 0.705478 0.563293
v -0.948488 0.706680 0.545692
v -0.909328 0.707975 0.501046
v -0.928178 0.707328 0.524851
v -1.383441 0.664940 0.483798
v -1.432684 0.662310 0.309817
v -1.378706 0.683942 0.459702
v -1.367176 0.686854 0.480390
v -1.272450 0.695095 0.534789
v -1.326981 0.672211 0.543472
v -1.308817 0.693154 0.526070
v -1.236081 0.697036 0.537679
v -1.059776 0.702483 0.539924
v -1.238487 0.677264 0.566504
v -1.045499 0.678438 0.568753
v -1.008815 0.704466 0.534270
v -0.941893 0.707219 0.491190
v -0.951557 0.682877 0.540089
v -0.962184 0.706610 0.511291
v -0.887291 0.707931 0.408957
v -0.826729 0.700130 0.269265
v -0.878207 0.687542 0.428132
v -0.786033 0.699051 0.234633
v -0.878207 0.687542 0.428132
v -0.826729 0.700130 0.269265
v -1.326981 0.672211 0.543472
v -1.383441 0.664940 0.483798
v -1.349902 0.689766 0.501078
v -1.331202 0.691460 0.514628
v -1.349902 0.689766 0.501078
v -0.878207 0.687542 0.428132
v -0.951557 0.682877 0.540089
v -0.923062 0.707828 0.468126
v -0.887291 0.707931 0.408957
v -0.951557 0.682877 0.540089
v -1.045499 0.678438 0.568753
v -1.008815 0.704466 0.534270
v -0.984441 0.705538 0.525865
v -1.008815 0.704466 0.534270
v -0.808833 0.700137 0.234973
v -0.790738 0.700137 0.234705
v -0.812275 0.698173 0.235479
v -0.786033 0.699051 0.234633
v -1.446608 0.669624 0.314210
v -1.435564 0.669953 0.310605
v -0.812275 0.698173 0.235479
v -0.808833 0.700137 0.234973
v -0.790738 0.700137 0.234705
v -0.786033 0.699051 0.234633
v -0.812275 0.698173 0.235479
v -1.331202 0.691460 0.514628
v -1.334959 0.698693 0.519072
v -1.308817 0.693154 0.526070
v -1.311845 0.700518 0.531740
v -1.308817 0.693154 0.526070
v -1.321547 0.700188 0.551642
v -1.322168 0.693603 0.563085
v -1.311845 0.700518 0.531740
v -1.321547 0.700188 0.551642
v -1.383411 0.692847 0.496031
v -1.383612 0.685917 0.507339
v -1.366294 0.695830 0.517062
v -1.366255 0.688752 0.528753
v -1.366255 0.688752 0.528753
v -1.308817 0.693154 0.526070
v -1.311845 0.700518 0.531740
v -0.962184 0.706610 0.511291
v -0.959219 0.714144 0.514863
v -0.920155 0.715348 0.472895
v -0.928178 0.707328 0.524851
v -0.928552 0.714908 0.513960
v -1.367176 0.686854 0.480390
v -0.941893 0.707219 0.491190
v 1.235109 0.678856 0.292256
v 0.609959 0.703520 0.249012
v 0.644461 0.703125 0.249572
v -1.624072 0.638148 0.689325
v -1.623600 0.641244 0.669227
v -1.624295 0.629259 0.706770
v -1.624476 0.615362 0.720665
v -1.624295 0.629259 0.706770
v -1.624597 0.597853 0.729586
v -1.624295 0.629259 0.706770
v -1.623600 0.641244 0.669227
v -1.624597 0.597853 0.729586
v -1.624646 0.578443 0.732660
v -1.624618 0.559034 0.729586
v -1.624516 0.541515 0.720661
v -1.624618 0.559034 0.729586
v -1.624111 0.527591 0.706753
v -1.624618 0.559034 0.729586
v -1.624597 0.597853 0.729586
v -1.624111 0.527591 0.706753
v -1.624082 0.520001 0.691303
v -1.624111 0.527591 0.706753
v -1.623923 0.516914 0.675959
v -1.622382 0.520448 0.653321
v -1.623923 0.516914 0.675959
v -1.622976 0.525105 0.639017
v -1.623923 0.516914 0.675959
v -1.624111 0.527591 0.706753
v -1.622976 0.525105 0.639017
v -1.624111 0.527591 0.706753
v -1.624597 0.597853 0.729586
v -1.622976 0.525105 0.639017
v -1.624597 0.597853 0.729586
v -1.623600 0.641244 0.669227
v -1.622976 0.525105 0.639017
v -1.624223 0.533607 0.627165
v -1.622976 0.525105 0.639017
v -1.624038 0.555000 0.613032
v -1.623658 0.578915 0.608505
v -1.624038 0.555000 0.613032
v -1.623405 0.605307 0.614207
v -1.624038 0.555000 0.613032
v -1.622976 0.525105 0.639017
v -1.623405 0.605307 0.614207
v -1.622976 0.525105 0.639017
v -1.623600 0.641244 0.669227
v -1.623405 0.605307 0.614207
v -1.623600 0.641244 0.669227
v -1.623587 0.638155 0.649401
v -1.623405 0.605307 0.614207
v -1.623587 0.638155 0.649401
v -1.623612 0.628061 0.631949
v -1.623405 0.605307 0.614207
v -1.623587 0.638155 0.649401
v -1.691254 0.669156 0.637874
v -1.623612 0.628061 0.631949
v -1.691186 0.652875 0.609727
v -1.623612 0.628061 0.631949
v -1.691254 0.669156 0.637874
v -1.623612 0.628061 0.631949
v -1.691186 0.652875 0.609727
v -1.623405 0.605307 0.614207
v -1.690899 0.619314 0.583557
v -1.623405 0.605307 0.614207
v -1.691186 0.652875 0.609727
v -1.623405 0.605307 0.614207
v -1.690899 0.619314 0.583557
v -1.623658 0.578915 0.608505
v -1.691114 0.579266 0.574906
v -1.623658 0.578915 0.608505
v -1.690899 0.619314 0.583557
v -1.623658 0.578915 0.608505
v -1.691114 0.579266 0.574906
v -1.624038 0.555000 0.613032
v -1.691500 0.542505 0.581866
v -1.624038 0.555000 0.613032
v -1.691114 0.579266 0.574906
v -1.624038 0.555000 0.613032
v -1.691500 0.542505 0.581866
v -1.624223 0.533607 0.627165
v -1.691731 0.510704 0.602875
v -1.624223 0.533607 0.627165
v -1.691500 0.542505 0.581866
v -1.624223 0.533607 0.627165
v -1.691731 0.510704 0.602875
v -1.622976 0.525105 0.639017
v -1.690549 0.495792 0.623654
v -1.622976 0.525105 0.639017
v -1.691731 0.510704 0.602875
v -1.622976 0.525105 0.639017
v -1.690549 0.495792 0.623654
v -1.622382 0.520448 0.653321
v -1.690012 0.488773 0.645208
v -1.622382 0.520448 0.653321
v -1.690549 0.495792 0.623654
v -1.622382 0.520448 0.653321
v -1.690012 0.488773 0.645208
v -1.623923 0.516914 0.675959
v -1.691619 0.483948 0.676126
v -1.623923 0.516914 0.675959
v -1.690012 0.488773 0.645208
v -1.623923 0.516914 0.675959
v -1.691619 0.483948 0.676126
v -1.624082 0.520001 0.691303
v -1.691861 0.489003 0.701259
v -1.624082 0.520001 0.691303
v -1.691619 0.483948 0.676126
v -1.624082 0.520001 0.691303
v -1.691861 0.489003 0.701259
v -1.624111 0.527591 0.706753
v -1.691964 0.500821 0.725313
v -1.624111 0.527591 0.706753
v -1.691861 0.489003 0.701259
v -1.624111 0.527591 0.706753
v -1.691964 0.500821 0.725313
v -1.624516 0.541515 0.720661
v -1.692438 0.522176 0.746643
v -1.624516 0.541515 0.720661
v -1.691964 0.500821 0.725313
v -1.624516 0.541515 0.720661
v -1.692438 0.522176 0.746643
v -1.624618 0.559034 0.729586
v -1.692587 0.548828 0.760222
v -1.624618 0.559034 0.729586
v -1.692438 0.522176 0.746643
v -1.624618 0.559034 0.729586
v -1.692587 0.548828 0.760222
v -1.624646 0.578443 0.732660
v -1.692638 0.578372 0.764901
v -1.624646 0.578443 0.732660
v -1.692587 0.548828 0.760222
v -1.624646 0.578443 0.732660
v -1.692638 0.578372 0.764901
v -1.624597 0.597853 0.729586
v -1.692587 0.607916 0.760222
v -1.624597 0.597853 0.729586
v -1.692638 0.578372 0.764901
v -1.624597 0.597853 0.729586
v -1.692587 0.607916 0.760222
v -1.624476 0.615362 0.720665
v -1.692438 0.634567 0.746643
v -1.624476 0.615362 0.720665
v -1.692587 0.607916 0.760222
v -1.624476 0.615362 0.720665
v -1.692438 0.634567 0.746643
v -1.624295 0.629259 0.706770
v -1.692205 0.655719 0.725493
v -1.624295 0.629259 0.706770
v -1.692438 0.634567 0.746643
v -1.624295 0.629259 0.706770
v -1.692205 0.655719 0.725493
v -1.624072 0.638148 0.689325
v -1.691912 0.669299 0.698842
v -1.624072 0.638148 0.689325
v -1.692205 0.655719 0.725493
v -1.624072 0.638148 0.689325
v -1.691912 0.669299 0.698842
v -1.623600 0.641244 0.669227
v -1.691359 0.673951 0.668645
v -1.623600 0.641244 0.669227
v -1.691912 0.669299 0.698842
v -1.623600 0.641244 0.669227
v -1.691359 0.673951 0.668645
v -1.623587 0.638155 0.649401
v -1.691254 0.669156 0.637874
v -1.623587 0.638155 0.649401
v -1.691359 0.673951 0.668645
v -1.613012 0.044140 0.602855
v -1.482580 0.402482 0.372926
v -1.479475 0.044140 0.373887
v -1.547447 0.402190 0.538676
v -1.502863 0.402051 0.431957
v -1.558814 0.395528 0.579534
v -1.575506 0.328059 0.586120
v -1.558814 0.395528 0.579534
v -1.593621 0.228638 0.594282
v -1.558814 0.395528 0.579534
v -1.502863 0.402051 0.431957
v -1.593621 0.228638 0.594282
v -1.609498 0.111705 0.599864
v -1.593621 0.228638 0.594282
v -1.613012 0.044140 0.602855
v -1.593621 0.228638 0.594282
v -1.502863 0.402051 0.431957
v -1.613012 0.044140 0.602855
v -1.613012 0.044140 0.602855
v -1.502863 0.402051 0.431957
v -1.482580 0.402482 0.372926
v -1.547447 0.402190 0.538676
v -1.680871 0.431444 0.565285
v -1.502863 0.402051 0.431957
v -1.636069 0.431304 0.458047
v -1.502863 0.402051 0.431957
v -1.636069 0.431304 0.458047
v -1.482580 0.402482 0.372926
v -1.601389 0.431304 0.373914
v -1.482580 0.402482 0.372926
v -1.636069 0.431304 0.458047
v -1.482580 0.402482 0.372926
v -1.601389 0.431304 0.373914
v -1.479475 0.044140 0.373887
v -1.601103 0.044140 0.373185
v -1.479475 0.044140 0.373887
v -1.601389 0.431304 0.373914
v -1.613012 0.044140 0.602855
v -1.762903 0.044140 0.653816
v -1.609498 0.111705 0.599864
v -1.756950 0.114018 0.651848
v -1.609498 0.111705 0.599864
v -1.762903 0.044140 0.653816
v -1.609498 0.111705 0.599864
v -1.756950 0.114018 0.651848
v -1.593621 0.228638 0.594282
v -1.740903 0.232137 0.646213
v -1.593621 0.228638 0.594282
v -1.756950 0.114018 0.651848
v -1.593621 0.228638 0.594282
v -1.740903 0.232137 0.646213
v -1.575506 0.328059 0.586120
v -1.722605 0.332689 0.637950
v -1.575506 0.328059 0.586120
v -1.740903 0.232137 0.646213
v -1.575506 0.328059 0.586120
v -1.722605 0.332689 0.637950
v -1.558814 0.395528 0.579534
v -1.709260 0.398021 0.630980
v -1.558814 0.395528 0.579534
v -1.722605 0.332689 0.637950
v -1.558814 0.395528 0.579534
v -1.709260 0.398021 0.630980
v -1.697101 0.428077 0.626412
v -1.558814 0.395528 0.579534
v -1.697101 0.428077 0.626412
v -1.547447 0.402190 0.538676
v -1.680871 0.431444 0.565285
v -1.547447 0.402190 0.538676
v -1.697101 0.428077 0.626412
v 1.651810 0.583340 0.491295
v 1.651548 0.648189 0.491240
v 1.647829 0.583951 0.519370
v 1.645215 0.647380 0.530319
v 1.647829 0.583951 0.519370
v 1.651548 0.648189 0.491240
v 1.647829 0.583951 0.519370
v 1.645215 0.647380 0.530319
v 1.637423 0.585521 0.563581
v 1.636362 0.645821 0.568812
v 1.637423 0.585521 0.563581
v 1.645215 0.647380 0.530319
v 1.636362 0.645821 0.568812
v 1.631199 0.644047 0.589230
v 1.637423 0.585521 0.563581
v 1.624981 0.590426 0.619170
v 1.637423 0.585521 0.563581
v 1.631199 0.644047 0.589230
v 1.631199 0.644047 0.589230
v 1.619871 0.634381 0.646020
v 1.624981 0.590426 0.619170
v 1.621475 0.595554 0.637604
v 1.624981 0.590426 0.619170
v 1.619871 0.634381 0.646020
v 1.621475 0.595554 0.637604
v 1.619871 0.634381 0.646020
v 1.618901 0.600467 0.651026
v 1.615301 0.622889 0.666490
v 1.618901 0.600467 0.651026
v 1.619871 0.634381 0.646020
v 1.613970 0.615854 0.671956
v 1.615220 0.609646 0.667339
v 1.615301 0.622889 0.666490
v 1.618901 0.600467 0.651026
v 1.615301 0.622889 0.666490
v 1.615220 0.609646 0.667339
v 1.685559 0.632829 0.482736
v 1.651548 0.648189 0.491240
v 1.682471 0.598529 0.482979
v 1.651810 0.583340 0.491295
v 1.682471 0.598529 0.482979
v 1.651548 0.648189 0.491240
v 1.688736 0.628870 0.481907
v 1.685559 0.632829 0.482736
v 1.691427 0.617510 0.481860
v 1.682471 0.598529 0.482979
v 1.691427 0.617510 0.481860
v 1.685559 0.632829 0.482736
v 1.657102 0.595143 0.693224
v 1.656520 0.589122 0.695876
v 1.659826 0.589995 0.679167
v 1.659418 0.583711 0.681110
v 1.659826 0.589995 0.679167
v 1.656520 0.589122 0.695876
v 1.659826 0.589995 0.679167
v 1.659418 0.583711 0.681110
v 1.663489 0.584665 0.660012
v 1.663260 0.578156 0.661150
v 1.663489 0.584665 0.660012
v 1.659418 0.583711 0.681110
v 1.663489 0.584665 0.660012
v 1.663260 0.578156 0.661150
v 1.676068 0.579701 0.603754
v 1.675990 0.573127 0.604143
v 1.676068 0.579701 0.603754
v 1.663260 0.578156 0.661150
v 1.676068 0.579701 0.603754
v 1.675990 0.573127 0.604143
v 1.686525 0.578125 0.559359
v 1.686497 0.571542 0.559541
v 1.686525 0.578125 0.559359
v 1.686497 0.571542 0.559541
v 1.691824 0.577508 0.530854
v 1.693273 0.570914 0.530571
v 1.691824 0.577508 0.530854
v 1.686497 0.571542 0.559541
v 1.691824 0.577508 0.530854
v 1.693273 0.570914 0.530571
v 1.725543 0.594169 0.522056
v 1.730432 0.589225 0.521312
v 1.725543 0.594169 0.522056
v 1.693273 0.570914 0.530571
v 1.725543 0.594169 0.522056
v 1.730432 0.589225 0.521312
v 1.736293 0.616908 0.520873
v 1.743192 0.616169 0.520125
v 1.736293 0.616908 0.520873
v 1.730432 0.589225 0.521312
v 1.736293 0.616908 0.520873
v 1.743192 0.616169 0.520125
v 1.732820 0.631616 0.521017
v 1.738842 0.634616 0.520360
v 1.732820 0.631616 0.521017
v 1.743192 0.616169 0.520125
v 1.732820 0.631616 0.521017
v 1.738842 0.634616 0.520360
v 1.727870 0.637724 0.521944
v 1.731907 0.643130 0.521327
v 1.727870 0.637724 0.521944
v 1.738842 0.634616 0.520360
v 1.727870 0.637724 0.521944
v 1.731907 0.643130 0.521327
v 1.691432 0.654157 0.530829
v 1.692748 0.660759 0.530575
v 1.691432 0.654157 0.530829
v 1.731907 0.643130 0.521327
v 1.691432 0.654157 0.530829
v 1.692748 0.660759 0.530575
v 1.683873 0.653328 0.570313
v 1.683815 0.659910 0.570503
v 1.683873 0.653328 0.570313
v 1.692748 0.660759 0.530575
v 1.683873 0.653328 0.570313
v 1.683815 0.659910 0.570503
v 1.674982 0.651762 0.608988
v 1.674878 0.658335 0.609381
v 1.674982 0.651762 0.608988
v 1.683815 0.659910 0.570503
v 1.674982 0.651762 0.608988
v 1.674878 0.658335 0.609381
v 1.669759 0.649957 0.629772
v 1.669588 0.656496 0.630572
v 1.669759 0.649957 0.629772
v 1.674878 0.658335 0.609381
v 1.669759 0.649957 0.629772
v 1.669588 0.656496 0.630572
v 1.658188 0.640087 0.687758
v 1.657740 0.646398 0.689897
v 1.658188 0.640087 0.687758
v 1.669588 0.656496 0.630572
v 1.658188 0.640087 0.687758
v 1.657740 0.646398 0.689897
v 1.653151 0.627548 0.710080
v 1.652184 0.632690 0.714290
v 1.653151 0.627548 0.710080
v 1.657740 0.646398 0.689897
v 1.653151 0.627548 0.710080
v 1.652184 0.632690 0.714290
v 1.650995 0.615984 0.719075
v 1.649095 0.616062 0.727226
v 1.650995 0.615984 0.719075
v 1.652184 0.632690 0.714290
v 1.650995 0.615984 0.719075
v 1.649095 0.616062 0.727226
v 1.653077 0.605137 0.710983
v 1.652105 0.600028 0.715250
v 1.653077 0.605137 0.710983
v 1.649095 0.616062 0.727226
v 1.653077 0.605137 0.710983
v 1.652105 0.600028 0.715250
v 1.657102 0.595143 0.693224
v 1.656520 0.589122 0.695876
v 1.657102 0.595143 0.693224
v 1.652105 0.600028 0.715250
v 1.618901 0.600467 0.651026
v 1.657102 0.595143 0.693224
v 1.621475 0.595554 0.637604
v 1.659826 0.589995 0.679167
v 1.621475 0.595554 0.637604
v 1.657102 0.595143 0.693224
v 1.621475 0.595554 0.637604
v 1.659826 0.589995 0.679167
v 1.624981 0.590426 0.619170
v 1.663489 0.584665 0.660012
v 1.624981 0.590426 0.619170
v 1.659826 0.589995 0.679167
v 1.624981 0.590426 0.619170
v 1.663489 0.584665 0.660012
v 1.637423 0.585521 0.563581
v 1.676068 0.579701 0.603754
v 1.637423 0.585521 0.563581
v 1.637423 0.585521 0.563581
v 1.676068 0.579701 0.603754
v 1.647829 0.583951 0.519370
v 1.686525 0.578125 0.559359
v 1.647829 0.583951 0.519370
v 1.686525 0.578125 0.559359
v 1.651810 0.583340 0.491295
v 1.691824 0.577508 0.530854
v 1.651810 0.583340 0.491295
v 1.686525 0.578125 0.559359
v 1.651810 0.583340 0.491295
v 1.691824 0.577508 0.530854
v 1.682471 0.598529 0.482979
v 1.725543 0.594169 0.522056
v 1.682471 0.598529 0.482979
v 1.691824 0.577508 0.530854
v 1.682471 0.598529 0.482979
v 1.725543 0.594169 0.522056
v 1.691427 0.617510 0.481860
v 1.736293 0.616908 0.520873
v 1.691427 0.617510 0.481860
v 1.725543 0.594169 0.522056
v 1.691427 0.617510 0.481860
v 1.736293 0.616908 0.520873
v 1.688736 0.628870 0.481907
v 1.732820 0.631616 0.521017
v 1.688736 0.628870 0.481907
v 1.736293 0.616908 0.520873
v 1.688736 0.628870 0.481907
v 1.732820 0.631616 0.521017
v 1.685559 0.632829 0.482736
v 1.727870 0.637724 0.521944
v 1.685559 0.632829 0.482736
v 1.732820 0.631616 0.521017
v 1.685559 0.632829 0.482736
v 1.727870 0.637724 0.521944
v 1.651548 0.648189 0.491240
v 1.691432 0.654157 0.530829
v 1.651548 0.648189 0.491240
v 1.727870 0.637724 0.521944
v 1.651548 0.648189 0.491240
v 1.691432 0.654157 0.530829
v 1.645215 0.647380 0.530319
v 1.683873 0.653328 0.570313
v 1.645215 0.647380 0.530319
v 1.691432 0.654157 0.530829
v 1.645215 0.647380 0.530319
v 1.683873 0.653328 0.570313
v 1.636362 0.645821 0.568812
v 1.674982 0.651762 0.608988
v 1.636362 0.645821 0.568812
v 1.674982 0.651762 0.608988
v 1.631199 0.644047 0.589230
v 1.669759 0.649957 0.629772
v 1.631199 0.644047 0.589230
v 1.674982 0.651762 0.608988
v 1.631199 0.644047 0.589230
v 1.669759 0.649957 0.629772
v 1.619871 0.634381 0.646020
v 1.658188 0.640087 0.687758
v 1.619871 0.634381 0.646020
v 1.658188 0.640087 0.687758
v 1.615301 0.622889 0.666490
v 1.653151 0.627548 0.710080
v 1.615301 0.622889 0.666490
v 1.658188 0.640087 0.687758
v 1.615301 0.622889 0.666490
v 1.653151 0.627548 0.710080
v 1.613970 0.615854 0.671956
v 1.650995 0.615984 0.719075
v 1.613970 0.615854 0.671956
v 1.653151 0.627548 0.710080
v 1.613970 0.615854 0.671956
v 1.650995 0.615984 0.719075
v 1.615220 0.609646 0.667339
v 1.653077 0.605137 0.710983
v 1.615220 0.609646 0.667339
v 1.650995 0.615984 0.719075
v 1.615220 0.609646 0.667339
v 1.653077 0.605137 0.710983
v 1.618901 0.600467 0.651026
v 1.657102 0.595143 0.693224
v 1.618901 0.600467 0.651026
v 1.653077 0.605137 0.710983
v 0.612807 0.623023 0.330659
v 0.194441 0.617877 0.338323
v 0.612917 0.044140 0.330710
v 0.194374 0.044140 0.338325
v 0.612917 0.044140 0.330710
v 0.194441 0.617877 0.338323
v -0.514202 0.576006 0.870301
v -0.594479 0.562660 0.889231
v -0.508052 0.578893 0.852531
v -0.634415 0.549913 0.869954
v -0.508052 0.578893 0.852531
v -0.594479 0.562660 0.889231
v -0.509399 0.573462 0.888544
v -0.558026 0.564971 0.917502
v -0.514202 0.576006 0.870301
v -0.594479 0.562660 0.889231
v -0.514202 0.576006 0.870301
v -0.558026 0.564971 0.917502
v -0.311267 0.551528 1.083375
v -0.400261 0.551086 1.076353
v -0.509399 0.573462 0.888544
v -0.558026 0.564971 0.917502
v -0.509399 0.573462 0.888544
v -0.400261 0.551086 1.076353
v -0.261754 0.278233 1.221693
v -0.261754 0.547612 1.109921
v 0.062474 0.279091 1.211917
v 0.062474 0.550376 1.100145
v 0.062474 0.279091 1.211917
v -0.261754 0.547612 1.109921
v 0.199984 0.279276 1.209592
v 0.199984 0.550971 1.097821
v 0.337845 0.279404 1.203652
v 0.337845 0.551382 1.091880
v 0.337845 0.279404 1.203652
v 0.199984 0.550971 1.097821
v -0.508052 0.578893 0.852531
v -0.634415 0.549913 0.869954
v -0.485699 0.582611 0.842770
v -0.672848 0.509668 0.867659
v -0.485699 0.582611 0.842770
v -0.634415 0.549913 0.869954
v 0.071743 0.612883 0.857400
v 0.059849 0.615158 0.842718
v 0.162124 0.614797 0.852859
v 0.175048 0.619592 0.836550
v 0.162124 0.614797 0.852859
v 0.059849 0.615158 0.842718
v 0.078528 0.606977 0.882194
v 0.071743 0.612883 0.857400
v 0.157188 0.609611 0.872492
v 0.162124 0.614797 0.852859
v 0.157188 0.609611 0.872492
v 0.071743 0.612883 0.857400
v 0.171524 0.561601 1.057122
v 0.091591 0.561984 1.056119
v 0.157188 0.609611 0.872492
v 0.078528 0.606977 0.882194
v 0.157188 0.609611 0.872492
v 0.091591 0.561984 1.056119
v 0.176484 0.556591 1.076505
v 0.089707 0.556699 1.075770
v 0.171524 0.561601 1.057122
v 0.091591 0.561984 1.056119
v 0.171524 0.561601 1.057122
v 0.089707 0.556699 1.075770
v 0.079523 0.552007 1.091994
v 0.089707 0.556699 1.075770
v 0.185530 0.552892 1.090688
v 0.176484 0.556591 1.076505
v 0.185530 0.552892 1.090688
v 0.089707 0.556699 1.075770
v 0.062474 0.550376 1.100145
v 0.079523 0.552007 1.091994
v 0.199984 0.550971 1.097821
v 0.185530 0.552892 1.090688
v 0.199984 0.550971 1.097821
v 0.079523 0.552007 1.091994
v 0.175048 0.619592 0.836550
v 0.059849 0.615158 0.842718
v 0.198140 0.620822 0.830232
v 0.032340 0.615129 0.835993
v 0.198140 0.620822 0.830232
v 0.059849 0.615158 0.842718
v 0.698821 0.621468 0.840423
v 0.686854 0.624485 0.828617
v 1.038811 0.568737 0.829080
v 1.064552 0.553923 0.803921
v 1.038811 0.568737 0.829080
v 0.686854 0.624485 0.828617
v 0.612917 0.044140 0.330710
v 0.683089 0.044140 0.598964
v 0.612807 0.623023 0.330659
v 0.682693 0.621563 0.598931
v 0.612807 0.623023 0.330659
v 0.683089 0.044140 0.598964
v 0.720247 0.588720 0.967486
v 0.698821 0.621468 0.840423
v 0.913038 0.539515 0.993053
v 1.038811 0.568737 0.829080
v 0.913038 0.539515 0.993053
v 0.698821 0.621468 0.840423
v 0.707587 0.580522 0.996973
v 0.720247 0.588720 0.967486
v 0.893204 0.507309 1.047374
v 0.913038 0.539515 0.993053
v 0.893204 0.507309 1.047374
v 0.720247 0.588720 0.967486
v 0.901605 0.436711 1.080617
v 0.689327 0.574319 1.017713
v 0.893204 0.507309 1.047374
v 0.707587 0.580522 0.996973
v 0.893204 0.507309 1.047374
v 0.689327 0.574319 1.017713
v 0.689327 0.574319 1.017713
v 0.901605 0.436711 1.080617
v 0.647903 0.568274 1.042034
v 0.908285 0.330803 1.100447
v 0.647903 0.568274 1.042034
v 0.901605 0.436711 1.080617
v 0.565609 0.281860 1.177589
v 0.565609 0.559293 1.065818
v 0.647903 0.284648 1.153805
v 0.647903 0.568274 1.042034
v 0.647903 0.284648 1.153805
v 0.565609 0.559293 1.065818
v 0.028718 0.612188 0.344083
v -0.488832 0.579701 0.350791
v 0.028575 0.044140 0.344086
v -0.489464 0.044140 0.350864
v 0.028575 0.044140 0.344086
v -0.488832 0.579701 0.350791
v 0.337845 0.279404 1.203652
v 0.483554 0.280326 1.191205
v 0.337845 0.044140 1.203652
v 0.483554 0.044140 1.191205
v 0.565609 0.281860 1.177589
v 0.565609 0.044140 1.177589
v 0.483554 0.280326 1.191205
v 0.062474 0.279091 1.211917
v 0.199984 0.279276 1.209592
v 0.062474 0.044140 1.211917
v 0.199984 0.044140 1.209592
v 0.194441 0.617877 0.338323
v 0.028718 0.612188 0.344083
v 0.194374 0.044140 0.338325
v 0.028575 0.044140 0.344086
v 0.194374 0.044140 0.338325
v 0.028718 0.612188 0.344083
v -0.488832 0.579701 0.350791
v -0.673694 0.507649 0.375365
v -0.489464 0.044140 0.350864
v -0.673694 0.044140 0.375365
v -0.489464 0.044140 0.350864
v -0.673694 0.507649 0.375365
v -0.722439 0.233096 0.909334
v -0.727353 0.140301 0.913963
v -0.715940 0.330656 0.900493
v -0.693511 0.453400 0.881034
v -0.715940 0.330656 0.900493
v -0.672848 0.509668 0.867659
v -0.672848 0.509668 0.867659
v -0.715940 0.330656 0.900493
v -0.672848 0.044140 0.867659
v -0.715940 0.330656 0.900493
v -0.727353 0.140301 0.913963
v -0.672848 0.044140 0.867659
v -0.727353 0.140301 0.913963
v -0.728875 0.044140 0.915359
v -0.672848 0.044140 0.867659
v 0.682693 0.621563 0.598931
v 0.683089 0.044140 0.598964
v 1.059017 0.551247 0.573431
v 1.060787 0.044140 0.574269
v 1.059017 0.551247 0.573431
v 0.683089 0.044140 0.598964
v 0.647903 0.284648 1.153805
v 0.911463 0.200763 1.109387
v 0.647903 0.044140 1.153805
v 0.914425 0.044140 1.112815
v 0.647903 0.044140 1.153805
v 0.911463 0.200763 1.109387
v 1.075129 0.517186 0.579994
v 1.059017 0.551247 0.573431
v 1.099948 0.435475 0.595858
v 1.117490 0.359331 0.608012
v 1.099948 0.435475 0.595858
v 1.128699 0.255432 0.616216
v 1.099948 0.435475 0.595858
v 1.059017 0.551247 0.573431
v 1.128699 0.255432 0.616216
v 1.128699 0.255432 0.616216
v 1.059017 0.551247 0.573431
v 1.137476 0.044140 0.623309
v 1.059017 0.551247 0.573431
v 1.060787 0.044140 0.574269
v 1.137476 0.044140 0.623309
v -0.289769 0.549938 1.099948
v -0.379183 0.543922 1.107779
v -0.311267 0.551528 1.083375
v -0.400261 0.551086 1.076353
v -0.311267 0.551528 1.083375
v -0.379183 0.543922 1.107779
v -0.261754 0.547612 1.109921
v -0.384068 0.533370 1.131163
v -0.289769 0.549938 1.099948
v -0.379183 0.543922 1.107779
v -0.289769 0.549938 1.099948
v -0.384068 0.533370 1.131163
v -0.261754 0.278233 1.221693
v -0.449407 0.200457 1.172390
v -0.442450 0.331838 1.168154
v 0.062474 0.044140 1.211917
v -0.261754 0.044140 1.221693
v 0.062474 0.279091 1.211917
v -0.261754 0.278233 1.221693
v 0.337845 0.044140 1.203652
v 0.199984 0.279276 1.209592
v 0.565609 0.044140 1.177589
v 0.565609 0.281860 1.177589
v 0.647903 0.044140 1.153805
v 0.483554 0.554353 1.079434
v 0.483554 0.280326 1.191205
v 0.337845 0.551382 1.091880
v 0.483554 0.280326 1.191205
v 0.483554 0.554353 1.079434
v 0.565609 0.281860 1.177589
v 0.199984 0.550971 1.097821
v 0.062474 0.279091 1.211917
v -0.454653 0.044140 1.176291
v -0.449407 0.200457 1.172390
v -0.261754 0.044140 1.221693
v -0.261754 0.044140 1.221693
v -0.449407 0.200457 1.172390
v 0.908285 0.330803 1.100447
v 0.911463 0.200763 1.109387
v 0.647903 0.284648 1.153805
v 0.908285 0.330803 1.100447
v -0.384068 0.533370 1.131163
v -0.261754 0.547612 1.109921
v -0.397281 0.508671 1.143415
v -0.410921 0.479674 1.150730
v -0.397281 0.508671 1.143415
v -0.425756 0.432695 1.158709
v -0.397281 0.508671 1.143415
v -0.261754 0.547612 1.109921
v -0.425756 0.432695 1.158709
v -0.425756 0.432695 1.158709
v -0.425756 0.432695 1.158709
v -0.261754 0.278233 1.221693
v -0.442450 0.331838 1.168154
v 1.123730 0.359924 0.839160
v 1.106117 0.436372 0.826960
v 1.117490 0.359331 0.608012
v 1.099948 0.435475 0.595858
v 1.134974 0.255705 0.847388
v 1.123730 0.359924 0.839160
v 1.128699 0.255432 0.616216
v 1.117490 0.359331 0.608012
v 1.143763 0.044140 0.854489
v 1.134974 0.255705 0.847388
v 1.137476 0.044140 0.623309
v 1.128699 0.255432 0.616216
v 1.137476 0.044140 0.623309
v 1.134974 0.255705 0.847388
v -0.672848 0.509668 0.867659
v -0.672848 0.044140 0.867659
v -0.673694 0.507649 0.375365
v -0.673694 0.044140 0.375365
v -0.485699 0.582611 0.842770
v -0.672848 0.509668 0.867659
v -0.488832 0.579701 0.350791
v -0.673694 0.507649 0.375365
v 0.032340 0.615129 0.835993
v -0.485699 0.582611 0.842770
v 0.028718 0.612188 0.344083
v -0.488832 0.579701 0.350791
v 0.198140 0.620822 0.830232
v 0.032340 0.615129 0.835993
v 0.194441 0.617877 0.338323
v 0.028718 0.612188 0.344083
v 0.671942 0.625969 0.822616
v 0.198140 0.620822 0.830232
v 0.612807 0.623023 0.330659
v 0.194441 0.617877 0.338323
v 0.612807 0.623023 0.330659
v 0.198140 0.620822 0.830232
v 0.686854 0.624485 0.828617
v 0.671942 0.625969 0.822616
v 0.682693 0.621563 0.598931
v 0.612807 0.623023 0.330659
v 0.682693 0.621563 0.598931
v 0.671942 0.625969 0.822616
v 1.064552 0.553923 0.803921
v 0.686854 0.624485 0.828617
v 1.059017 0.551247 0.573431
v 0.682693 0.621563 0.598931
v 1.081215 0.518353 0.811045
v 1.064552 0.553923 0.803921
v 1.075129 0.517186 0.579994
v 1.059017 0.551247 0.573431
v 1.075129 0.517186 0.579994
v 1.064552 0.553923 0.803921
v 1.106117 0.436372 0.826960
v 1.081215 0.518353 0.811045
v 1.099948 0.435475 0.595858
v 1.075129 0.517186 0.579994
v -1.573379 0.378824 0.369318
v -1.573379 0.313224 0.369318
v -1.657787 0.255894 0.617062
v -1.657787 0.190295 0.617062
v -1.535035 0.378824 0.369239
v -1.535035 0.313224 0.369239
v -1.573379 0.378824 0.369318
v -1.573379 0.313224 0.369318
v -1.619442 0.255894 0.606138
v -1.535035 0.378824 0.369239
v -1.657787 0.255894 0.617062
v -1.573379 0.378824 0.369318
v -1.619442 0.190295 0.606138
v -1.619442 0.255894 0.606138
v -1.657787 0.190295 0.617062
v -1.657787 0.255894 0.617062
v -1.535035 0.313224 0.369239
v -1.619442 0.190295 0.606138
v -1.573379 0.313224 0.369318
v -1.657787 0.190295 0.617062
v -1.674353 0.379418 0.323091
v -1.674353 0.312431 0.323091
v -1.674353 0.379418 0.361340
v -1.674353 0.312431 0.361340
v -1.461567 0.379418 0.323091
v -1.461567 0.312431 0.323091
v -1.674353 0.379418 0.323091
v -1.674353 0.312431 0.323091
v -1.461567 0.379418 0.361340
v -1.461567 0.379418 0.323091
v -1.674353 0.379418 0.361340
v -1.674353 0.379418 0.323091
v -1.461567 0.312431 0.361340
v -1.461567 0.379418 0.361340
v -1.674353 0.312431 0.361340
v -1.674353 0.379418 0.361340
v -1.461567 0.312431 0.323091
v -1.461567 0.312431 0.361340
v -1.674353 0.312431 0.323091
v -1.674353 0.312431 0.361340
v 0.765064 -0.343936 1.157547
v 0.764432 -0.402652 1.139072
v 0.855308 -0.411367 1.096060
v 0.855308 -0.411367 1.096060
v 0.854995 -0.344924 1.120518
v 0.765064 -0.343936 1.157547
v 0.764871 -0.242496 1.175102
v 0.854995 -0.344924 1.120518
v 0.854786 -0.242496 1.138096
v 0.764871 -0.242496 1.175102
v 0.764804 -0.112387 1.181183
v 0.854695 -0.112387 1.146358
v 0.660019 -0.343936 1.185800
v 0.660239 -0.403865 1.165776
v 0.764432 -0.402652 1.139072
v 0.765064 -0.343936 1.157547
v 0.660019 -0.343936 1.185800
v 0.659826 -0.242496 1.203355
v 0.659759 -0.112387 1.209435
v 0.573325 -0.403865 1.181595
v 0.573701 -0.446563 1.150897
v 0.660729 -0.450940 1.127399
v 0.489021 -0.403865 1.190818
v 0.489293 -0.443147 1.166106
v -0.048125 -0.403865 1.208685
v -0.047853 -0.443147 1.183972
v 0.144622 -0.443147 1.185630
v 0.144351 -0.403865 1.210343
v -0.048345 -0.343936 1.228709
v 0.144130 -0.343936 1.230367
v -0.048538 -0.242496 1.246264
v 0.143937 -0.242496 1.247922
v -0.048605 -0.112387 1.252345
v 0.143870 -0.112387 1.254003
v -0.199444 -0.403865 1.198248
v -0.199195 -0.443147 1.175640
v -0.199664 -0.343936 1.218272
v -0.199444 -0.403865 1.198248
v -0.048125 -0.403865 1.208685
v -0.199857 -0.242496 1.235827
v -0.199924 -0.112387 1.241908
v -0.283845 -0.403865 1.187467
v -0.266557 -0.443147 1.169591
v -0.297260 -0.343936 1.204623
v -0.308118 -0.242496 1.219638
v -0.312086 -0.112387 1.225130
v -0.359931 -0.404066 1.175142
v -0.324813 -0.443139 1.162882
v -0.377224 -0.343936 1.186420
v -0.392533 -0.242496 1.196743
v -0.400539 -0.112387 1.201539
v -0.415523 -0.343906 1.169214
v -0.392909 -0.405311 1.163403
v -0.432407 -0.242436 1.177737
v -0.439090 -0.112281 1.182330
v 0.829797 -0.455792 1.063564
v 0.855308 -0.411367 1.096060
v 0.764432 -0.402652 1.139072
v 0.764432 -0.402652 1.139072
v 0.749560 -0.458150 1.094334
v 0.829797 -0.455792 1.063564
v 1.708448 -0.427293 0.438306
v 1.689168 -0.477367 0.437994
v 1.692535 -0.477509 0.397243
v 1.717462 -0.431196 0.397852
v 1.624462 -0.481231 0.643740
v 1.635701 -0.445093 0.666576
v 1.599280 -0.484108 0.666472
v 1.594432 -0.450473 0.696940
v 1.570069 -0.487997 0.685310
v 1.562521 -0.454395 0.712319
v 1.511972 -0.496215 0.709493
v 1.570069 -0.487997 0.685310
v 1.594432 -0.450473 0.696940
v 1.516340 -0.460395 0.726166
v 1.434998 -0.469397 0.742188
v 1.423849 -0.506758 0.732090
v 1.225816 -0.489417 0.769179
v 1.222584 -0.525284 0.763576
v 1.354362 -0.515333 0.744649
v 1.361345 -0.477618 0.753727
v 1.143499 -0.501570 0.780324
v 1.123730 -0.271644 0.839160
v 1.106117 -0.348092 0.826960
v 1.138251 -0.346590 0.821999
v 1.151852 -0.271508 0.833462
v 0.749560 -0.458150 1.094334
v 1.648599 -0.399694 0.688889
v 1.656250 -0.317557 0.705894
v 1.606452 -0.320744 0.743304
v 1.595583 -0.402968 0.728496
v 1.540065 -0.325843 0.769686
v 1.528861 -0.406678 0.752174
v 1.469042 -0.331580 0.783773
v 1.454399 -0.409785 0.765024
v 1.375145 -0.416116 0.776396
v 1.392774 -0.338592 0.796008
v 1.248555 -0.346893 0.812461
v 1.237212 -0.425986 0.792529
v 1.258926 -0.273078 0.826253
v 1.717365 -0.379995 0.532764
v 1.701499 -0.412190 0.514765
v 1.710736 -0.393477 0.494800
v 1.717362 -0.374061 0.487397
v -0.400564 0.044140 1.203799
v -0.444283 0.044140 1.185483
v -0.312111 0.044140 1.227390
v -0.199949 0.044140 1.244168
v 0.143845 0.044140 1.256263
v -0.048630 0.044140 1.254605
v 0.854657 0.044140 1.149763
v 0.764779 0.044140 1.183442
v 0.342896 -0.112387 1.245826
v 0.342963 -0.242496 1.239745
v 0.488541 -0.112387 1.234478
v 0.342896 -0.112387 1.245826
v 0.342963 -0.242496 1.239745
v 0.488608 -0.242496 1.228398
v 0.343156 -0.343936 1.222190
v 0.488801 -0.343936 1.210843
v 0.343648 -0.443147 1.177454
v 0.343376 -0.403865 1.202166
v -0.360604 -0.443195 1.157566
v 0.342871 0.044140 1.248086
v 0.488516 0.044140 1.236738
v 0.574125 0.044140 1.226949
v 0.574150 -0.112387 1.224689
v 0.659734 0.044140 1.211695
v 0.574217 -0.242496 1.218609
v 0.574410 -0.343936 1.201054
v 0.901605 -0.348430 1.080617
v 0.908285 -0.242522 1.100447
v 0.854786 -0.242496 1.138096
v 0.911463 -0.112482 1.109387
v 0.914425 0.044140 1.112815
v 0.901605 -0.348430 1.080617
v 0.893204 -0.419028 1.047374
v 1.134974 -0.167424 0.847388
v 1.162224 -0.164244 0.842963
v 1.143763 0.044140 0.854489
v 1.170318 0.044140 0.849628
v 1.269066 -0.166707 0.836586
v 1.276188 0.044140 0.842858
v 1.408883 -0.166707 0.816045
v 1.415451 0.044140 0.824295
v 1.186372 -0.486205 0.775951
v 1.155254 -0.466801 0.786479
v 1.131456 -0.429625 0.799510
v 1.130029 -0.399096 0.806960
v 1.483839 -0.166707 0.801055
v 1.490959 0.044140 0.809875
v 1.552893 -0.166707 0.783957
v 1.614083 -0.166707 0.756084
v 1.561809 0.044140 0.793268
v 1.620180 0.044140 0.765693
v 1.664283 -0.166707 0.716836
v 1.672756 0.044140 0.726319
v 1.672756 0.044140 0.726319
v 1.664283 -0.166707 0.716836
v 1.700202 -0.166707 0.669335
v 1.707788 0.044140 0.681424
v 1.723380 -0.166707 0.625291
v 1.729378 0.044140 0.638819
v 1.739991 -0.166707 0.565732
v 1.743702 0.044140 0.575939
v 1.747015 -0.166792 0.487294
v 1.752998 0.044140 0.487492
v 1.656250 -0.317557 0.705894
v 1.694139 -0.313290 0.654471
v 1.716774 -0.309685 0.609293
v 1.731976 -0.307987 0.550686
v 1.735257 -0.307322 0.486693
v 1.744769 -0.308773 0.398216
v 1.757400 -0.167406 0.398291
v 1.765220 0.044140 0.398643
v 1.735313 -0.374235 0.398049
v 1.683438 -0.393410 0.635456
v 1.702212 -0.388998 0.587342
v 1.648599 -0.399694 0.688889
v 1.668279 -0.435644 0.614917
v 1.684591 -0.427245 0.571835
v 1.648599 -0.399694 0.688889
v 1.595583 -0.402968 0.728496
v 1.635701 -0.445093 0.666576
v 1.666440 -0.476750 0.558289
v 1.668279 -0.435644 0.614917
v 1.649390 -0.478560 0.596863
v 1.666440 -0.476750 0.558289
v 1.676351 -0.476575 0.518797
v 1.694154 -0.419613 0.538083
v 1.081215 -0.430072 0.811045
v 1.138251 -0.346590 0.821999
v 1.106117 -0.348092 0.826960
v 1.064552 -0.465642 0.803921
v 1.017751 -0.512487 0.795848
v 1.624462 -0.481231 0.643740
v -0.442450 -0.243557 1.168154
v -0.449407 -0.112176 1.172390
v -0.425756 -0.344414 1.158709
v -0.415523 -0.343906 1.169214
v -0.432407 -0.242436 1.177737
v -0.425756 -0.344414 1.158709
v -0.392909 -0.405311 1.163403
v -0.397281 -0.420390 1.143415
v -0.360604 -0.443195 1.157566
v -0.722439 -0.144816 0.909334
v -0.727353 -0.052020 0.913963
v -0.736093 -0.052009 0.905444
v -0.730853 -0.144750 0.901239
v -0.728875 0.044140 0.915359
v -0.738632 0.044140 0.906111
v -0.715940 -0.242376 0.900493
v -0.723882 -0.242310 0.892785
v -0.693511 -0.365120 0.881034
v -0.715940 -0.242376 0.900493
v -0.723882 -0.242310 0.892785
v -0.701842 -0.365223 0.872539
v -0.672848 -0.421387 0.867659
v -0.681851 -0.421383 0.858553
v -0.657121 -0.465425 0.845614
v -0.637115 -0.484781 0.839279
v -0.594479 -0.474379 0.889231
v -0.634415 -0.461633 0.869954
v -0.392909 -0.405311 1.163403
v -0.410921 -0.391394 1.150730
v -0.397281 -0.420390 1.143415
v -0.410921 -0.391394 1.150730
v -0.454653 0.044140 1.176291
v -0.634415 -0.461633 0.869954
v -0.657121 -0.465425 0.845614
v -0.818236 0.044140 0.898612
v -0.814187 -0.026073 0.896245
v -0.810569 -0.144085 0.892852
v -0.806059 -0.241752 0.883831
v -0.701842 -0.365223 0.872539
v -0.793307 -0.359385 0.865699
v -0.781384 -0.418649 0.849861
v -0.681851 -0.421383 0.858553
v -0.769264 -0.463615 0.836526
v -0.657121 -0.465425 0.845614
v -0.752212 -0.504871 0.823106
v -0.637115 -0.484781 0.839279
v -1.617568 -0.309740 0.764256
v -1.622813 -0.244408 0.779147
v -1.657848 -0.244408 0.759592
v -1.645437 -0.309740 0.749122
v -1.625463 -0.143856 0.788401
v -1.667137 -0.143856 0.765754
v -1.627581 -0.025859 0.795793
v -1.675076 -0.025737 0.772569
v -1.645437 -0.309740 0.749122
v -1.673663 -0.309740 0.723300
v -1.653709 -0.350281 0.714349
v -1.653709 -0.350281 0.714349
v -1.631878 -0.354637 0.725733
v -1.657848 -0.244408 0.759592
v -1.686774 -0.244408 0.731393
v -1.686774 -0.244408 0.731393
v -1.673663 -0.309740 0.723300
v -1.645437 -0.309740 0.749122
v -1.697544 -0.143856 0.740298
v -1.686774 -0.244408 0.731393
v -1.707844 -0.025737 0.744803
v -1.673663 -0.309740 0.723300
v -1.699400 -0.309740 0.682595
v -1.688128 -0.342442 0.672677
v -1.672363 -0.346185 0.698832
v -1.686774 -0.244408 0.731393
v -1.712124 -0.244408 0.690671
v -1.697544 -0.143856 0.740298
v -1.725836 -0.143856 0.697812
v -1.707844 -0.025737 0.744803
v -1.736008 -0.025737 0.703857
v -1.722605 -0.244408 0.637950
v -1.709260 -0.309740 0.630980
v -1.740903 -0.143856 0.646213
v -1.756950 -0.025737 0.651848
v -1.609964 -0.359015 0.732810
v -1.672363 -0.346185 0.698832
v -1.697101 -0.339796 0.626412
v -1.514874 -0.143856 0.817764
v -1.325734 -0.143856 0.848345
v -1.326019 -0.025847 0.852863
v -1.523093 -0.025843 0.823498
v -1.571255 -0.143856 0.806265
v -1.576212 -0.025842 0.812422
v -1.498650 -0.321953 0.791538
v -1.489641 -0.379587 0.756441
v -1.324953 -0.406610 0.780959
v -1.325147 -0.344688 0.815690
v -1.550634 -0.369498 0.746145
v -1.559219 -0.314465 0.781550
v -1.138297 -0.372215 0.838437
v -0.941548 -0.398420 0.854195
v -0.941841 -0.288854 0.874399
v -1.138522 -0.273411 0.857895
v -0.942052 -0.143856 0.887468
v -1.138675 -0.143856 0.869764
v -0.942163 -0.025851 0.890918
v -1.138775 -0.025849 0.873216
v -1.136794 -0.437983 0.800457
v -0.940520 -0.470926 0.814770
v -1.507511 -0.249234 0.806024
v -1.566334 -0.246264 0.796013
v -1.325464 -0.259149 0.834978
v -1.628263 0.044140 0.799160
v -1.678163 0.044140 0.773912
v -1.712552 0.044140 0.744747
v -1.712552 0.044140 0.744747
v -1.740711 0.044140 0.703807
v -1.762903 0.044140 0.653816
v -1.326111 0.044140 0.853519
v -1.526554 0.044140 0.825337
v -1.578341 0.044140 0.815145
v -0.942214 0.044140 0.890790
v -1.138825 0.044140 0.873090
v 0.765064 0.432216 1.157547
v 0.854995 0.433205 1.120518
v 0.855308 0.499648 1.096060
v 0.764432 0.490932 1.139072
v 0.764871 0.330776 1.175102
v 0.854786 0.330776 1.138096
v 0.764804 0.200667 1.181183
v 0.854695 0.200667 1.146358
v 0.660019 0.432216 1.185800
v 0.660239 0.492145 1.165776
v 0.659826 0.330776 1.203355
v 0.659759 0.200667 1.209435
v 0.573325 0.492145 1.181595
v 0.660729 0.539221 1.127399
v 0.573701 0.534844 1.150897
v 0.489021 0.492145 1.190818
v 0.489293 0.531428 1.166106
v -0.048125 0.492145 1.208685
v 0.144351 0.492145 1.210343
v 0.144622 0.531428 1.185630
v -0.047853 0.531428 1.183972
v -0.048345 0.432216 1.228709
v 0.144130 0.432216 1.230367
v -0.048538 0.330776 1.246264
v 0.143937 0.330776 1.247922
v -0.048605 0.200667 1.252345
v 0.143870 0.200667 1.254003
v -0.199444 0.492145 1.198248
v -0.199195 0.531428 1.175640
v -0.199664 0.432216 1.218272
v -0.199857 0.330776 1.235827
v -0.199924 0.200667 1.241908
v -0.283845 0.492145 1.187467
v -0.266557 0.531428 1.169591
v -0.297260 0.432216 1.204623
v -0.308118 0.330776 1.219638
v -0.312086 0.200667 1.225130
v -0.359931 0.492346 1.175142
v -0.324813 0.531420 1.162882
v -0.377224 0.432216 1.186420
v -0.392533 0.330776 1.196743
v -0.400539 0.200667 1.201539
v -0.415523 0.432186 1.169214
v -0.392909 0.493591 1.163403
v -0.432407 0.330716 1.177737
v -0.439090 0.200562 1.182330
v 0.829797 0.544073 1.063564
v 0.749560 0.546431 1.094334
v 0.764432 0.490932 1.139072
v 0.855308 0.499648 1.096060
v 1.708448 0.515573 0.438306
v 1.717462 0.519477 0.397852
v 1.692535 0.565790 0.397243
v 1.689168 0.565648 0.437994
v 1.624462 0.569511 0.643740
v 1.599280 0.572389 0.666472
v 1.635701 0.533373 0.666576
v 1.594432 0.538753 0.696940
v 1.570069 0.576277 0.685310
v 1.562521 0.542675 0.712319
v 1.594432 0.538753 0.696940
v 1.570069 0.576277 0.685310
v 1.511972 0.584495 0.709493
v 1.516340 0.548675 0.726166
v 1.434998 0.557678 0.742188
v 1.423849 0.595039 0.732090
v 1.225816 0.577698 0.769179
v 1.361345 0.565898 0.753727
v 1.354362 0.603613 0.744649
v 1.222584 0.613565 0.763576
v 1.143499 0.589851 0.780324
v 1.123730 0.359924 0.839160
v 1.151852 0.359788 0.833462
v 1.138251 0.434871 0.821999
v 1.106117 0.436372 0.826960
v 0.749560 0.546431 1.094334
v 1.648599 0.487975 0.688889
v 1.595583 0.491249 0.728496
v 1.606452 0.409024 0.743304
v 1.656250 0.405837 0.705894
v 1.528861 0.494958 0.752174
v 1.540065 0.414124 0.769686
v 1.454399 0.498066 0.765024
v 1.469042 0.419860 0.783773
v 1.375145 0.504396 0.776396
v 1.237212 0.514266 0.792529
v 1.248555 0.435174 0.812461
v 1.392774 0.426872 0.796008
v 1.258926 0.361358 0.826253
v 1.717365 0.468275 0.532764
v 1.710736 0.481757 0.494800
v 1.701499 0.500470 0.514765
v 1.717362 0.462341 0.487397
v 0.342896 0.200667 1.245826
v 0.342963 0.330776 1.239745
v 0.488541 0.200667 1.234478
v 0.488608 0.330776 1.228398
v 0.343156 0.432216 1.222190
v 0.488801 0.432216 1.210843
v 0.343648 0.531428 1.177454
v 0.343376 0.492145 1.202166
v -0.360604 0.531476 1.157566
v 0.574150 0.200667 1.224689
v 0.574217 0.330776 1.218609
v 0.574410 0.432216 1.201054
v 0.901605 0.436711 1.080617
v 0.908285 0.330803 1.100447
v 0.911463 0.200763 1.109387
v 0.901605 0.436711 1.080617
v 0.893204 0.507309 1.047374
v 1.134974 0.255705 0.847388
v 1.162224 0.252524 0.842963
v 1.269066 0.254987 0.836586
v 1.408883 0.254987 0.816045
v 1.186372 0.574485 0.775951
v 1.155254 0.555081 0.786479
v 1.131456 0.517905 0.799510
v 1.130029 0.487376 0.806960
v 1.483839 0.254987 0.801055
v 1.552893 0.254987 0.783957
v 1.614083 0.254987 0.756084
v 1.664283 0.254987 0.716836
v 1.700202 0.254987 0.669335
v 1.664283 0.254987 0.716836
v 1.723380 0.254987 0.625291
v 1.739991 0.254987 0.565732
v 1.747015 0.255072 0.487294
v 1.656250 0.405837 0.705894
v 1.694139 0.401571 0.654471
v 1.716774 0.397965 0.609293
v 1.731976 0.396267 0.550686
v 1.735257 0.395602 0.486693
v 1.757400 0.255687 0.398291
v 1.744769 0.397054 0.398216
v 1.735313 0.462516 0.398049
v 1.683438 0.481690 0.635456
v 1.702212 0.477278 0.587342
v 1.648599 0.487975 0.688889
v 1.668279 0.523925 0.614917
v 1.684591 0.515525 0.571835
v 1.595583 0.491249 0.728496
v 1.648599 0.487975 0.688889
v 1.635701 0.533373 0.666576
v 1.666440 0.565030 0.558289
v 1.649390 0.566840 0.596863
v 1.694154 0.507893 0.538083
v 1.676351 0.564856 0.518797
v 1.081215 0.518353 0.811045
v 1.064552 0.553923 0.803921
v 1.017751 0.600768 0.795848
v 1.624462 0.569511 0.643740
v -0.442450 0.331838 1.168154
v -0.449407 0.200457 1.172390
v -0.425756 0.432695 1.158709
v -0.432407 0.330716 1.177737
v -0.415523 0.432186 1.169214
v -0.425756 0.432695 1.158709
v -0.392909 0.493591 1.163403
v -0.360604 0.531476 1.157566
v -0.397281 0.508671 1.143415
v -0.722439 0.233096 0.909334
v -0.730853 0.233031 0.901239
v -0.736093 0.140289 0.905444
v -0.727353 0.140301 0.913963
v -0.715940 0.330656 0.900493
v -0.723882 0.330591 0.892785
v -0.693511 0.453400 0.881034
v -0.701842 0.453504 0.872539
v -0.723882 0.330591 0.892785
v -0.715940 0.330656 0.900493
v -0.672848 0.509668 0.867659
v -0.681851 0.509664 0.858553
v -0.657121 0.553705 0.845614
v -0.634415 0.549913 0.869954
v -0.594479 0.562660 0.889231
v -0.637115 0.573062 0.839279
v -0.392909 0.493591 1.163403
v -0.397281 0.508671 1.143415
v -0.410921 0.479674 1.150730
v -0.410921 0.479674 1.150730
v -0.392909 0.493591 1.163403
v -0.681851 0.509664 0.858553
v -0.672848 0.509668 0.867659
v -0.814187 0.114353 0.896245
v -0.810569 0.232366 0.892852
v -0.806059 0.330032 0.883831
v -0.701842 0.453504 0.872539
v -0.681851 0.509664 0.858553
v -0.781384 0.506929 0.849861
v -0.793307 0.447665 0.865699
v -0.657121 0.553705 0.845614
v -0.769264 0.551895 0.836526
v -0.637115 0.573062 0.839279
v -0.752212 0.593152 0.823106
v -1.617568 0.398020 0.764256
v -1.645437 0.398020 0.749122
v -1.657848 0.332689 0.759592
v -1.622813 0.332689 0.779147
v -1.667137 0.232137 0.765754
v -1.625463 0.232137 0.788401
v -1.675076 0.114017 0.772569
v -1.627581 0.114139 0.795793
v -1.631878 0.442918 0.725733
v -1.653709 0.438561 0.714349
v -1.653709 0.438561 0.714349
v -1.673663 0.398020 0.723300
v -1.645437 0.398020 0.749122
v -1.645437 0.398020 0.749122
v -1.673663 0.398020 0.723300
v -1.686774 0.332689 0.731393
v -1.686774 0.332689 0.731393
v -1.657848 0.332689 0.759592
v -1.686774 0.332689 0.731393
v -1.697544 0.232137 0.740298
v -1.707844 0.114017 0.744803
v -1.673663 0.398020 0.723300
v -1.672363 0.434465 0.698832
v -1.688128 0.430722 0.672677
v -1.699400 0.398020 0.682595
v -1.712124 0.332689 0.690671
v -1.686774 0.332689 0.731393
v -1.725836 0.232137 0.697812
v -1.697544 0.232137 0.740298
v -1.736008 0.114017 0.703857
v -1.707844 0.114017 0.744803
v -1.709260 0.398021 0.630980
v -1.722605 0.332689 0.637950
v -1.740903 0.232137 0.646213
v -1.756950 0.114018 0.651848
v -1.609964 0.447296 0.732810
v -1.672363 0.434465 0.698832
v -1.697101 0.428077 0.626412
v -1.514874 0.232137 0.817764
v -1.523093 0.114124 0.823498
v -1.326019 0.114127 0.852863
v -1.325734 0.232137 0.848345
v -1.576212 0.114122 0.812422
v -1.571255 0.232137 0.806265
v -1.498650 0.410233 0.791538
v -1.325147 0.432968 0.815690
v -1.324953 0.494891 0.780959
v -1.489641 0.467867 0.756441
v -1.559219 0.402746 0.781550
v -1.550634 0.457778 0.746145
v -1.138297 0.460495 0.838437
v -1.138522 0.361691 0.857895
v -0.941841 0.377134 0.874399
v -0.941548 0.486701 0.854195
v -1.138675 0.232137 0.869764
v -0.942052 0.232137 0.887468
v -1.138775 0.114130 0.873216
v -0.942163 0.114132 0.890918
v -0.942163 0.114132 0.890918
v -0.942052 0.232137 0.887468
v -1.138675 0.232137 0.869764
v -1.136794 0.526264 0.800457
v -0.941548 0.486701 0.854195
v -0.940520 0.559207 0.814770
v -0.806059 0.330032 0.883831
v -1.566334 0.334545 0.796013
v -1.507511 0.337515 0.806024
v -1.325464 0.347430 0.834978
v -1.019112 -0.467661 0.279116
v -1.046181 -0.467661 0.362426
v -1.057993 -0.518445 0.353844
v -1.033713 -0.518445 0.279116
v -1.046181 -0.467661 0.362426
v -1.117048 -0.467661 0.413914
v -1.121560 -0.518445 0.400028
v -1.057993 -0.518445 0.353844
v -1.204645 -0.467661 0.413914
v -1.200133 -0.518445 0.400028
v -1.275512 -0.467661 0.362426
v -1.263700 -0.518445 0.353844
v -1.275512 -0.467661 0.362426
v -1.302581 -0.467661 0.279116
v -1.287980 -0.518445 0.279116
v -1.263700 -0.518445 0.353844
v -1.275512 -0.467661 0.195807
v -1.263700 -0.518445 0.204389
v -1.275512 -0.467661 0.195807
v -1.204645 -0.467661 0.144319
v -1.200133 -0.518445 0.158205
v -1.263700 -0.518445 0.204389
v -1.117048 -0.467661 0.144319
v -1.121560 -0.518445 0.158205
v -1.046181 -0.467661 0.195807
v -1.057993 -0.518445 0.204389
v -1.046181 -0.467661 0.195807
v -1.057993 -0.518445 0.204389
v -1.117048 -0.467661 0.144319
v -1.204645 -0.467661 0.144319
v -1.275512 -0.467661 0.195807
v -1.302581 -0.467661 0.279116
v -1.275512 -0.467661 0.362426
v -1.204645 -0.467661 0.413914
v -1.117048 -0.467661 0.413914
v -1.046181 -0.467661 0.362426
v -1.019112 -0.467661 0.279116
v -1.046181 -0.467661 0.195807
v -1.138149 -0.559670 0.295607
v -1.152177 -0.559670 0.305799
v -1.169516 -0.559670 0.305799
v -1.183544 -0.559670 0.295607
v -1.188902 -0.559670 0.279116
v -1.183544 -0.559670 0.262626
v -1.169516 -0.559670 0.252434
v -1.152177 -0.559670 0.252434
v -1.138149 -0.559670 0.262626
v -1.132791 -0.559670 0.279116
v -1.033713 -0.518445 0.279116
v -1.057993 -0.518445 0.353844
v -1.123120 -0.518445 0.306526
v -1.114214 -0.518445 0.279116
v -1.121560 -0.518445 0.400028
v -1.146436 -0.518445 0.323467
v -1.200133 -0.518445 0.400028
v -1.175257 -0.518445 0.323467
v -1.263700 -0.518445 0.353844
v -1.198573 -0.518445 0.306526
v -1.287980 -0.518445 0.279116
v -1.207479 -0.518445 0.279116
v -1.263700 -0.518445 0.204389
v -1.198573 -0.518445 0.251706
v -1.200133 -0.518445 0.158205
v -1.175257 -0.518445 0.234766
v -1.121560 -0.518445 0.158205
v -1.146436 -0.518445 0.234766
v -1.057993 -0.518445 0.204389
v -1.123120 -0.518445 0.251706
v -1.114214 -0.518445 0.279116
v -1.123120 -0.518445 0.306526
v -1.138149 -0.559670 0.295607
v -1.132791 -0.559670 0.279116
v -1.123120 -0.518445 0.306526
v -1.146436 -0.518445 0.323467
v -1.152177 -0.559670 0.305799
v -1.138149 -0.559670 0.295607
v -1.146436 -0.518445 0.323467
v -1.175257 -0.518445 0.323467
v -1.169516 -0.559670 0.305799
v -1.152177 -0.559670 0.305799
v -1.175257 -0.518445 0.323467
v -1.198573 -0.518445 0.306526
v -1.183544 -0.559670 0.295607
v -1.169516 -0.559670 0.305799
v -1.198573 -0.518445 0.306526
v -1.207479 -0.518445 0.279116
v -1.188902 -0.559670 0.279116
v -1.183544 -0.559670 0.295607
v -1.207479 -0.518445 0.279116
v -1.198573 -0.518445 0.251706
v -1.183544 -0.559670 0.262626
v -1.188902 -0.559670 0.279116
v -1.198573 -0.518445 0.251706
v -1.175257 -0.518445 0.234766
v -1.169516 -0.559670 0.252434
v -1.183544 -0.559670 0.262626
v -1.175257 -0.518445 0.234766
v -1.146436 -0.518445 0.234766
v -1.152177 -0.559670 0.252434
v -1.169516 -0.559670 0.252434
v -1.146436 -0.518445 0.234766
v -1.123120 -0.518445 0.251706
v -1.138149 -0.559670 0.262626
v -1.152177 -0.559670 0.252434
v -1.123120 -0.518445 0.251706
v -1.114214 -0.518445 0.279116
v -1.132791 -0.559670 0.279116
v -1.138149 -0.559670 0.262626
v -1.046181 0.555942 0.362426
v -1.019112 0.555942 0.279116
v -1.057993 0.606726 0.353844
v -1.033713 0.606726 0.279116
v -1.117048 0.555942 0.413914
v -1.046181 0.555942 0.362426
v -1.121560 0.606726 0.400028
v -1.057993 0.606726 0.353844
v -1.204645 0.555942 0.413914
v -1.200133 0.606726 0.400028
v -1.275512 0.555942 0.362426
v -1.263700 0.606726 0.353844
v -1.302581 0.555942 0.279116
v -1.275512 0.555942 0.362426
v -1.287980 0.606726 0.279116
v -1.263700 0.606726 0.353844
v -1.275512 0.555942 0.195807
v -1.263700 0.606726 0.204389
v -1.204645 0.555942 0.144319
v -1.275512 0.555942 0.195807
v -1.200133 0.606726 0.158205
v -1.263700 0.606726 0.204389
v -1.117048 0.555942 0.144319
v -1.121560 0.606726 0.158205
v -1.046181 0.555942 0.195807
v -1.057993 0.606726 0.204389
v -1.046181 0.555942 0.195807
v -1.057993 0.606726 0.204389
v -1.204645 0.555942 0.144319
v -1.117048 0.555942 0.144319
v -1.275512 0.555942 0.195807
v -1.302581 0.555942 0.279116
v -1.275512 0.555942 0.362426
v -1.204645 0.555942 0.413914
v -1.117048 0.555942 0.413914
v -1.046181 0.555942 0.362426
v -1.019112 0.555942 0.279116
v -1.046181 0.555942 0.195807
v -1.152177 0.647951 0.305799
v -1.138149 0.647951 0.295607
v -1.169516 0.647951 0.305799
v -1.183544 0.647951 0.295607
v -1.188902 0.647951 0.279116
v -1.183544 0.647951 0.262626
v -1.169516 0.647951 0.252434
v -1.152177 0.647951 0.252434
v -1.138149 0.647951 0.262626
v -1.132791 0.647951 0.279116
v -1.057993 0.606726 0.353844
v -1.033713 0.606726 0.279116
v -1.123120 0.606726 0.306526
v -1.114214 0.606726 0.279116
v -1.121560 0.606726 0.400028
v -1.146436 0.606726 0.323467
v -1.200133 0.606726 0.400028
v -1.175257 0.606726 0.323467
v -1.263700 0.606726 0.353844
v -1.198573 0.606726 0.306526
v -1.287980 0.606726 0.279116
v -1.207479 0.606726 0.279116
v -1.263700 0.606726 0.204389
v -1.198573 0.606726 0.251706
v -1.200133 0.606726 0.158205
v -1.175257 0.606726 0.234766
v -1.121560 0.606726 0.158205
v -1.146436 0.606726 0.234766
v -1.057993 0.606726 0.204389
v -1.123120 0.606726 0.251706
v -1.123120 0.606726 0.306526
v -1.114214 0.606726 0.279116
v -1.138149 0.647951 0.295607
v -1.132791 0.647951 0.279116
v -1.146436 0.606726 0.323467
v -1.123120 0.606726 0.306526
v -1.152177 0.647951 0.305799
v -1.138149 0.647951 0.295607
v -1.175257 0.606726 0.323467
v -1.146436 0.606726 0.323467
v -1.169516 0.647951 0.305799
v -1.152177 0.647951 0.305799
v -1.198573 0.606726 0.306526
v -1.175257 0.606726 0.323467
v -1.183544 0.647951 0.295607
v -1.169516 0.647951 0.305799
v -1.207479 0.606726 0.279116
v -1.198573 0.606726 0.306526
v -1.188902 0.647951 0.279116
v -1.183544 0.647951 0.295607
v -1.198573 0.606726 0.251706
v -1.207479 0.606726 0.279116
v -1.183544 0.647951 0.262626
v -1.188902 0.647951 0.279116
v -1.175257 0.606726 0.234766
v -1.198573 0.606726 0.251706
v -1.169516 0.647951 0.252434
v -1.183544 0.647951 0.262626
v -1.146436 0.606726 0.234766
v -1.175257 0.606726 0.234766
v -1.152177 0.647951 0.252434
v -1.169516 0.647951 0.252434
v -1.123120 0.606726 0.251706
v -1.146436 0.606726 0.234766
v -1.138149 0.647951 0.262626
v -1.152177 0.647951 0.252434
v -1.114214 0.606726 0.279116
v -1.123120 0.606726 0.251706
v -1.132791 0.647951 0.279116
v -1.138149 0.647951 0.262626
v 0.785096 0.555942 0.279116
v 0.812164 0.555942 0.362425
v 0.823976 0.606726 0.353843
v 0.799696 0.606726 0.279116
v 0.812164 0.555942 0.362425
v 0.883032 0.555942 0.413913
v 0.887543 0.606726 0.400028
v 0.823976 0.606726 0.353843
v 0.970628 0.555942 0.413913
v 0.966116 0.606726 0.400028
v 1.041495 0.555942 0.362425
v 1.029683 0.606726 0.353843
v 1.041495 0.555942 0.362425
v 1.068564 0.555942 0.279116
v 1.053964 0.606726 0.279116
v 1.029683 0.606726 0.353843
v 1.041495 0.555942 0.195807
v 1.029683 0.606726 0.204389
v 1.041495 0.555942 0.195807
v 0.970628 0.555942 0.144319
v 0.966116 0.606726 0.158204
v 1.029683 0.606726 0.204389
v 0.883031 0.555942 0.144319
v 0.887543 0.606726 0.158205
v 0.812164 0.555942 0.195807
v 0.823976 0.606726 0.204389
v 0.812164 0.555942 0.195807
v 0.823976 0.606726 0.204389
v 0.883031 0.555942 0.144319
v 0.970628 0.555942 0.144319
v 1.041495 0.555942 0.195807
v 1.068564 0.555942 0.279116
v 1.041495 0.555942 0.362425
v 0.970628 0.555942 0.413913
v 0.883032 0.555942 0.413913
v 0.812164 0.555942 0.362425
v 0.785096 0.555942 0.279116
v 0.812164 0.555942 0.195807
v 0.904133 0.647951 0.295607
v 0.918160 0.647951 0.305798
v 0.935500 0.647951 0.305798
v 0.949527 0.647951 0.295607
v 0.954885 0.647951 0.279116
v 0.949527 0.647951 0.262625
v 0.935500 0.647951 0.252434
v 0.918160 0.647951 0.252434
v 0.904132 0.647951 0.262625
v 0.898774 0.647951 0.279116
v 0.799696 0.606726 0.279116
v 0.823976 0.606726 0.353843
v 0.889103 0.606726 0.306526
v 0.880197 0.606726 0.279116
v 0.887543 0.606726 0.400028
v 0.912420 0.606726 0.323466
v 0.966116 0.606726 0.400028
v 0.941240 0.606726 0.323466
v 1.029683 0.606726 0.353843
v 0.964556 0.606726 0.306526
v 1.053964 0.606726 0.279116
v 0.973463 0.606726 0.279116
v 1.029683 0.606726 0.204389
v 0.964556 0.606726 0.251706
v 0.966116 0.606726 0.158204
v 0.941240 0.606726 0.234766
v 0.887543 0.606726 0.158205
v 0.912420 0.606726 0.234766
v 0.823976 0.606726 0.204389
v 0.889103 0.606726 0.251706
v 0.880197 0.606726 0.279116
v 0.889103 0.606726 0.306526
v 0.904133 0.647951 0.295607
v 0.898774 0.647951 0.279116
v 0.889103 0.606726 0.306526
v 0.912420 0.606726 0.323466
v 0.918160 0.647951 0.305798
v 0.904133 0.647951 0.295607
v 0.912420 0.606726 0.323466
v 0.941240 0.606726 0.323466
v 0.935500 0.647951 0.305798
v 0.918160 0.647951 0.305798
v 0.941240 0.606726 0.323466
v 0.964556 0.606726 0.306526
v 0.949527 0.647951 0.295607
v 0.935500 0.647951 0.305798
v 0.964556 0.606726 0.306526
v 0.973463 0.606726 0.279116
v 0.954885 0.647951 0.279116
v 0.949527 0.647951 0.295607
v 0.973463 0.606726 0.279116
v 0.964556 0.606726 0.251706
v 0.949527 0.647951 0.262625
v 0.954885 0.647951 0.279116
v 0.964556 0.606726 0.251706
v 0.941240 0.606726 0.234766
v 0.935500 0.647951 0.252434
v 0.949527 0.647951 0.262625
v 0.941240 0.606726 0.234766
v 0.912420 0.606726 0.234766
v 0.918160 0.647951 0.252434
v 0.935500 0.647951 0.252434
v 0.912420 0.606726 0.234766
v 0.889103 0.606726 0.251706
v 0.904132 0.647951 0.262625
v 0.918160 0.647951 0.252434
v 0.889103 0.606726 0.251706
v 0.880197 0.606726 0.279116
v 0.898774 0.647951 0.279116
v 0.904132 0.647951 0.262625
v 0.812164 -0.467661 0.362425
v 0.785096 -0.467661 0.279116
v 0.823976 -0.518445 0.353843
v 0.799696 -0.518445 0.279116
v 0.883032 -0.467661 0.413913
v 0.812164 -0.467661 0.362425
v 0.887543 -0.518445 0.400028
v 0.823976 -0.518445 0.353843
v 0.970628 -0.467661 0.413913
v 0.966116 -0.518445 0.400028
v 1.041495 -0.467661 0.362425
v 1.029683 -0.518445 0.353843
v 1.068564 -0.467661 0.279116
v 1.041495 -0.467661 0.362425
v 1.053964 -0.518445 0.279116
v 1.029683 -0.518445 0.353843
v 1.041495 -0.467661 0.195807
v 1.029683 -0.518445 0.204389
v 0.970628 -0.467661 0.144319
v 1.041495 -0.467661 0.195807
v 0.966116 -0.518445 0.158204
v 1.029683 -0.518445 0.204389
v 0.883031 -0.467661 0.144319
v 0.887543 -0.518445 0.158205
v 0.812164 -0.467661 0.195807
v 0.823976 -0.518445 0.204389
v 0.812164 -0.467661 0.195807
v 0.823976 -0.518445 0.204389
v 0.970628 -0.467661 0.144319
v 0.883031 -0.467661 0.144319
v 1.041495 -0.467661 0.195807
v 1.068564 -0.467661 0.279116
v 1.041495 -0.467661 0.362425
v 0.970628 -0.467661 0.413913
v 0.883032 -0.467661 0.413913
v 0.812164 -0.467661 0.362425
v 0.785096 -0.467661 0.279116
v 0.812164 -0.467661 0.195807
v 0.918160 -0.559670 0.305798
v 0.904133 -0.559670 0.295607
v 0.935500 -0.559670 0.305798
v 0.949527 -0.559670 0.295607
v 0.954885 -0.559670 0.279116
v 0.949527 -0.559670 0.262625
v 0.935500 -0.559670 0.252434
v 0.918160 -0.559670 0.252434
v 0.904132 -0.559670 0.262625
v 0.898774 -0.559670 0.279116
v 0.823976 -0.518445 0.353843
v 0.799696 -0.518445 0.279116
v 0.889103 -0.518445 0.306526
v 0.880197 -0.518445 0.279116
v 0.887543 -0.518445 0.400028
v 0.912420 -0.518445 0.323466
v 0.966116 -0.518445 0.400028
v 0.941240 -0.518445 0.323466
v 1.029683 -0.518445 0.353843
v 0.964556 -0.518445 0.306526
v 1.053964 -0.518445 0.279116
v 0.973463 -0.518445 0.279116
v 1.029683 -0.518445 0.204389
v 0.964556 -0.518445 0.251706
v 0.966116 -0.518445 0.158204
v 0.941240 -0.518445 0.234766
v 0.887543 -0.518445 0.158205
v 0.912420 -0.518445 0.234766
v 0.823976 -0.518445 0.204389
v 0.889103 -0.518445 0.251706
v 0.889103 -0.518445 0.306526
v 0.880197 -0.518445 0.279116
v 0.904133 -0.559670 0.295607
v 0.898774 -0.559670 0.279116
v 0.912420 -0.518445 0.323466
v 0.889103 -0.518445 0.306526
v 0.918160 -0.559670 0.305798
v 0.904133 -0.559670 0.295607
v 0.941240 -0.518445 0.323466
v 0.912420 -0.518445 0.323466
v 0.935500 -0.559670 0.305798
v 0.918160 -0.559670 0.305798
v 0.964556 -0.518445 0.306526
v 0.941240 -0.518445 0.323466
v 0.949527 -0.559670 0.295607
v 0.935500 -0.559670 0.305798
v 0.973463 -0.518445 0.279116
v 0.964556 -0.518445 0.306526
v 0.954885 -0.559670 0.279116
v 0.949527 -0.559670 0.295607
v 0.964556 -0.518445 0.251706
v 0.973463 -0.518445 0.279116
v 0.949527 -0.559670 0.262625
v 0.954885 -0.559670 0.279116
v 0.941240 -0.518445 0.234766
v 0.964556 -0.518445 0.251706
v 0.935500 -0.559670 0.252434
v 0.949527 -0.559670 0.262625
v 0.912420 -0.518445 0.234766
v 0.941240 -0.518445 0.234766
v 0.918160 -0.559670 0.252434
v 0.935500 -0.559670 0.252434
v 0.889103 -0.518445 0.251706
v 0.912420 -0.518445 0.234766
v 0.904132 -0.559670 0.262625
v 0.918160 -0.559670 0.252434
v 0.880197 -0.518445 0.279116
v 0.889103 -0.518445 0.251706
v 0.898774 -0.559670 0.279116
v 0.904132 -0.559670 0.262625
v 1.487692 -0.463624 0.272892
v 1.487692 -0.416080 0.272892
v 1.487692 -0.416080 0.325525
v 1.487692 -0.463624 0.325525
v 0.990071 -0.463624 0.220103
v 0.990071 -0.416080 0.220103
v 1.487692 -0.416080 0.272892
v 1.487692 -0.463624 0.272892
v 0.990071 -0.416080 0.220103
v 0.990071 -0.416080 0.272736
v 1.487692 -0.416080 0.325525
v 1.487692 -0.416080 0.272892
v 0.990071 -0.416080 0.272736
v 0.990071 -0.463624 0.272736
v 1.487692 -0.463624 0.325525
v 1.487692 -0.416080 0.325525
v 0.990071 -0.463624 0.272736
v 0.990071 -0.463624 0.220103
v 1.487692 -0.463624 0.272892
v 1.487692 -0.463624 0.325525
v 0.990071 0.500720 0.220103
v 0.990071 0.548263 0.220103
v 1.487692 0.548263 0.272892
v 1.487692 0.500720 0.272892
v 0.990071 0.548263 0.220103
v 0.990071 0.548263 0.272736
v 1.487692 0.548263 0.325525
v 1.487692 0.548263 0.272892
v 0.990071 0.548263 0.272736
v 0.990071 0.500720 0.272736
v 1.487692 0.500720 0.325525
v 1.487692 0.548263 0.325525
v 0.990071 0.500720 0.272736
v 0.990071 0.500720 0.220103
v 1.487692 0.500720 0.272892
v 1.487692 0.500720 0.325525
v 0.492451 -0.416080 0.220103
v 0.492451 -0.463624 0.220103
v 0.492451 -0.416080 0.272736
v 0.492451 -0.463624 0.272736
v 0.990071 -0.416080 0.220103
v 0.990071 -0.463624 0.220103
v 0.492451 -0.416080 0.220103
v 0.492451 -0.463624 0.220103
v 0.990071 -0.416080 0.272736
v 0.990071 -0.416080 0.220103
v 0.492451 -0.416080 0.272736
v 0.492451 -0.416080 0.220103
v 0.990071 -0.463624 0.272736
v 0.990071 -0.416080 0.272736
v 0.492451 -0.463624 0.272736
v 0.492451 -0.416080 0.272736
v 0.990071 -0.463624 0.220103
v 0.990071 -0.463624 0.272736
v 0.492451 -0.463624 0.220103
v 0.492451 -0.463624 0.272736
v 0.990071 0.548263 0.220103
v 0.990071 0.500720 0.220103
v 0.492451 0.548263 0.220103
v 0.492451 0.500720 0.220103
v 0.990071 0.548263 0.272736
v 0.990071 0.548263 0.220103
v 0.492451 0.548263 0.272736
v 0.492451 0.548263 0.220103
v 0.990071 0.500720 0.272736
v 0.990071 0.548263 0.272736
v 0.492451 0.500720 0.272736
v 0.492451 0.548263 0.272736
v 0.990071 0.500720 0.220103
v 0.990071 0.500720 0.272736
v 0.492451 0.500720 0.220103
v 0.492451 0.500720 0.272736
v -1.308338 -0.453480 0.220104
v -1.260795 -0.453480 0.220104
v -1.260795 -0.453480 0.272737
v -1.308338 -0.453480 0.272737
v -1.308338 0.044140 0.220104
v -1.260795 0.044140 0.220104
v -1.260795 -0.453480 0.220104
v -1.308338 -0.453480 0.220104
v -1.260795 0.044140 0.220104
v -1.260795 0.044140 0.272737
v -1.260795 -0.453480 0.272737
v -1.260795 -0.453480 0.220104
v -1.260795 0.044140 0.272737
v -1.308338 0.044140 0.272737
v -1.308338 -0.453480 0.272737
v -1.260795 -0.453480 0.272737
v -1.308338 0.044140 0.272737
v -1.308338 0.044140 0.220104
v -1.308338 -0.453480 0.220104
v -1.308338 -0.453480 0.272737
v -1.155757 0.044140 0.220104
v -1.108214 0.044140 0.220104
v -1.108214 -0.453480 0.220104
v -1.155757 -0.453480 0.220104
v -1.108214 0.044140 0.220104
v -1.108214 0.044140 0.272737
v -1.108214 -0.453480 0.272736
v -1.108214 -0.453480 0.220104
v -1.108214 0.044140 0.272737
v -1.155757 0.044140 0.272737
v -1.155757 -0.453480 0.272736
v -1.108214 -0.453480 0.272736
v -1.155757 0.044140 0.272737
v -1.155757 0.044140 0.220104
v -1.155757 -0.453480 0.220104
v -1.155757 -0.453480 0.272736
v -1.260795 0.541761 0.220104
v -1.308338 0.541761 0.220104
v -1.260795 0.541761 0.272737
v -1.308338 0.541761 0.272737
v -1.260795 0.044140 0.220104
v -1.308338 0.044140 0.220104
v -1.260795 0.541761 0.220104
v -1.308338 0.541761 0.220104
v -1.260795 0.044140 0.272737
v -1.260795 0.044140 0.220104
v -1.260795 0.541761 0.272737
v -1.260795 0.541761 0.220104
v -1.308338 0.044140 0.272737
v -1.260795 0.044140 0.272737
v -1.308338 0.541761 0.272737
v -1.260795 0.541761 0.272737
v -1.308338 0.044140 0.220104
v -1.308338 0.044140 0.272737
v -1.308338 0.541761 0.220104
v -1.308338 0.541761 0.272737
v -1.108214 0.044140 0.220104
v -1.155757 0.044140 0.220104
v -1.108214 0.541761 0.220104
v -1.155757 0.541761 0.220104
v -1.108214 0.044140 0.272737
v -1.108214 0.044140 0.220104
v -1.108214 0.541761 0.272736
v -1.108214 0.541761 0.220104
v -1.155757 0.044140 0.272737
v -1.108214 0.044140 0.272737
v -1.155757 0.541761 0.272736
v -1.108214 0.541761 0.272736
v -1.155757 0.044140 0.220104
v -1.155757 0.044140 0.272737
v -1.155757 0.541761 0.220104
v -1.155757 0.541761 0.272736
vn 0.0639 -0.7465 0.6623
vn 0.0093 -0.9231 0.3843
vn 0.0265 -0.9141 0.4045
vn 0.1081 -0.7497 0.6529
vn -0.0017 -0.9424 0.3344
vn 0.0116 -0.7578 0.6523
vn -0.0263 -0.7720 0.6351
vn -0.0444 -0.7174 0.6953
vn -0.0478 -0.9093 0.4134
vn -0.0794 -0.6624 0.7449
vn 0.1324 -0.9230 0.3613
vn 0.3380 -0.7608 0.5541
vn 0.2054 -0.7696 0.6046
vn 0.0940 -0.9134 0.3960
vn 0.0573 -0.9034 0.4249
vn 0.1465 -0.7511 0.6438
vn -0.0617 -0.4924 0.8682
vn -0.0343 -0.8536 0.5198
vn 0.1344 0.9672 0.2156
vn 0.7037 0.4111 0.5794
vn 0.5252 0.3409 0.7797
vn 0.3868 0.2829 0.8777
vn 0.1014 0.9410 0.3230
vn 0.2253 0.1865 0.9563
vn 0.0847 0.8995 0.4286
vn 0.2252 0.1865 0.9563
vn 0.0667 0.6303 0.7735
vn 0.0655 0.7521 0.6558
vn 0.0655 0.7522 0.6557
vn 0.1093 -0.0231 0.9937
vn 0.1049 0.0157 0.9944
vn 0.1823 0.0973 0.9784
vn 0.0395 -0.7655 0.6422
vn 0.0195 -0.9307 0.3653
vn -0.3357 -0.6566 0.6754
vn 0.3380 -0.7607 0.5541
vn 0.3836 -0.7875 0.4823
vn 0.5805 -0.5811 0.5704
vn 0.4969 -0.6826 0.5359
vn 0.8258 0.4000 0.3975
vn 0.2008 0.9738 0.1072
vn 0.2807 0.9537 0.1077
vn 0.8683 0.4068 0.2839
vn 0.3321 0.9399 0.0797
vn 0.8820 0.4373 0.1758
vn 0.1341 0.1228 0.9833
vn 0.1259 -0.1139 0.9855
vn 0.1099 0.1159 0.9872
vn 0.1193 0.1284 0.9845
vn 0.1534 -0.2447 0.9574
vn 0.1099 0.1160 0.9872
vn 0.0808 -0.1147 0.9901
vn 0.1003 -0.1485 0.9838
vn 0.8679 0.4826 0.1172
vn 0.3471 0.9374 -0.0298
vn 0.8848 0.4564 0.0938
vn 0.6702 0.7236 0.1652
vn 0.7249 0.6364 -0.2635
vn 0.1145 -0.7975 0.5924
vn 0.1145 -0.7974 0.5924
vn 0.2703 -0.5916 0.7596
vn 0.3269 -0.5494 0.7689
vn 0.1323 -0.9230 0.3613
vn 0.0133 -0.8487 0.5286
vn 0.1144 -0.7975 0.5924
vn 0.3836 -0.7876 0.4823
vn 0.2703 -0.5917 0.7595
vn 0.5542 -0.7440 0.3732
vn 0.5542 -0.7441 0.3732
vn 0.2727 -0.3994 0.8753
vn 0.3269 -0.5494 0.7690
vn -0.1888 -0.9372 0.2932
vn -0.1172 -0.9608 0.2512
vn -0.1423 -0.6200 0.7716
vn -0.4236 -0.7611 0.4912
vn -0.2372 -0.6543 0.7181
vn -0.4080 -0.7811 0.4727
vn -0.0344 -0.8536 0.5197
vn -0.3358 -0.6566 0.6754
vn -0.6221 -0.5554 0.5518
vn -0.4320 -0.7870 0.4404
vn -0.0662 -0.2756 0.9590
vn -0.2371 -0.6543 0.7181
vn -0.4514 -0.5554 -0.6984
vn -0.1448 -0.9797 -0.1389
vn -0.2928 -0.9139 -0.2811
vn -0.2517 -0.9419 -0.2226
vn -0.8137 -0.4070 -0.4151
vn -0.6047 -0.6833 -0.4092
vn -0.0163 -0.8186 0.5741
vn -0.0065 -0.9665 0.2567
vn 0.0001 -0.9684 0.2494
vn -0.0040 -0.8256 0.5642
vn -0.0201 -0.5880 0.8086
vn -0.0163 -0.8186 0.5742
vn -0.0040 -0.8256 0.5643
vn -0.0081 -0.5933 0.8050
vn -0.0276 -0.3190 0.9474
vn -0.0201 -0.5879 0.8087
vn -0.0081 -0.5932 0.8050
vn -0.0202 -0.3779 0.9256
vn -0.0338 -0.8094 0.5863
vn -0.0297 -0.9549 0.2955
vn -0.0379 -0.5876 0.8083
vn -0.0351 -0.2670 0.9631
vn -0.0379 -0.5875 0.8083
vn -0.0760 -0.2659 0.9610
vn -0.0378 -0.9645 0.2612
vn -0.0373 -0.9993 -0.0002
vn -0.0274 -0.9990 0.0344
vn -0.0370 -0.8091 0.5865
vn -0.0390 -0.5869 0.8087
vn -0.0370 -0.8091 0.5866
vn -0.0421 -0.3096 0.9499
vn -0.0414 0.0039 0.9991
vn -0.0456 -0.9663 0.2535
vn -0.0487 -0.9988 -0.0092
vn -0.0497 -0.8145 0.5780
vn -0.0512 -0.5842 0.8100
vn -0.0513 -0.2955 0.9540
vn -0.0512 -0.5841 0.8100
vn -0.0536 -0.0018 0.9986
vn -0.0547 0.2294 0.9718
vn -0.1047 -0.1682 0.9802
vn -0.0726 -0.9643 0.2546
vn -0.0639 -0.9972 -0.0382
vn -0.0781 -0.8068 0.5857
vn -0.0834 -0.5869 0.8053
vn -0.0781 -0.8067 0.5857
vn -0.0497 -0.8145 0.5781
vn -0.0835 -0.5869 0.8054
vn -0.0852 -0.3070 0.9479
vn -0.0834 -0.5868 0.8054
vn -0.0844 -0.0000 0.9964
vn -0.0885 0.2327 0.9685
vn -0.0958 0.3483 0.9325
vn -0.1295 -0.0958 0.9869
vn -0.1083 -0.9582 0.2648
vn -0.0852 -0.9963 -0.0060
vn -0.1183 -0.8037 0.5832
vn -0.1242 -0.5835 0.8026
vn -0.1183 -0.8036 0.5833
vn -0.1284 -0.3065 0.9432
vn -0.1304 0.0003 0.9915
vn -0.1358 0.2728 0.9524
vn -0.1767 0.3970 0.9007
vn -0.2208 0.3658 0.9041
vn -0.1787 -0.0831 0.9804
vn -0.1189 -0.9491 0.2918
vn -0.1051 -0.9944 0.0144
vn -0.1410 -0.8028 0.5794
vn -0.1487 -0.5833 0.7985
vn -0.1410 -0.8027 0.5794
vn -0.1543 -0.3068 0.9392
vn -0.1487 -0.5832 0.7986
vn -0.1574 -0.0005 0.9875
vn -0.1576 0.3057 0.9390
vn -0.1713 0.5744 0.8004
vn -0.3735 0.6571 0.6548
vn -0.1713 0.5745 0.8004
vn -0.1767 0.3970 0.9006
vn -0.3735 0.6570 0.6548
vn -0.3699 0.3566 0.8579
vn -0.6297 0.4593 0.6265
vn -0.3736 0.6571 0.6548
vn -0.4158 -0.1144 0.9022
vn -0.2814 -0.1010 0.9543
vn -0.5869 -0.1204 0.8006
vn -0.9800 -0.1979 0.0226
vn -0.9967 -0.0659 -0.0479
vn -0.9434 0.2122 0.2548
vn -0.9319 -0.1459 0.3319
vn -0.9834 0.1805 0.0192
vn -0.7363 0.5858 0.3386
vn -0.6195 0.5469 -0.5631
vn -0.9109 0.2039 -0.3588
vn -0.8717 0.1359 -0.4708
vn -0.5706 0.3094 -0.7607
vn -0.9718 0.1491 -0.1827
vn -0.1700 -0.9689 -0.1799
vn -0.1868 -0.9630 -0.1945
vn 0.0018 -0.9991 0.0429
vn -0.9070 -0.0977 -0.4096
vn -0.9234 0.0204 -0.3833
vn -0.7023 0.0048 -0.7119
vn -0.7333 -0.1369 -0.6660
vn -0.0680 -0.9941 -0.0848
vn -0.4777 -0.7909 -0.3825
vn -0.5806 -0.6712 -0.4608
vn -0.5058 -0.7545 -0.4183
vn -0.8717 0.1358 -0.4708
vn -0.9663 -0.0141 -0.2569
vn -0.9211 -0.0727 -0.3824
vn -0.7914 -0.0094 -0.6113
vn -0.7913 -0.0094 -0.6113
vn -0.4912 -0.0179 -0.8708
vn -0.5706 0.3093 -0.7607
vn -0.8717 0.1358 -0.4709
vn -0.6718 -0.2708 -0.6895
vn -0.7493 -0.2863 -0.5971
vn -0.7778 -0.3309 -0.5344
vn -0.9625 -0.0147 -0.2710
vn -0.6047 -0.6833 -0.4091
vn -0.1996 -0.1246 0.9719
vn -0.9999 -0.0083 -0.0147
vn -0.6718 -0.2709 -0.6894
vn -0.7493 -0.2864 -0.5971
vn -0.7777 -0.3309 -0.5344
vn -0.7569 -0.4838 -0.4393
vn -0.4778 -0.7908 -0.3825
vn -0.4778 -0.7908 -0.3826
vn -0.5059 -0.7544 -0.4183
vn -0.7778 -0.3310 -0.5344
vn -0.7569 -0.4838 -0.4394
vn -0.7207 -0.5378 -0.4374
vn -0.5807 -0.6712 -0.4608
vn -0.7570 -0.4837 -0.4394
vn -0.7208 -0.5377 -0.4374
vn -0.4831 -0.7440 -0.4616
vn -0.4832 -0.7439 -0.4617
vn -0.6048 -0.6833 -0.4092
vn -0.7877 -0.1048 0.6071
vn -0.6297 0.4593 0.6266
vn -0.9109 0.2038 -0.3587
vn -0.9918 -0.0034 -0.1278
vn -0.9472 -0.0000 -0.3208
vn -0.9236 -0.0000 -0.3833
vn -0.6007 -0.0002 -0.7994
vn -0.0126 -0.4150 0.9097
vn -0.0429 -0.7457 0.6649
vn 0.0069 -0.7782 0.6280
vn -0.0180 -0.7746 0.6322
vn 0.0099 -0.5688 0.8224
vn 0.0321 -0.5576 0.8295
vn 0.0110 -0.8543 0.5196
vn -0.0066 -0.9791 0.2035
vn -0.0137 -0.9999 -0.0051
vn -0.0101 -0.9983 -0.0568
vn -0.0015 -0.9984 -0.0562
vn -0.0030 -1.0000 -0.0079
vn -0.0094 -0.9992 -0.0397
vn -0.0019 -0.9988 -0.0486
vn -0.0025 -0.9962 -0.0871
vn -0.0137 -0.9999 0.0062
vn -0.0087 -0.9999 0.0074
vn -0.0302 -0.9992 0.0260
vn -0.1503 -0.9298 0.3360
vn -0.0163 -0.9477 0.3189
vn -0.2618 -0.8906 0.3719
vn -0.1069 -0.9678 0.2278
vn -0.0765 -0.9800 0.1839
vn -0.0878 -0.9704 0.2250
vn -0.0507 -0.9645 0.2593
vn -0.0552 -0.9764 0.2090
vn 0.0053 -0.9663 0.2573
vn 0.0025 -0.9678 0.2516
vn -0.0041 -0.9649 0.2625
vn 0.0249 -0.9680 0.2496
vn 0.0251 -0.9694 0.2443
vn 0.0095 -0.9706 0.2404
vn -0.0084 -0.9789 0.2043
vn 0.0176 -0.7112 0.7028
vn 0.0099 -0.5689 0.8223
vn -0.1157 -0.0000 0.9933
vn -0.0412 0.7327 0.6793
vn 0.3066 0.6765 0.6696
vn 0.1970 -0.0000 0.9804
vn 0.7624 -0.0000 0.6472
vn 0.6943 -0.0000 0.7196
vn 0.6944 -0.0000 0.7196
vn 0.7624 -0.0000 0.6471
vn 0.9999 -0.0000 0.0100
vn 0.9973 -0.0000 0.0734
vn 0.8554 -0.0000 -0.5180
vn 0.8741 -0.0000 -0.4858
vn 0.8740 -0.0000 -0.4859
vn 0.8553 -0.0000 -0.5181
vn 0.6550 -0.0000 -0.7556
vn 0.6590 -0.0000 -0.7521
vn 0.4850 -0.0000 -0.8745
vn 0.4729 -0.0000 -0.8811
vn 0.0548 0.1818 -0.9818
vn 0.1593 -0.0000 -0.9872
vn -0.1214 0.2630 -0.9571
vn -0.2418 -0.0000 -0.9703
vn -0.5144 -0.0000 0.8575
vn -0.8759 -0.0000 0.4825
vn -0.6218 0.7676 0.1556
vn -0.3462 0.8208 0.4544
vn -0.9828 -0.0000 0.1848
vn -0.6914 0.7191 -0.0695
vn -1.0000 -0.0000 0.0037
vn -0.6866 0.6986 -0.2013
vn -0.9581 -0.0000 -0.2865
vn -0.5754 0.7039 -0.4165
vn -0.6866 -0.0000 -0.7270
vn -0.3628 0.7168 -0.5955
vn -0.6866 -0.0000 -0.7271
vn -0.3627 0.7168 -0.5955
vn -0.3462 0.8207 0.4545
vn -0.5143 -0.0000 0.8576
vn 0.0940 -0.9135 0.3959
vn 0.0335 -0.9520 0.3044
vn 0.0303 -0.9538 0.2989
vn 0.0193 -0.9410 0.3379
vn -0.0539 -0.9660 0.2530
vn 0.0445 -0.9724 0.2291
vn 0.0262 -0.9802 0.1964
vn -0.0042 -0.9969 0.0790
vn -0.0111 -0.9977 0.0672
vn -0.0331 -0.9867 0.1590
vn -0.0611 -0.9691 0.2391
vn -0.0799 -0.9642 0.2528
vn -0.0348 -0.9643 0.2624
vn -0.0191 -0.9609 0.2761
vn 0.0044 -0.9510 0.3092
vn -0.0016 -0.9366 0.3503
vn 0.0079 -0.9334 0.3588
vn 0.0153 -0.9355 0.3529
vn 0.0520 -0.9654 0.2557
vn -0.1172 -0.9886 -0.0944
vn -0.1130 -0.9901 -0.0838
vn -0.0631 -0.9914 -0.1148
vn -0.0300 -0.9909 -0.1309
vn -0.1196 -0.9922 0.0353
vn 0.0221 -0.9302 0.3664
vn 0.0136 -0.8023 0.5968
vn 0.0121 -0.6711 0.7413
vn 0.0133 -0.8487 0.5287
vn 0.0320 -0.5576 0.8295
vn -0.1197 -0.9922 0.0354
vn -0.1386 -0.9847 0.1055
vn -0.2923 -0.8196 0.4928
vn 0.0275 -0.8384 0.5443
vn 0.0222 -0.9841 0.1763
vn 0.0374 -0.8171 0.5753
vn 0.0212 -0.9681 0.2497
vn -0.1197 -0.9922 0.0353
vn -0.0921 -0.9146 0.3937
vn 0.0243 -0.8125 0.5825
vn -0.0922 -0.9146 0.3937
vn -0.2922 -0.8196 0.4928
vn 0.0275 -0.8384 0.5444
vn 0.0409 -0.8490 0.5268
vn 0.0374 -0.8170 0.5754
vn -0.1143 -0.9909 -0.0711
vn 0.0115 -0.9968 0.0787
vn 0.0165 -0.9942 0.1061
vn 0.0027 -0.9973 -0.0732
vn 0.0217 -0.9977 -0.0644
vn 0.0211 -0.9997 -0.0140
vn 0.0035 -0.9999 -0.0107
vn 0.0196 -0.9991 0.0383
vn 0.0059 -0.9990 0.0433
vn -0.1219 -0.9876 -0.0985
vn -0.1135 -0.9916 -0.0613
vn -0.0770 -0.9842 0.1598
vn -0.1718 -0.9811 0.0894
vn 0.0055 -0.9749 0.2225
vn -0.2418 -0.9700 0.0241
vn -0.0696 -0.9829 -0.1706
vn -0.0840 -0.9874 -0.1340
vn 0.0243 -0.8125 0.5824
vn 0.0409 -0.8490 0.5267
vn -0.1143 -0.9909 -0.0712
vn -0.1131 -0.9900 -0.0838
vn -0.1135 -0.9916 -0.0614
vn -0.1172 -0.9886 -0.0945
vn -0.1219 -0.9876 -0.0986
vn -0.0631 -0.9914 -0.1149
vn 0.0133 -0.8488 0.5286
vn 0.6739 0.7238 -0.1482
vn 0.9939 -0.0000 0.1104
vn 0.8818 -0.0000 0.4716
vn 0.6405 0.7636 0.0815
vn 0.5255 -0.0000 0.8508
vn 0.4078 0.7913 0.4557
vn 0.5254 -0.0000 0.8509
vn 0.1386 -0.0000 0.9903
vn 0.1151 0.7307 0.6729
vn -0.1769 -0.0000 0.9842
vn -0.1650 0.7344 0.6584
vn 0.5748 0.6872 -0.4442
vn 0.9265 -0.0000 -0.3763
vn 0.9887 -0.0000 -0.1497
vn 0.6607 0.6890 -0.2979
vn -0.4034 -0.0000 -0.9150
vn -0.2240 -0.0000 -0.9746
vn -0.2040 0.1891 -0.9605
vn -0.2980 0.2394 -0.9240
vn -0.1255 -0.0000 -0.9921
vn -0.1155 0.1936 -0.9743
vn -0.0642 -0.0000 -0.9979
vn -0.0611 0.1944 -0.9790
vn 0.2151 -0.0000 -0.9766
vn 0.0801 0.2713 -0.9592
vn 0.6886 -0.0000 -0.7251
vn 0.3688 0.6887 -0.6243
vn 0.6887 -0.0000 -0.7251
vn 0.3688 0.6886 -0.6243
vn -0.4630 0.4450 -0.7666
vn -0.6496 -0.0000 -0.7603
vn -0.4629 0.4450 -0.7666
vn -0.6132 0.5499 -0.5671
vn -0.8577 -0.0000 -0.5141
vn -0.7122 0.6353 -0.2987
vn -0.9974 -0.0000 -0.0724
vn -0.6757 0.7228 0.1448
vn -0.8656 -0.0000 0.5007
vn -0.6758 0.7227 0.1449
vn -0.4688 0.7064 0.5303
vn -0.5336 -0.0000 0.8457
vn -0.8656 -0.0000 0.5008
vn 0.0365 -0.9407 0.3372
vn 0.0469 -0.8171 0.5745
vn 0.0596 -0.9522 0.2996
vn 0.0756 -0.8650 0.4961
vn 0.0719 -0.9528 0.2950
vn 0.0893 -0.9163 0.3904
vn 0.0861 -0.9606 0.2644
vn 0.0982 -0.9436 0.3162
vn 0.0916 -0.9682 0.2327
vn 0.1032 -0.9685 0.2268
vn 0.0366 -0.8430 0.5366
vn 0.0668 -0.8871 0.4567
vn 0.0775 -0.8947 0.4399
vn 0.0924 -0.9133 0.3966
vn 0.0982 -0.9167 0.3872
vn 0.0976 -0.9401 0.3265
vn 0.0890 -0.7646 0.6383
vn 0.0710 -0.7522 0.6551
vn 0.1051 -0.7740 0.6244
vn 0.1143 -0.7555 0.6451
vn 0.1123 -0.7574 0.6432
vn 0.1144 -0.7974 0.5925
vn 0.0167 -0.8486 0.5287
vn 0.0368 -0.7231 0.6898
vn 0.0808 -0.1146 0.9901
vn 0.1003 -0.1484 0.9838
vn 0.1051 -0.7739 0.6245
vn 0.1093 -0.0230 0.9937
vn 0.1049 0.0158 0.9944
vn 0.1123 -0.7573 0.6433
vn 0.1116 -0.9281 -0.3552
vn 0.1223 -0.9253 -0.3590
vn 0.1152 -0.9851 -0.1277
vn 0.0948 -0.9831 -0.1567
vn 0.2615 -0.8869 -0.3809
vn 0.1059 -0.9942 -0.0206
vn 0.0299 -0.9995 -0.0129
vn 0.0332 -0.9987 0.0385
vn 0.0588 -0.9981 -0.0205
vn 0.0601 -0.9971 0.0469
vn 0.0761 -0.9962 -0.0431
vn 0.0795 -0.9963 0.0340
vn 0.0967 -0.9947 -0.0341
vn 0.1018 -0.9942 0.0346
vn 0.0365 -0.9956 0.0862
vn 0.0649 -0.9932 0.0971
vn 0.0761 -0.9947 0.0692
vn 0.1005 -0.9938 0.0472
vn 0.1169 -0.9931 0.0022
vn 0.0401 -0.9769 0.2099
vn 0.0702 -0.9827 0.1714
vn 0.0793 -0.9879 0.1331
vn 0.1008 -0.9892 0.1063
vn 0.1157 -0.9902 0.0782
vn 0.1876 -0.9821 0.0194
vn 0.1141 -0.9921 0.0523
vn 0.0484 -0.8055 0.5906
vn 0.0861 -0.8872 0.4533
vn 0.0936 -0.9226 0.3742
vn 0.1092 -0.9501 0.2921
vn 0.1154 -0.9723 0.2034
vn 0.1141 -0.9894 0.0903
vn 0.0469 -0.8171 0.5746
vn 0.0756 -0.8649 0.4962
vn 0.0894 -0.9163 0.3905
vn 0.0983 -0.9435 0.3163
vn 0.1033 -0.9685 0.2268
vn 0.1008 -0.9837 0.1490
vn 0.9662 0.1010 0.2371
vn 0.8707 -0.4556 0.1852
vn 0.7896 -0.5161 -0.3320
vn 0.9425 0.0433 -0.3315
vn 0.8707 -0.4557 0.1852
vn 0.5818 -0.8064 0.1056
vn 0.5265 -0.8123 -0.2510
vn 0.7896 -0.5160 -0.3321
vn 0.8707 -0.4557 0.1851
vn 0.0055 -0.9749 0.2226
vn 0.0115 -0.9718 0.2356
vn 0.0476 -0.9764 0.2108
vn 0.0392 -0.9702 0.2392
vn 0.0738 -0.9806 0.1817
vn 0.0673 -0.9757 0.2087
vn 0.1092 -0.9758 0.1894
vn 0.1051 -0.9858 0.1309
vn 0.1512 -0.9819 0.1142
vn 0.1624 -0.9829 0.0864
vn 0.2067 -0.9781 0.0230
vn 0.2515 -0.9676 0.0243
vn 0.2696 -0.9568 -0.1091
vn 0.2037 -0.9745 -0.0943
vn 0.0281 -0.9648 -0.2614
vn 0.0372 -0.9066 -0.4203
vn 0.0371 -0.8914 -0.4517
vn 0.0418 -0.9553 -0.2925
vn 0.0432 -0.8902 -0.4535
vn 0.0562 -0.9510 -0.3040
vn 0.0227 -0.9481 -0.3173
vn -0.0029 -0.9091 -0.4165
vn -0.0980 -0.9134 -0.3950
vn -0.0290 -0.9668 -0.2538
vn -0.0541 -0.9753 -0.2141
vn -0.2008 -0.9351 -0.2920
vn -0.2131 -0.9413 -0.2617
vn -0.0435 -0.9783 -0.2026
vn 0.0281 -0.9649 -0.2613
vn 0.0418 -0.9554 -0.2925
vn 0.0476 -0.9764 0.2107
vn 0.0115 -0.9718 0.2355
vn 0.0562 -0.9510 -0.3039
vn 0.0739 -0.9806 0.1816
vn 0.1512 -0.9819 0.1141
vn 0.1051 -0.9858 0.1308
vn -0.0541 -0.9753 -0.2140
vn 0.2695 -0.9568 -0.1091
vn 0.2514 -0.9676 0.0242
vn 0.0392 -0.9702 0.2391
vn 0.0673 -0.9757 0.2086
vn 0.2067 -0.9781 0.0229
vn 0.1875 -0.9375 -0.2933
vn -0.0720 -0.9600 -0.2706
vn -0.0719 -0.9600 -0.2706
vn 0.1922 -0.9325 -0.3059
vn 0.1923 -0.9325 -0.3059
vn 0.0368 -0.7231 0.6897
vn -0.0068 -0.7130 -0.7011
vn 0.0083 -0.7066 -0.7076
vn -0.1513 -0.9842 -0.0922
vn -0.0697 -0.9829 -0.1707
vn -0.0111 -0.9829 -0.1838
vn 0.0830 -0.9554 -0.2835
vn 0.1210 -0.9096 -0.3975
vn -0.0199 -0.6217 -0.7830
vn -0.0441 -0.9773 -0.2072
vn -0.0440 -0.9773 -0.2072
vn -0.0198 -0.6217 -0.7830
vn 0.1084 -0.9608 -0.2553
vn 0.0980 -0.6154 -0.7821
vn 0.3033 -0.8290 -0.4698
vn 0.1723 -0.9511 -0.2563
vn 0.2245 -0.9464 -0.2321
vn 0.4578 -0.8405 -0.2899
vn 0.1587 -0.9704 -0.1818
vn 0.1711 -0.9614 -0.2156
vn -0.1512 -0.9842 -0.0922
vn 0.1588 -0.9704 -0.1818
vn 0.2767 -0.9408 -0.1959
vn 0.2712 -0.9393 -0.2104
vn 0.1711 -0.9614 -0.2157
vn -0.1719 -0.9811 0.0895
vn -0.2089 -0.9709 0.1172
vn -0.0737 -0.9775 0.1978
vn -0.0770 -0.9841 0.1598
vn 0.1723 -0.9511 -0.2562
vn 0.0830 -0.9554 -0.2834
vn -0.0737 -0.9775 0.1977
vn -0.2419 -0.9700 0.0241
vn -0.2907 -0.9568 -0.0003
vn -0.2907 -0.9568 -0.0004
vn 0.2244 -0.9465 -0.2320
vn -0.5722 -0.3700 -0.7319
vn 0.3467 -0.3923 -0.8520
vn 0.1724 -0.4831 -0.8584
vn 0.1262 -0.5087 -0.8517
vn 0.2559 -0.6435 -0.7214
vn -0.4319 -0.7871 0.4403
vn 0.5818 -0.8065 0.1056
vn 0.3243 -0.9317 -0.1634
vn 0.9662 0.1011 0.2371
vn 0.9424 0.0432 -0.3316
vn 0.7249 0.6365 -0.2635
vn 0.0659 -0.8808 -0.4689
vn -0.0697 -0.9829 -0.1706
vn -0.0068 -0.7131 -0.7010
vn 0.0070 0.0001 -1.0000
vn 0.0084 -0.7066 -0.7075
vn -0.2424 -0.0003 -0.9702
vn -0.2104 -0.0002 -0.9776
vn -0.0568 0.0001 -0.9984
vn -0.0379 0.0002 -0.9993
vn 0.1007 -0.0001 -0.9949
vn 0.0717 -0.0001 -0.9974
vn 0.0720 -0.0002 -0.9974
vn 0.1723 -0.4831 -0.8584
vn 0.1658 0.0003 -0.9862
vn 0.5484 0.1057 -0.8295
vn 0.3468 -0.3922 -0.8520
vn 0.0319 0.0001 -0.9995
vn 0.0417 0.0001 -0.9991
vn 0.9615 0.0091 -0.2747
vn 0.9482 0.0978 -0.3023
vn 0.9980 0.0118 -0.0623
vn 0.9994 0.0002 -0.0353
vn -0.9355 -0.0003 -0.3532
vn -0.8306 0.5225 -0.1925
vn -0.8436 0.3602 -0.3983
vn -0.9016 -0.0000 -0.4325
vn 0.0011 -1.0000 -0.0013
vn 0.0009 -1.0000 -0.0006
vn -0.0012 -1.0000 0.0014
vn -0.6993 -0.0000 -0.7148
vn -0.5587 0.5704 -0.6020
vn -0.2102 0.5782 -0.7884
vn -0.2482 -0.0000 -0.9687
vn -0.6992 -0.0000 -0.7149
vn -0.5588 0.5704 -0.6020
vn 0.0006 -1.0000 0.0006
vn 0.0003 -1.0000 0.0010
vn 0.1840 0.5870 -0.7884
vn 0.2694 -0.0000 -0.9630
vn 0.5692 0.5406 -0.6195
vn 0.7176 0.0049 -0.6965
vn 0.7176 0.0049 -0.6964
vn 0.5692 0.5405 -0.6196
vn -0.0017 -1.0000 0.0023
vn -0.0069 -1.0000 0.0039
vn -0.0002 -1.0000 0.0015
vn -0.3409 -0.0003 -0.9401
vn -0.3397 -0.0001 -0.9405
vn -0.0000 -1.0000 -0.0000
vn 0.9614 0.0410 -0.2720
vn 0.9619 0.0010 -0.2736
vn 0.8692 0.0003 -0.4945
vn 0.8430 0.2697 -0.4655
vn 0.5089 -0.0000 -0.8608
vn 0.4709 0.3643 -0.8035
vn 0.4709 0.3642 -0.8035
vn 0.5088 -0.0000 -0.8609
vn 0.1327 -0.0000 -0.9912
vn 0.1212 0.4436 -0.8880
vn -0.1086 0.3960 -0.9118
vn -0.1418 -0.0000 -0.9899
vn -0.5999 -0.0000 -0.8000
vn -0.5409 0.3724 -0.7541
vn -0.8228 0.3400 -0.4554
vn -0.6000 -0.0000 -0.8000
vn -0.8732 -0.0025 -0.4874
vn -0.9074 -0.0088 -0.4201
vn -0.7418 0.5767 -0.3423
vn 0.0001 -1.0000 0.0011
vn 0.0003 -1.0000 -0.0000
vn 0.0004 -1.0000 -0.0000
vn 0.0001 -1.0000 0.0010
vn 0.0003 -1.0000 0.0012
vn 0.0006 -1.0000 -0.0004
vn 0.0004 -1.0000 -0.0001
vn -0.6007 -0.0003 -0.7995
vn -0.3748 -0.0001 -0.9271
vn 0.0094 -0.0021 -1.0000
vn -0.5807 -0.6711 -0.4608
vn -0.4514 -0.5555 -0.6984
vn -0.5723 -0.3700 -0.7319
vn 0.1365 -0.1580 -0.9780
vn 0.5984 0.7997 -0.0491
vn 0.6791 0.7339 -0.0114
vn 0.6955 0.7185 -0.0078
vn -0.6569 0.7301 -0.1879
vn -0.8306 0.5225 -0.1926
vn -0.8307 0.5224 -0.1925
vn -0.1847 0.9632 0.1954
vn -0.6569 0.7302 -0.1879
vn -0.6446 0.5147 -0.5653
vn -0.0862 0.9778 -0.1911
vn -0.2101 0.5781 -0.7884
vn -0.5588 0.5703 -0.6021
vn -0.1079 0.9746 -0.1962
vn -0.4336 0.8504 -0.2978
vn -0.4337 0.8504 -0.2978
vn -0.0492 0.9812 -0.1867
vn 0.0275 0.9673 -0.2520
vn 0.5693 0.5405 -0.6195
vn 0.1840 0.5869 -0.7884
vn 0.4570 0.8087 -0.3704
vn 0.4570 0.8086 -0.3704
vn 0.2944 -0.7496 -0.5928
vn 0.3033 -0.8290 -0.4699
vn 0.7482 0.5318 -0.3967
vn 0.7309 0.5918 -0.3400
vn 0.7309 0.5918 -0.3399
vn 0.0598 0.0576 -0.9965
vn 0.9095 -0.0434 -0.4135
vn 0.4175 -0.0198 -0.9085
vn 0.3683 -0.0000 -0.9297
vn 0.9032 -0.0000 -0.4291
vn 0.4175 -0.0197 -0.9085
vn 0.1659 -0.0000 -0.9861
vn 0.3682 -0.0000 -0.9297
vn 0.9120 -0.1092 -0.3954
vn 0.9471 -0.1695 -0.2725
vn 0.9301 -0.3633 0.0545
vn 0.8848 0.4564 0.0939
vn 0.3471 0.9373 -0.0299
vn 0.7896 -0.5160 -0.3320
vn 0.3468 -0.3923 -0.8520
vn 0.5265 -0.8123 -0.2511
vn 0.3243 -0.9317 -0.1635
vn 0.2615 -0.8869 -0.3808
vn -0.0302 -0.9992 0.0261
vn -0.1196 -0.9922 0.0354
vn 0.1865 -0.9823 0.0181
vn 0.2861 -0.9199 -0.2681
vn 0.7047 -0.5986 -0.3809
vn 0.6106 -0.6167 -0.4969
vn 0.2427 -0.9203 -0.3068
vn 0.1568 -0.9133 -0.3759
vn 0.2055 -0.9171 -0.3416
vn 0.5039 -0.6054 -0.6161
vn 0.3714 -0.6184 -0.6925
vn -0.0608 -0.5089 -0.8587
vn -0.2137 -0.5100 -0.8332
vn -0.1338 -0.8816 -0.4527
vn -0.0547 -0.8745 -0.4820
vn -0.3559 -0.8831 -0.3056
vn -0.3105 -0.8829 -0.3523
vn -0.5386 -0.5244 -0.6595
vn -0.6234 -0.5532 -0.5526
vn -0.6828 -0.5619 -0.4670
vn -0.7518 -0.5355 -0.3849
vn -0.3650 -0.8991 -0.2416
vn -0.3722 -0.8911 -0.2597
vn -0.6828 -0.5619 -0.4671
vn -0.4892 -0.8647 0.1143
vn -0.5770 -0.8092 0.1107
vn -0.4784 -0.8604 0.1757
vn -0.4002 -0.9013 0.1661
vn -0.3209 -0.9252 0.2023
vn -0.3771 -0.8988 0.2235
vn -0.2872 -0.9275 0.2391
vn -0.2590 -0.9417 0.2148
vn -0.0175 -0.9553 0.2952
vn 0.0460 -0.9494 0.3107
vn 0.0180 -0.9729 0.2304
vn -0.0229 -0.9691 0.2454
vn 0.2480 -0.9343 0.2560
vn 0.1607 -0.9570 0.2413
vn 0.2242 -0.9304 0.2899
vn 0.2863 -0.9207 0.2650
vn 0.3611 -0.9002 0.2435
vn 0.3830 -0.9109 0.1534
vn 0.3259 -0.9318 0.1595
vn 0.2953 -0.9251 0.2387
vn 0.3611 -0.9002 0.2436
vn -0.5770 -0.8092 0.1108
vn 0.2861 -0.9199 -0.2682
vn -0.4784 -0.8604 0.1756
vn -0.2872 -0.9276 0.2391
vn -0.3770 -0.8989 0.2234
vn 0.0460 -0.9494 0.3106
vn 0.2863 -0.9208 0.2650
vn 0.2241 -0.9305 0.2898
vn -0.3106 -0.8829 -0.3522
vn 0.3829 -0.9109 0.1534
vn 0.3610 -0.9002 0.2435
vn -0.0494 -0.9658 0.2546
vn -0.0559 -0.9538 0.2951
vn -0.0559 -0.9539 0.2950
vn -0.0185 -0.8942 -0.4474
vn -0.0185 -0.8941 -0.4474
vn 0.0110 -0.5871 -0.8095
vn -0.0833 -0.9679 0.2370
vn -0.1002 -0.9557 0.2769
vn -0.1002 -0.9557 0.2768
vn 0.0190 -0.9051 -0.4249
vn 0.0190 -0.9050 -0.4249
vn 0.0915 -0.6077 -0.7889
vn 0.0769 -0.9665 0.2450
vn 0.1282 -0.9440 0.3039
vn -0.2392 -0.8783 -0.4139
vn -0.2392 -0.8783 -0.4140
vn -0.4019 -0.4962 -0.7696
vn -0.3211 -0.9244 -0.2058
vn -0.6154 -0.7261 -0.3065
vn -0.3212 -0.9244 -0.2058
vn 0.2039 -0.9789 0.0099
vn -0.1915 -0.9684 -0.1595
vn 0.1513 -0.9885 0.0051
vn 0.1866 -0.9823 0.0181
vn -0.0229 -0.9692 0.2454
vn 0.3259 -0.9319 0.1595
vn -0.6596 -0.6031 -0.4485
vn 0.2139 -0.6291 -0.7473
vn -0.6596 -0.6030 -0.4486
vn 0.2138 -0.6292 -0.7473
vn 0.1366 -0.1580 -0.9780
vn 0.7048 -0.5985 -0.3809
vn -0.4001 -0.9013 0.1662
vn -0.2589 -0.9417 0.2148
vn -0.1579 -0.9671 0.1993
vn 0.0179 -0.9730 0.2303
vn 0.0769 -0.9665 0.2449
vn 0.1607 -0.9571 0.2413
vn 0.2479 -0.9344 0.2559
vn 0.8430 0.2697 -0.4654
vn 0.8063 0.5311 -0.2604
vn 0.6970 0.5824 -0.4184
vn 0.1787 0.7595 -0.6255
vn 0.2539 0.7389 -0.6242
vn -0.0076 0.7739 -0.6333
vn 0.0596 0.8255 -0.5613
vn 0.1211 0.4436 -0.8880
vn -0.1545 0.7104 -0.6866
vn -0.5410 0.3724 -0.7541
vn -0.5174 0.7209 -0.4611
vn -0.3880 0.7764 -0.4967
vn -0.1371 0.9853 -0.1018
vn -0.7099 0.6238 -0.3270
vn -0.7418 0.5766 -0.3423
vn 0.4709 0.3643 -0.8034
vn 0.6270 0.5550 -0.5466
vn 0.4170 0.7267 -0.5460
vn 0.6270 0.5551 -0.5466
vn -0.5410 0.3725 -0.7541
vn -0.6544 0.6033 -0.4558
vn -0.7099 0.6238 -0.3271
vn -0.1546 0.7104 -0.6866
vn -0.2385 0.7405 -0.6284
vn -0.0295 0.0694 -0.9971
vn -0.0144 0.2254 -0.9742
vn -0.0163 0.2069 -0.9782
vn -0.0300 0.0643 -0.9975
vn -0.5135 -0.8096 -0.2844
vn -0.1916 -0.9684 -0.1595
vn 0.1514 -0.9885 0.0051
vn 0.0660 -0.8808 -0.4689
vn 0.0357 0.9967 0.0730
vn 0.3713 -0.6184 -0.6926
vn 0.2298 -0.6444 -0.7294
vn 0.0819 -0.9239 -0.3739
vn -0.1977 -0.9452 0.2596
vn -0.1579 -0.9671 0.1994
vn 0.0819 -0.9239 -0.3738
vn -0.1977 -0.9453 0.2595
vn -0.3770 -0.8988 0.2235
vn -0.3210 -0.9252 0.2022
vn -0.3209 -0.9253 0.2023
vn 0.0818 -0.9239 -0.3739
vn -0.5385 -0.5244 -0.6596
vn 0.2864 -0.9208 0.2650
vn -0.0198 -0.6218 -0.7830
vn -0.9999 0.0049 -0.0110
vn -0.9992 0.0301 -0.0281
vn -0.9998 0.0061 -0.0201
vn -0.9999 -0.0006 -0.0125
vn -0.9998 0.0012 -0.0175
vn -0.9999 -0.0005 -0.0125
vn -0.9997 -0.0015 -0.0237
vn -0.9987 -0.0183 -0.0475
vn -0.9998 -0.0050 -0.0192
vn -0.9998 0.0012 -0.0176
vn -0.9997 -0.0014 -0.0237
vn -0.9998 -0.0050 -0.0193
vn -0.9994 -0.0293 -0.0163
vn -0.9996 -0.0187 -0.0214
vn -0.8314 0.5376 -0.1405
vn -0.9999 0.0067 0.0102
vn -0.9996 -0.0187 -0.0213
vn -0.9998 0.0012 -0.0174
vn -0.9999 0.0067 0.0103
vn -0.9681 -0.1439 0.2051
vn -0.9983 -0.0181 0.0561
vn -0.9983 -0.0180 0.0560
vn -0.9998 -0.0129 -0.0154
vn -1.0000 0.0029 0.0061
vn -0.9983 -0.0180 0.0561
vn -1.0000 0.0068 0.0012
vn -0.9997 0.0187 0.0123
vn -0.4392 0.8473 0.2986
vn -0.4389 0.8475 0.2984
vn -0.4419 0.6778 0.5876
vn -0.4421 0.6777 0.5877
vn -0.4421 0.6776 0.5877
vn -0.4419 0.6778 0.5877
vn -0.4467 0.3793 0.8103
vn -0.4469 0.3789 0.8104
vn -0.4469 0.3788 0.8104
vn -0.4467 0.3792 0.8103
vn -0.4456 0.0077 0.8952
vn -0.4461 0.0069 0.8949
vn -0.4461 0.0068 0.8949
vn -0.4452 -0.3401 0.8283
vn -0.4456 -0.3406 0.8279
vn -0.4461 0.0068 0.8950
vn -0.4456 -0.3407 0.8279
vn -0.4452 -0.3402 0.8283
vn -0.4432 -0.6114 0.6555
vn -0.4432 -0.6115 0.6555
vn -0.4420 -0.6132 0.6547
vn -0.4418 -0.7913 0.4226
vn -0.4393 -0.7926 0.4228
vn -0.4420 -0.6132 0.6546
vn -0.4393 -0.7927 0.4227
vn -0.4359 -0.8767 0.2033
vn -0.4359 -0.8769 0.2027
vn -0.4359 -0.8769 0.2026
vn -0.4368 -0.8763 0.2031
vn -0.4367 -0.8990 -0.0331
vn -0.4366 -0.8990 -0.0331
vn -0.4376 -0.8985 -0.0350
vn -0.4366 -0.8990 -0.0332
vn -0.4329 -0.8527 -0.2926
vn -0.4328 -0.8527 -0.2926
vn -0.4328 -0.8526 -0.2927
vn -0.4329 -0.8526 -0.2926
vn -0.4328 -0.7303 -0.5285
vn -0.4329 -0.7302 -0.5285
vn -0.4301 -0.5266 -0.7333
vn -0.4304 -0.5264 -0.7333
vn -0.4304 -0.5263 -0.7333
vn -0.4291 -0.2778 -0.8595
vn -0.4291 -0.2777 -0.8595
vn -0.4285 -0.0001 -0.9036
vn -0.4284 -0.0001 -0.9036
vn -0.4286 0.2776 -0.8598
vn -0.4285 0.2776 -0.8598
vn -0.4285 0.2777 -0.8598
vn -0.4286 0.2777 -0.8598
vn -0.4294 0.5284 -0.7324
vn -0.4292 0.5284 -0.7325
vn -0.4308 0.7277 -0.5338
vn -0.4306 0.7277 -0.5339
vn -0.4306 0.7277 -0.5338
vn -0.4308 0.7277 -0.5337
vn -0.4328 0.8559 -0.2831
vn -0.4325 0.8560 -0.2833
vn -0.4328 0.8559 -0.2830
vn -0.4350 0.9004 -0.0039
vn -0.4348 0.9005 -0.0041
vn -0.4325 0.8560 -0.2832
vn -0.4348 0.9005 -0.0040
vn -0.4350 0.9004 -0.0038
vn -0.4389 0.8475 0.2983
vn -0.4392 0.8473 0.2985
vn -0.9142 -0.0775 -0.3978
vn -0.8840 -0.0000 -0.4675
vn -0.8638 -0.0000 -0.5038
vn -0.2396 0.9664 -0.0930
vn -0.4977 0.8381 -0.2233
vn -0.3278 0.9137 -0.2402
vn -0.3270 0.0166 -0.9449
vn -0.2835 0.0250 -0.9587
vn -0.3293 0.0096 -0.9442
vn -0.9318 -0.1357 -0.3367
vn -0.9250 -0.1626 -0.3435
vn -0.9084 -0.0940 -0.4075
vn -0.1908 0.0251 -0.9813
vn -0.3135 -0.0000 -0.9496
vn -0.9318 -0.1357 -0.3368
vn -0.9084 -0.0939 -0.4075
vn -0.8840 -0.0000 -0.4674
vn -0.9142 -0.0776 -0.3977
vn -0.2335 0.9662 -0.1088
vn -0.4977 0.8381 -0.2232
vn -0.2397 0.9664 -0.0931
vn -0.2320 0.9681 -0.0948
vn -0.2321 0.9681 -0.0948
vn -0.2320 0.9685 -0.0904
vn -0.2354 0.9670 -0.0970
vn 0.0057 -0.0017 1.0000
vn 0.0090 -0.0028 1.0000
vn -0.0030 -0.0000 1.0000
vn -0.0029 -0.0000 1.0000
vn -0.0058 -0.0000 1.0000
vn 0.0056 -0.0017 1.0000
vn -0.3297 -0.0000 -0.9441
vn -0.3325 -0.0011 -0.9431
vn -0.3325 -0.0009 -0.9431
vn -0.3327 0.0075 -0.9430
vn -0.2835 0.0250 -0.9586
vn -0.3299 0.0218 -0.9438
vn -0.3271 0.0166 -0.9449
vn -0.3238 0.0260 -0.9458
vn -0.3237 0.0128 -0.9461
vn -0.2481 0.9585 -0.1404
vn -0.4977 0.8382 -0.2232
vn -0.2336 0.9662 -0.1088
vn 0.9879 -0.0106 0.1549
vn 0.9901 -0.0041 0.1403
vn 0.9831 -0.0043 0.1828
vn 0.9805 -0.0053 0.1963
vn 0.9831 -0.0043 0.1829
vn 0.9741 -0.0022 0.2260
vn 0.9741 -0.0022 0.2259
vn 0.9721 0.0032 0.2346
vn 0.9750 0.0005 0.2220
vn 0.9795 -0.0015 0.2016
vn 0.9750 0.0006 0.2220
vn 0.9795 0.0006 0.2014
vn 0.9795 -0.0014 0.2016
vn 0.9823 -0.0000 0.1873
vn 0.9823 -0.0000 0.1875
vn 0.9796 -0.0022 0.2008
vn 0.9742 -0.0066 0.2256
vn 0.9744 -0.0085 0.2245
vn 0.9685 -0.0101 0.2487
vn 0.9796 -0.0022 0.2009
vn 0.2485 0.0064 0.9686
vn 0.2321 0.0017 0.9727
vn 0.2364 0.0035 0.9717
vn 0.2609 -0.0019 0.9654
vn 0.3401 -0.0767 0.9373
vn 0.1466 0.0004 0.9892
vn 0.1465 0.0004 0.9892
vn 0.2363 0.0035 0.9717
vn 0.2320 0.0017 0.9727
vn 0.9783 0.0026 0.2072
vn 0.9783 0.0037 0.2072
vn 0.9815 0.0053 0.1915
vn 0.9815 0.0052 0.1915
vn 0.9815 0.0041 0.1916
vn 0.9815 0.0052 0.1916
vn 0.9790 -0.0007 0.2037
vn 0.9790 -0.0010 0.2037
vn 0.9747 -0.0018 0.2235
vn 0.9747 -0.0019 0.2235
vn 0.9785 -0.0014 0.2061
vn 0.9778 -0.0160 0.2089
vn 0.9785 -0.0014 0.2060
vn 0.9610 -0.1743 0.2147
vn 0.9549 -0.2004 0.2190
vn 0.2425 -0.0187 0.9700
vn 0.2466 -0.0126 0.9690
vn 0.1763 -0.0226 0.9841
vn 0.1762 -0.0226 0.9841
vn 0.1721 -0.0256 0.9848
vn 0.1720 -0.0255 0.9848
vn 0.1102 -0.0042 0.9939
vn 0.1073 -0.0039 0.9942
vn 0.1073 -0.0040 0.9942
vn 0.1172 0.0162 0.9930
vn 0.1197 0.0053 0.9928
vn 0.1776 0.0307 0.9836
vn 0.1776 0.0306 0.9836
vn 0.1807 0.0199 0.9833
vn 0.1808 0.0199 0.9833
vn 0.1777 0.0307 0.9836
vn 0.2256 0.0113 0.9742
vn 0.2265 0.0077 0.9740
vn 0.9686 0.1655 0.1854
vn 0.9658 0.1856 0.1810
vn 0.9756 0.0076 0.2195
vn 0.9756 0.0075 0.2195
vn 0.9752 -0.0022 0.2212
vn 0.9752 -0.0022 0.2213
vn 0.9722 -0.0014 0.2339
vn 0.9723 -0.0014 0.2339
vn 0.9723 -0.0009 0.2338
vn 0.9722 -0.0014 0.2340
vn 0.9757 0.0008 0.2192
vn 0.9757 0.0012 0.2190
vn 0.9783 0.0008 0.2070
vn 0.9782 0.0003 0.2074
vn 0.9782 0.0003 0.2075
vn 0.9743 0.0018 0.2252
vn 0.9743 0.0014 0.2253
vn 0.9743 0.0015 0.2254
vn 0.9739 -0.0068 0.2271
vn 0.9739 -0.0067 0.2271
vn 0.9737 -0.0051 0.2280
vn 0.9740 -0.0050 0.2263
vn 0.9740 -0.0051 0.2264
vn 0.9739 -0.0046 0.2268
vn 0.4593 -0.8321 -0.3109
vn 0.4291 -0.8587 -0.2801
vn 0.3590 -0.9095 -0.2095
vn 0.3786 -0.8967 -0.2295
vn 0.3786 -0.8967 -0.2294
vn 0.2411 -0.9662 -0.0910
vn 0.2951 -0.9444 -0.1450
vn 0.2950 -0.9444 -0.1449
vn 0.2411 -0.9662 -0.0909
vn 0.1630 -0.9865 -0.0139
vn 0.1788 -0.9834 -0.0295
vn 0.1489 -0.9888 -0.0000
vn 0.1470 -0.9891 0.0009
vn 0.1492 -0.9888 -0.0003
vn -0.1072 -0.9618 0.2518
vn -0.1072 -0.9618 0.2517
vn -0.0780 -0.9721 0.2214
vn -0.0781 -0.9721 0.2214
vn -0.4533 -0.6797 0.5767
vn -0.5274 -0.5562 0.6422
vn -0.0781 -0.9720 0.2214
vn -0.5274 -0.5562 0.6423
vn -0.4533 -0.6796 0.5767
vn -0.6518 -0.0971 0.7521
vn -0.6518 -0.0970 0.7521
vn -0.6539 -0.0769 0.7527
vn -0.6539 -0.0768 0.7527
vn -0.5957 0.3944 0.6997
vn -0.5957 0.3945 0.6997
vn -0.6157 0.3242 0.7182
vn -0.5957 0.3945 0.6996
vn -0.3900 0.7637 0.5144
vn -0.4595 0.6725 0.5802
vn -0.4595 0.6726 0.5802
vn -0.3900 0.7638 0.5144
vn -0.0926 0.9667 0.2384
vn -0.0669 0.9742 0.2156
vn -0.4594 0.6726 0.5802
vn -0.0668 0.9742 0.2156
vn -0.0926 0.9668 0.2384
vn 0.1485 0.9889 0.0018
vn 0.1527 0.9883 -0.0006
vn 0.1671 0.9858 -0.0148
vn 0.1790 0.9835 -0.0267
vn 0.1790 0.9835 -0.0268
vn 0.1671 0.9858 -0.0149
vn 0.2134 0.9751 -0.0608
vn 0.2398 0.9669 -0.0871
vn 0.2398 0.9669 -0.0872
vn 0.3449 0.9190 -0.1910
vn 0.4229 0.8651 -0.2698
vn 0.4230 0.8650 -0.2698
vn 0.5667 0.7111 -0.4163
vn 0.6126 0.6400 -0.4637
vn 0.6127 0.6400 -0.4637
vn 0.5667 0.7110 -0.4163
vn 0.7864 0.0064 -0.6177
vn 0.7865 0.0012 -0.6176
vn 0.5676 -0.7084 -0.4196
vn 0.5676 -0.7084 -0.4195
vn 0.6145 -0.6356 -0.4674
vn 0.5675 -0.7085 -0.4195
vn 0.0264 -0.0000 0.9997
vn 0.0183 -0.0001 0.9998
vn 0.0182 -0.0000 0.9998
vn 0.2096 0.9757 0.0636
vn 0.1219 0.9849 -0.1227
vn 0.2242 0.9656 0.1319
vn 0.2400 0.9601 0.1435
vn 0.2097 0.9757 0.0636
vn 0.1087 0.9855 -0.1301
vn 0.0725 0.9849 -0.1570
vn 0.0220 0.9869 -0.1599
vn 0.0403 0.9855 -0.1646
vn 0.0724 0.9849 -0.1570
vn 0.0547 0.1818 -0.9818
vn 0.0823 0.1626 -0.9832
vn -0.0223 0.1946 -0.9806
vn -0.1213 0.2631 -0.9571
vn 0.0800 0.2714 -0.9591
vn -0.0291 0.1936 -0.9806
vn -0.0620 0.1927 -0.9793
vn -0.0611 0.1945 -0.9790
vn 0.2451 0.9486 0.2000
vn 0.2309 0.2737 0.9337
vn 0.6406 0.7635 0.0815
vn 0.6406 0.7635 0.0816
vn 0.4078 0.7912 0.4557
vn -0.3463 0.8207 0.4544
vn -0.6915 0.7191 -0.0694
vn -0.6218 0.7676 0.1557
vn -0.6867 0.6985 -0.2012
vn 0.6739 0.7238 -0.1483
vn -0.6915 0.7191 -0.0695
vn -0.6867 0.6986 -0.2012
vn 0.5749 0.6872 -0.4442
vn 0.6607 0.6890 -0.2980
vn -0.6867 0.6985 -0.2013
vn 0.5748 0.6872 -0.4443
vn -0.5754 0.7039 -0.4164
vn -0.3628 0.7167 -0.5955
vn 0.0801 0.2714 -0.9591
vn -0.3627 0.7168 -0.5956
vn 0.1151 0.7306 0.6730
vn -0.0413 0.7327 0.6793
vn -0.4688 0.7063 0.5304
vn -0.1554 0.9666 0.2040
vn -0.1554 0.9665 0.2041
vn -0.1738 0.9760 0.1313
vn -0.9675 -0.0000 0.2528
vn -0.9674 0.0002 0.2531
vn -0.9676 0.0005 0.2525
vn -0.9677 0.0006 0.2521
vn -0.9675 -0.0001 0.2528
vn -0.7122 0.6352 -0.2987
vn -0.1589 0.9069 -0.3902
vn -0.1588 0.9069 -0.3902
vn -0.0777 0.6364 -0.7674
vn -0.0777 0.6365 -0.7674
vn -0.1588 0.9069 -0.3903
vn 0.0234 0.2766 -0.9607
vn -0.0777 0.6364 -0.7675
vn -0.0778 0.6364 -0.7674
vn -0.6132 0.5500 -0.5671
vn 0.0234 0.2765 -0.9607
vn -0.2980 0.2395 -0.9240
vn -0.1110 0.1914 -0.9752
vn -0.2040 0.1892 -0.9605
vn -0.2107 0.1856 -0.9598
vn -0.2108 0.1830 -0.9602
vn -0.2107 0.1830 -0.9603
vn 0.0634 -0.0000 0.9980
vn 0.0242 -0.0000 0.9997
vn 0.0238 -0.0000 0.9997
vn 0.0239 -0.0000 0.9997
vn 0.0726 -0.0000 0.9974
vn -0.1190 0.1901 -0.9745
vn -0.0620 0.1926 -0.9793
vn -0.0641 -0.0000 -0.9979
vn -0.1245 -0.0000 -0.9922
vn -0.2210 -0.0000 -0.9753
vn -0.2107 0.1855 -0.9598
vn -0.1191 0.1901 -0.9745
vn -0.0291 0.1935 -0.9807
vn -0.0223 0.1945 -0.9806
vn -0.0235 -0.0000 -0.9997
vn -0.0300 -0.0000 -0.9996
vn 0.0265 -0.0000 0.9996
vn 0.1318 -0.0000 0.9913
vn 0.0727 -0.0000 0.9974
vn 0.6610 -0.0104 0.7503
vn 0.9476 0.0343 0.3177
vn 0.6105 -0.0025 0.7920
vn 0.3932 -0.0734 0.9165
vn 0.5476 -0.0216 0.8365
vn 0.6106 -0.0024 0.7920
vn 0.6471 -0.0000 0.7624
vn 0.6482 -0.0001 0.7614
vn 0.0662 -0.0000 0.9978
vn 0.0676 -0.0001 0.9977
vn -0.0298 -0.0121 0.9995
vn -0.2499 -0.0018 0.9683
vn -0.1702 0.0370 -0.9847
vn -0.2108 0.1830 -0.9603
vn -0.2199 -0.0000 -0.9755
vn -0.1520 -0.0000 -0.9884
vn -0.1702 0.0369 -0.9847
vn 0.0085 -0.1931 0.9811
vn -0.3830 -0.0443 0.9227
vn -0.3831 -0.0443 0.9226
vn -0.5499 -0.0066 0.8352
vn -0.4951 -0.0093 0.8688
vn -0.0299 -0.0120 0.9995
vn -0.3830 -0.0444 0.9227
vn -0.4950 -0.0094 0.8688
vn -0.5352 -0.0000 0.8447
vn -0.2500 -0.0000 0.9683
vn 0.0267 0.9489 -0.3144
vn 0.0472 0.9477 -0.3155
vn 0.0266 0.9489 -0.3144
vn 0.0287 0.9163 -0.3996
vn 0.0477 0.9348 -0.3520
vn 0.0473 0.9477 -0.3156
vn 0.0472 0.9477 -0.3156
vn 0.0266 0.9489 -0.3145
vn 0.0287 0.9162 -0.3996
vn 0.2532 0.0261 -0.9671
vn 0.0824 0.1626 -0.9833
vn 0.2573 0.0934 -0.9618
vn 0.1076 -0.0000 -0.9942
vn -0.0223 0.1945 -0.9807
vn 0.0823 0.1626 -0.9833
vn -0.0292 0.1935 -0.9807
vn -0.2108 0.1855 -0.9598
vn -0.2211 -0.0000 -0.9753
vn -0.1190 0.1902 -0.9745
vn -0.1155 0.1937 -0.9742
vn 0.2291 -0.0000 -0.9734
vn 0.0823 0.1625 -0.9833
vn -0.1111 0.1913 -0.9752
vn -0.1111 0.1914 -0.9752
vn -0.1128 0.3924 -0.9128
vn -0.1921 0.1856 -0.9637
vn -0.1922 0.1855 -0.9637
vn -0.4705 0.0013 -0.8824
vn 0.0276 0.2508 -0.9676
vn -0.1921 0.1855 -0.9637
vn 0.0275 0.2509 -0.9676
vn 0.0276 0.2509 -0.9676
vn -0.9680 0.2496 0.0268
vn -0.9870 0.1586 0.0271
vn -0.9855 0.1673 0.0270
vn -0.9661 0.2567 0.0268
vn -0.9971 0.0717 0.0272
vn -0.9969 0.0740 0.0271
vn -0.9856 0.1672 0.0270
vn -0.9996 -0.0000 0.0272
vn 1.0000 -0.0000 -0.0017
vn 0.3635 0.9316 0.0032
vn 0.3067 0.6764 0.6696
vn 0.2096 0.9778 0.0045
vn 0.0485 0.9988 0.0057
vn 0.0233 0.9997 0.0058
vn 0.0485 0.9988 0.0056
vn -0.1650 0.7343 0.6585
vn 0.0047 1.0000 0.0061
vn 0.0047 1.0000 0.0060
vn 0.1152 0.7306 0.6730
vn -0.1650 0.7343 0.6584
vn -0.4689 0.7063 0.5303
vn -0.1180 0.9929 0.0158
vn -0.1738 0.9760 0.1312
vn -0.1826 0.9831 0.0158
vn -0.9070 0.4202 0.0261
vn -0.9380 0.3457 0.0265
vn -0.9313 0.3633 0.0267
vn -0.9056 0.4232 0.0267
vn -0.9071 0.4201 0.0261
vn -0.9661 0.2568 0.0268
vn -0.9466 -0.0000 -0.3225
vn -0.0021 -0.0000 -1.0000
vn 0.0134 -0.8931 0.4497
vn 0.1411 -0.8573 0.4951
vn 0.1247 -0.8629 0.4898
vn 0.0009 -0.8957 0.4447
vn 0.2740 -0.0000 0.9617
vn -0.1274 0.8700 -0.4764
vn -0.0010 0.8875 -0.4609
vn -0.0101 0.8867 -0.4622
vn -0.1359 0.8683 -0.4771
vn -1.0000 -0.0000 -0.0000
vn -0.0000 -0.0000 -1.0000
vn -0.0000 -0.0000 1.0000
vn -0.0000 1.0000 -0.0000
vn 0.0093 0.9231 0.3843
vn 0.0640 0.7465 0.6623
vn 0.0265 0.9141 0.4045
vn 0.1082 0.7497 0.6529
vn 0.0116 0.7578 0.6523
vn -0.0017 0.9424 0.3344
vn -0.0262 0.7720 0.6351
vn -0.0478 0.9093 0.4134
vn -0.0444 0.7174 0.6953
vn -0.0794 0.6624 0.7449
vn 0.3379 0.7608 0.5541
vn 0.1324 0.9230 0.3613
vn 0.2054 0.7696 0.6046
vn 0.0940 0.9134 0.3960
vn 0.0573 0.9034 0.4249
vn 0.1465 0.7511 0.6438
vn -0.0344 0.8536 0.5198
vn -0.0617 0.4924 0.8682
vn 0.7038 -0.4111 0.5794
vn 0.1344 -0.9672 0.2157
vn 0.5252 -0.3409 0.7797
vn 0.3869 -0.2829 0.8777
vn 0.1014 -0.9410 0.3230
vn 0.2253 -0.1865 0.9563
vn 0.0847 -0.8995 0.4286
vn 0.0667 -0.6303 0.7735
vn 0.2252 -0.1865 0.9563
vn 0.0655 -0.7521 0.6558
vn 0.0655 -0.7522 0.6557
vn 0.1093 0.0231 0.9937
vn 0.1050 -0.0157 0.9943
vn 0.1823 -0.0973 0.9784
vn 0.0395 0.7655 0.6422
vn 0.0195 0.9307 0.3653
vn -0.3357 0.6566 0.6754
vn 0.3836 0.7875 0.4823
vn 0.3380 0.7607 0.5541
vn 0.5805 0.5811 0.5704
vn 0.4969 0.6826 0.5359
vn 0.2008 -0.9738 0.1072
vn 0.8258 -0.4000 0.3975
vn 0.2807 -0.9537 0.1077
vn 0.8683 -0.4068 0.2839
vn 0.3321 -0.9399 0.0797
vn 0.8820 -0.4373 0.1758
vn 0.1259 0.1139 0.9855
vn 0.1341 -0.1228 0.9833
vn 0.1194 -0.1284 0.9845
vn 0.1099 -0.1159 0.9872
vn 0.1534 0.2447 0.9574
vn 0.0808 0.1147 0.9901
vn 0.1099 -0.1160 0.9872
vn 0.1003 0.1485 0.9838
vn 0.8679 -0.4827 0.1171
vn 0.3471 -0.9374 -0.0298
vn 0.8848 -0.4564 0.0938
vn 0.6702 -0.7236 0.1651
vn 0.7249 -0.6364 -0.2635
vn 0.1145 0.7975 0.5924
vn 0.1145 0.7974 0.5924
vn 0.2703 0.5916 0.7596
vn 0.3269 0.5494 0.7689
vn 0.0152 0.8488 0.5285
vn 0.1323 0.9230 0.3613
vn 0.1144 0.7975 0.5924
vn 0.3835 0.7876 0.4823
vn 0.2703 0.5917 0.7595
vn 0.3269 0.5495 0.7689
vn 0.5542 0.7440 0.3732
vn 0.5542 0.7441 0.3732
vn 0.2727 0.3994 0.8753
vn -0.1888 0.9372 0.2932
vn -0.1172 0.9608 0.2512
vn -0.4236 0.7611 0.4912
vn -0.1423 0.6200 0.7716
vn -0.2372 0.6543 0.7181
vn -0.4080 0.7811 0.4727
vn -0.0344 0.8536 0.5197
vn -0.6221 0.5554 0.5518
vn -0.3358 0.6565 0.6754
vn -0.4320 0.7870 0.4404
vn -0.0662 0.2756 0.9590
vn -0.2371 0.6543 0.7181
vn -0.1448 0.9797 -0.1389
vn -0.4514 0.5554 -0.6984
vn -0.2928 0.9139 -0.2811
vn -0.8137 0.4070 -0.4151
vn -0.2516 0.9419 -0.2227
vn -0.6048 0.6833 -0.4091
vn -0.0065 0.9665 0.2567
vn -0.0163 0.8186 0.5741
vn 0.0001 0.9684 0.2494
vn -0.0040 0.8256 0.5642
vn -0.0163 0.8186 0.5742
vn -0.0201 0.5880 0.8086
vn -0.0040 0.8256 0.5643
vn -0.0081 0.5933 0.8050
vn -0.0200 0.5880 0.8086
vn -0.0201 0.5879 0.8087
vn -0.0276 0.3190 0.9474
vn -0.0081 0.5932 0.8050
vn -0.0202 0.3779 0.9256
vn -0.0297 0.9549 0.2955
vn -0.0338 0.8094 0.5863
vn -0.0379 0.5876 0.8083
vn -0.0379 0.5875 0.8083
vn -0.0351 0.2670 0.9631
vn -0.0760 0.2659 0.9610
vn -0.0373 0.9993 -0.0002
vn -0.0378 0.9645 0.2612
vn -0.0274 0.9990 0.0344
vn -0.0370 0.8091 0.5865
vn -0.0370 0.8091 0.5866
vn -0.0390 0.5869 0.8087
vn -0.0421 0.3096 0.9499
vn -0.0414 -0.0039 0.9991
vn -0.0487 0.9988 -0.0092
vn -0.0456 0.9663 0.2535
vn -0.0497 0.8145 0.5780
vn -0.0512 0.5842 0.8100
vn -0.0512 0.5841 0.8100
vn -0.0513 0.2955 0.9540
vn -0.0536 0.0018 0.9986
vn -0.0547 -0.2294 0.9718
vn -0.1047 0.1682 0.9802
vn -0.0639 0.9972 -0.0382
vn -0.0726 0.9643 0.2546
vn -0.0781 0.8068 0.5857
vn -0.0781 0.8067 0.5857
vn -0.0835 0.5869 0.8053
vn -0.0497 0.8145 0.5781
vn -0.0834 0.5869 0.8054
vn -0.0852 0.3070 0.9479
vn -0.0885 -0.2327 0.9685
vn -0.0958 -0.3483 0.9325
vn -0.1295 0.0958 0.9869
vn -0.0852 0.9963 -0.0060
vn -0.1083 0.9582 0.2648
vn -0.1183 0.8037 0.5832
vn -0.1183 0.8036 0.5833
vn -0.1242 0.5835 0.8026
vn -0.1284 0.3065 0.9432
vn -0.1304 -0.0003 0.9915
vn -0.1358 -0.2728 0.9524
vn -0.1767 -0.3970 0.9007
vn -0.2208 -0.3658 0.9041
vn -0.1787 0.0831 0.9804
vn -0.1051 0.9944 0.0144
vn -0.1189 0.9491 0.2918
vn -0.1410 0.8028 0.5794
vn -0.1410 0.8027 0.5794
vn -0.1487 0.5833 0.7985
vn -0.1487 0.5832 0.7986
vn -0.1543 0.3068 0.9392
vn -0.1574 0.0005 0.9875
vn -0.1576 -0.3057 0.9390
vn -0.1713 -0.5744 0.8004
vn -0.1713 -0.5745 0.8004
vn -0.3735 -0.6571 0.6548
vn -0.1767 -0.3970 0.9006
vn -0.3735 -0.6570 0.6548
vn -0.3699 -0.3566 0.8579
vn -0.6297 -0.4593 0.6265
vn -0.4158 0.1144 0.9022
vn -0.2814 0.1010 0.9543
vn -0.5869 0.1204 0.8007
vn -0.9967 0.0659 -0.0479
vn -0.9800 0.1979 0.0226
vn -0.9434 -0.2122 0.2548
vn -0.9319 0.1459 0.3320
vn -0.7363 -0.5858 0.3386
vn -0.9834 -0.1805 0.0192
vn -0.9109 -0.2039 -0.3588
vn -0.6195 -0.5469 -0.5631
vn -0.8717 -0.1358 -0.4709
vn -0.5707 -0.3094 -0.7607
vn -0.9718 -0.1491 -0.1827
vn -0.2517 0.9419 -0.2226
vn -0.1700 0.9689 -0.1799
vn -0.1868 0.9630 -0.1945
vn 0.0018 0.9991 0.0429
vn -0.9234 -0.0204 -0.3833
vn -0.9070 0.0977 -0.4096
vn -0.7023 -0.0048 -0.7119
vn -0.7333 0.1369 -0.6660
vn -0.0680 0.9941 -0.0848
vn -0.4777 0.7909 -0.3825
vn -0.5807 0.6712 -0.4608
vn -0.5058 0.7545 -0.4183
vn -0.9663 0.0141 -0.2569
vn -0.8717 -0.1358 -0.4708
vn -0.9211 0.0727 -0.3824
vn -0.7914 0.0094 -0.6112
vn -0.4912 0.0179 -0.8708
vn -0.7913 0.0094 -0.6113
vn -0.5706 -0.3093 -0.7607
vn -0.6718 0.2709 -0.6895
vn -0.7493 0.2863 -0.5971
vn -0.7778 0.3309 -0.5344
vn -0.9625 0.0147 -0.2710
vn -0.6047 0.6833 -0.4092
vn -0.1996 0.1246 0.9719
vn -0.9999 0.0083 -0.0147
vn -0.6718 0.2709 -0.6894
vn -0.7493 0.2864 -0.5971
vn -0.7569 0.4838 -0.4393
vn -0.7777 0.3309 -0.5344
vn -0.4778 0.7908 -0.3825
vn -0.5059 0.7544 -0.4183
vn -0.7778 0.3310 -0.5344
vn -0.7207 0.5378 -0.4374
vn -0.7569 0.4838 -0.4394
vn -0.7570 0.4837 -0.4394
vn -0.7208 0.5377 -0.4374
vn -0.4831 0.7440 -0.4616
vn -0.4832 0.7439 -0.4617
vn -0.7877 0.1048 0.6071
vn -0.9918 0.0034 -0.1278
vn -0.9109 -0.2039 -0.3587
vn -0.6007 0.0002 -0.7994
vn -0.0126 0.4150 0.9097
vn -0.0429 0.7457 0.6649
vn -0.0180 0.7746 0.6322
vn 0.0069 0.7782 0.6280
vn 0.0099 0.5688 0.8224
vn 0.0321 0.5576 0.8295
vn 0.0110 0.8543 0.5196
vn -0.0066 0.9791 0.2035
vn -0.0101 0.9983 -0.0568
vn -0.0137 0.9999 -0.0051
vn -0.0015 0.9984 -0.0562
vn -0.0030 1.0000 -0.0079
vn -0.0094 0.9992 -0.0397
vn -0.0019 0.9988 -0.0486
vn -0.0025 0.9962 -0.0871
vn -0.0087 0.9999 0.0074
vn -0.0137 0.9999 0.0062
vn -0.0302 0.9992 0.0260
vn -0.1503 0.9298 0.3360
vn -0.0163 0.9477 0.3189
vn -0.2618 0.8906 0.3719
vn -0.1069 0.9678 0.2278
vn -0.0765 0.9800 0.1839
vn -0.0878 0.9704 0.2250
vn -0.0507 0.9645 0.2593
vn -0.0181 0.7746 0.6322
vn -0.0552 0.9764 0.2090
vn 0.0053 0.9663 0.2573
vn 0.0025 0.9678 0.2516
vn -0.0041 0.9649 0.2625
vn 0.0249 0.9680 0.2496
vn 0.0251 0.9694 0.2443
vn 0.0095 0.9706 0.2404
vn -0.0084 0.9789 0.2043
vn 0.0176 0.7112 0.7028
vn 0.0099 0.5689 0.8223
vn -0.0413 -0.7327 0.6793
vn 0.3067 -0.6765 0.6696
vn 0.0547 -0.1818 -0.9818
vn -0.1214 -0.2630 -0.9571
vn -0.6218 -0.7676 0.1556
vn -0.3462 -0.8207 0.4545
vn -0.6914 -0.7191 -0.0695
vn -0.6866 -0.6986 -0.2013
vn -0.5754 -0.7040 -0.4164
vn -0.3628 -0.7168 -0.5955
vn -0.5143 -0.0003 0.8576
vn 0.0335 0.9520 0.3044
vn 0.0940 0.9135 0.3959
vn 0.0303 0.9538 0.2989
vn 0.0193 0.9410 0.3379
vn -0.0539 0.9660 0.2530
vn 0.0262 0.9802 0.1964
vn 0.0445 0.9724 0.2291
vn 0.0133 0.8487 0.5286
vn -0.0042 0.9969 0.0790
vn -0.0331 0.9867 0.1590
vn -0.0111 0.9977 0.0672
vn -0.0611 0.9691 0.2391
vn -0.0799 0.9642 0.2528
vn -0.0348 0.9643 0.2624
vn -0.0191 0.9609 0.2761
vn 0.0044 0.9510 0.3092
vn -0.0016 0.9366 0.3503
vn 0.0079 0.9334 0.3588
vn 0.0153 0.9355 0.3529
vn 0.0520 0.9654 0.2557
vn -0.1172 0.9886 -0.0944
vn -0.1130 0.9901 -0.0838
vn -0.0631 0.9914 -0.1148
vn -0.0300 0.9909 -0.1309
vn -0.1196 0.9922 0.0353
vn 0.0221 0.9302 0.3664
vn 0.0131 0.8023 0.5968
vn 0.0121 0.6711 0.7413
vn 0.0148 0.8487 0.5287
vn 0.0137 0.8023 0.5968
vn 0.0136 0.8023 0.5968
vn 0.0320 0.5576 0.8295
vn -0.1386 0.9847 0.1055
vn -0.1197 0.9922 0.0353
vn -0.2923 0.8196 0.4928
vn 0.0275 0.8384 0.5443
vn 0.0222 0.9841 0.1763
vn 0.0374 0.8171 0.5753
vn 0.0212 0.9681 0.2497
vn -0.0922 0.9146 0.3937
vn 0.0243 0.8125 0.5825
vn -0.2923 0.8196 0.4929
vn 0.0275 0.8384 0.5444
vn 0.0409 0.8490 0.5268
vn 0.0374 0.8170 0.5754
vn -0.1143 0.9909 -0.0711
vn 0.0115 0.9968 0.0787
vn 0.0165 0.9942 0.1061
vn 0.0217 0.9977 -0.0644
vn 0.0027 0.9973 -0.0732
vn 0.0211 0.9997 -0.0140
vn 0.0035 0.9999 -0.0107
vn 0.0196 0.9991 0.0383
vn 0.0059 0.9990 0.0433
vn -0.1219 0.9876 -0.0985
vn -0.1135 0.9916 -0.0613
vn -0.0770 0.9842 0.1597
vn -0.1718 0.9811 0.0894
vn 0.0055 0.9749 0.2225
vn -0.2418 0.9700 0.0241
vn -0.0696 0.9829 -0.1706
vn -0.0840 0.9874 -0.1340
vn 0.0243 0.8125 0.5824
vn 0.0409 0.8490 0.5267
vn -0.1131 0.9900 -0.0838
vn -0.1135 0.9916 -0.0614
vn -0.1172 0.9886 -0.0945
vn -0.1219 0.9876 -0.0986
vn -0.0631 0.9914 -0.1149
vn 0.0133 0.8488 0.5286
vn 0.6739 -0.7238 -0.1482
vn 0.6405 -0.7636 0.0815
vn 0.4078 -0.7913 0.4557
vn 0.4078 -0.7912 0.4557
vn 0.1151 -0.7307 0.6729
vn -0.1650 -0.7344 0.6584
vn 0.5748 -0.6872 -0.4443
vn 0.6607 -0.6890 -0.2979
vn -0.2040 -0.1891 -0.9605
vn -0.2980 -0.2395 -0.9240
vn -0.1155 -0.1936 -0.9743
vn -0.0611 -0.1944 -0.9790
vn 0.0800 -0.2713 -0.9592
vn 0.3688 -0.6887 -0.6243
vn 0.3688 -0.6886 -0.6243
vn -0.4629 -0.4450 -0.7666
vn -0.6132 -0.5499 -0.5671
vn -0.8577 -0.0000 -0.5142
vn -0.7122 -0.6353 -0.2987
vn -0.6757 -0.7228 0.1450
vn -0.4688 -0.7064 0.5303
vn -0.6758 -0.7227 0.1449
vn 0.0365 0.9407 0.3372
vn 0.0469 0.8171 0.5745
vn 0.0596 0.9522 0.2996
vn 0.0756 0.8650 0.4961
vn 0.0719 0.9528 0.2950
vn 0.0893 0.9163 0.3904
vn 0.0861 0.9606 0.2644
vn 0.0982 0.9436 0.3162
vn 0.0916 0.9682 0.2327
vn 0.1032 0.9685 0.2268
vn 0.0366 0.8430 0.5366
vn 0.0668 0.8871 0.4567
vn 0.0775 0.8947 0.4399
vn 0.0924 0.9133 0.3966
vn 0.0982 0.9167 0.3872
vn 0.0976 0.9401 0.3265
vn 0.0710 0.7522 0.6551
vn 0.0890 0.7646 0.6383
vn 0.1051 0.7740 0.6244
vn 0.1143 0.7555 0.6451
vn 0.1123 0.7574 0.6432
vn 0.0133 0.8487 0.5287
vn 0.1144 0.7974 0.5925
vn 0.0368 0.7231 0.6898
vn 0.0808 0.1146 0.9901
vn 0.1003 0.1484 0.9838
vn 0.1051 0.7739 0.6245
vn 0.1093 0.0230 0.9937
vn 0.1049 -0.0158 0.9944
vn 0.1123 0.7573 0.6433
vn 0.1223 0.9253 -0.3590
vn 0.1116 0.9281 -0.3552
vn 0.1152 0.9851 -0.1277
vn 0.0948 0.9831 -0.1567
vn 0.2615 0.8869 -0.3809
vn 0.1059 0.9942 -0.0206
vn 0.0299 0.9995 -0.0129
vn 0.0332 0.9987 0.0385
vn 0.0588 0.9981 -0.0205
vn 0.0601 0.9971 0.0469
vn 0.0761 0.9962 -0.0431
vn 0.0795 0.9963 0.0340
vn 0.0967 0.9947 -0.0341
vn 0.1018 0.9942 0.0346
vn 0.0365 0.9956 0.0862
vn 0.0649 0.9932 0.0971
vn 0.0761 0.9947 0.0692
vn 0.1005 0.9938 0.0472
vn 0.1169 0.9931 0.0022
vn 0.0401 0.9769 0.2099
vn 0.0702 0.9827 0.1714
vn 0.0793 0.9879 0.1331
vn 0.1008 0.9892 0.1063
vn 0.1157 0.9902 0.0782
vn 0.1876 0.9821 0.0194
vn 0.1141 0.9921 0.0523
vn 0.0484 0.8055 0.5906
vn 0.0861 0.8872 0.4533
vn 0.0936 0.9226 0.3742
vn 0.1092 0.9501 0.2921
vn 0.1154 0.9723 0.2034
vn 0.1141 0.9894 0.0903
vn 0.0470 0.8171 0.5746
vn 0.0756 0.8649 0.4962
vn 0.0757 0.8649 0.4962
vn 0.0894 0.9163 0.3905
vn 0.0983 0.9435 0.3163
vn 0.1033 0.9685 0.2268
vn 0.1008 0.9837 0.1490
vn 0.8707 0.4556 0.1852
vn 0.9662 -0.1010 0.2371
vn 0.7896 0.5160 -0.3320
vn 0.9424 -0.0433 -0.3315
vn 0.5818 0.8064 0.1056
vn 0.8707 0.4557 0.1852
vn 0.5265 0.8123 -0.2510
vn 0.7896 0.5160 -0.3321
vn 0.0115 0.9718 0.2356
vn 0.0055 0.9749 0.2226
vn 0.0476 0.9764 0.2108
vn 0.0392 0.9702 0.2392
vn 0.0739 0.9806 0.1817
vn 0.0673 0.9757 0.2087
vn 0.1052 0.9858 0.1308
vn 0.1092 0.9758 0.1894
vn 0.1512 0.9819 0.1142
vn 0.1624 0.9829 0.0864
vn 0.2515 0.9676 0.0243
vn 0.2067 0.9781 0.0230
vn 0.2696 0.9568 -0.1091
vn 0.2037 0.9745 -0.0943
vn 0.0372 0.9066 -0.4203
vn 0.0281 0.9648 -0.2614
vn 0.0371 0.8914 -0.4517
vn 0.0418 0.9553 -0.2925
vn 0.0432 0.8902 -0.4535
vn 0.0562 0.9510 -0.3040
vn -0.0029 0.9091 -0.4165
vn 0.0227 0.9481 -0.3173
vn -0.0980 0.9134 -0.3950
vn -0.0290 0.9668 -0.2538
vn -0.2008 0.9351 -0.2920
vn -0.0541 0.9753 -0.2141
vn -0.2131 0.9413 -0.2617
vn -0.0435 0.9783 -0.2026
vn 0.0418 0.9554 -0.2925
vn 0.0281 0.9649 -0.2613
vn 0.0476 0.9764 0.2107
vn 0.0115 0.9718 0.2355
vn 0.0562 0.9510 -0.3039
vn 0.0739 0.9806 0.1816
vn 0.1512 0.9819 0.1141
vn -0.0541 0.9753 -0.2140
vn 0.2695 0.9568 -0.1091
vn 0.2514 0.9676 0.0242
vn 0.0392 0.9702 0.2391
vn 0.0673 0.9757 0.2086
vn 0.1091 0.9758 0.1894
vn 0.1624 0.9829 0.0863
vn 0.1875 0.9375 -0.2933
vn -0.0720 0.9600 -0.2706
vn -0.0719 0.9600 -0.2706
vn 0.1922 0.9325 -0.3058
vn 0.1923 0.9325 -0.3059
vn 0.0368 0.7231 0.6897
vn -0.0068 0.7130 -0.7011
vn 0.0083 0.7066 -0.7076
vn -0.0697 0.9829 -0.1706
vn -0.1513 0.9842 -0.0922
vn -0.0111 0.9829 -0.1838
vn 0.0830 0.9554 -0.2835
vn 0.1210 0.9096 -0.3975
vn -0.0198 0.6217 -0.7830
vn -0.0441 0.9773 -0.2072
vn -0.0199 0.6217 -0.7830
vn -0.0440 0.9773 -0.2072
vn 0.1084 0.9608 -0.2553
vn 0.0980 0.6154 -0.7821
vn 0.1724 0.9511 -0.2563
vn 0.3033 0.8290 -0.4698
vn 0.2245 0.9464 -0.2321
vn 0.4578 0.8405 -0.2899
vn 0.1587 0.9704 -0.1818
vn 0.1711 0.9614 -0.2156
vn -0.1512 0.9842 -0.0922
vn 0.2767 0.9408 -0.1959
vn 0.1588 0.9704 -0.1818
vn 0.2712 0.9393 -0.2104
vn 0.1711 0.9614 -0.2157
vn -0.2089 0.9709 0.1172
vn -0.1719 0.9810 0.0895
vn -0.0737 0.9775 0.1978
vn -0.0770 0.9841 0.1598
vn 0.0830 0.9554 -0.2834
vn 0.1723 0.9511 -0.2562
vn -0.0737 0.9775 0.1977
vn -0.2419 0.9700 0.0241
vn -0.2907 0.9568 -0.0003
vn -0.2907 0.9568 -0.0004
vn 0.2244 0.9465 -0.2320
vn -0.5722 0.3699 -0.7319
vn 0.3468 0.3923 -0.8520
vn 0.1723 0.4831 -0.8584
vn 0.1262 0.5087 -0.8517
vn 0.2558 0.6435 -0.7214
vn 0.2559 0.6435 -0.7214
vn -0.3358 0.6566 0.6754
vn -0.4319 0.7871 0.4403
vn 0.3243 0.9317 -0.1634
vn 0.5818 0.8065 0.1056
vn 0.9662 -0.1011 0.2371
vn 0.6702 -0.7236 0.1652
vn 0.9424 -0.0432 -0.3316
vn 0.0660 0.8808 -0.4689
vn 0.0070 -0.0005 -1.0000
vn -0.0068 0.7131 -0.7010
vn 0.0083 0.7066 -0.7075
vn -0.2104 0.0002 -0.9776
vn -0.2424 0.0003 -0.9702
vn -0.0568 -0.0001 -0.9984
vn -0.0379 -0.0002 -0.9993
vn 0.1007 0.0001 -0.9949
vn 0.0717 0.0001 -0.9974
vn 0.0720 0.0002 -0.9974
vn 0.1658 -0.0003 -0.9862
vn 0.5484 -0.1057 -0.8295
vn 0.3467 0.3922 -0.8520
vn 0.0417 -0.0001 -0.9991
vn 0.0319 -0.0001 -0.9995
vn 0.9482 -0.0978 -0.3023
vn 0.9615 -0.0091 -0.2747
vn 0.9980 -0.0118 -0.0623
vn 0.9994 -0.0002 -0.0353
vn -0.8306 -0.5225 -0.1925
vn -0.9355 0.0003 -0.3532
vn -0.8436 -0.3602 -0.3983
vn 0.0009 1.0000 -0.0006
vn 0.0011 1.0000 -0.0013
vn -0.0012 1.0000 0.0014
vn -0.5587 -0.5704 -0.6021
vn -0.2101 -0.5782 -0.7884
vn -0.5587 -0.5704 -0.6020
vn 0.0006 1.0000 0.0006
vn 0.0003 1.0000 0.0010
vn 0.1840 -0.5870 -0.7884
vn 0.7176 -0.0049 -0.6965
vn 0.5692 -0.5406 -0.6195
vn 0.7176 -0.0049 -0.6964
vn -0.0017 1.0000 0.0023
vn -0.0069 1.0000 0.0039
vn -0.0002 1.0000 0.0015
vn 0.0659 0.8808 -0.4689
vn -0.3397 0.0001 -0.9405
vn -0.3409 0.0003 -0.9401
vn 0.9619 -0.0010 -0.2736
vn 0.9614 -0.0410 -0.2720
vn 0.8692 -0.0003 -0.4945
vn 0.8430 -0.2697 -0.4654
vn 0.4709 -0.3643 -0.8035
vn 0.4709 -0.3642 -0.8035
vn 0.1211 -0.4436 -0.8880
vn -0.1086 -0.3960 -0.9118
vn -0.5410 -0.3724 -0.7541
vn -0.5409 -0.3724 -0.7541
vn -0.8228 -0.3400 -0.4554
vn -0.8732 0.0025 -0.4874
vn -0.9074 0.0088 -0.4201
vn -0.7404 -0.5767 -0.3454
vn 0.0001 1.0000 0.0011
vn 0.0003 1.0000 -0.0000
vn 0.0001 1.0000 0.0010
vn 0.0004 1.0000 -0.0000
vn 0.0003 1.0000 0.0012
vn 0.0006 1.0000 -0.0004
vn 0.0003 1.0000 0.0013
vn -0.3748 0.0001 -0.9271
vn -0.6007 0.0003 -0.7995
vn 0.0093 0.0021 -1.0000
vn -0.5807 0.6711 -0.4608
vn -0.5722 0.3700 -0.7319
vn 0.1365 0.1580 -0.9780
vn 0.6791 -0.7339 -0.0114
vn 0.5984 -0.7997 -0.0491
vn 0.6955 -0.7185 -0.0078
vn -0.8435 -0.3602 -0.3983
vn -0.6570 -0.7301 -0.1879
vn -0.1847 -0.9632 0.1954
vn -0.8306 -0.5225 -0.1926
vn -0.6569 -0.7301 -0.1879
vn -0.6446 -0.5147 -0.5653
vn -0.2101 -0.5781 -0.7884
vn -0.0862 -0.9778 -0.1911
vn -0.5588 -0.5703 -0.6021
vn -0.1079 -0.9746 -0.1962
vn -0.4336 -0.8504 -0.2978
vn -0.4337 -0.8504 -0.2978
vn -0.0492 -0.9812 -0.1867
vn 0.5692 -0.5405 -0.6196
vn 0.0275 -0.9673 -0.2520
vn 0.1840 -0.5869 -0.7885
vn 0.4570 -0.8087 -0.3704
vn 0.9482 -0.0978 -0.3024
vn 0.4570 -0.8086 -0.3705
vn 0.2944 0.7496 -0.5928
vn 0.3033 0.8290 -0.4699
vn 0.7482 -0.5318 -0.3967
vn 0.7309 -0.5918 -0.3400
vn 0.7309 -0.5918 -0.3399
vn 0.0598 -0.0576 -0.9965
vn 0.4175 0.0197 -0.9085
vn 0.9095 0.0434 -0.4135
vn 0.9032 -0.0000 -0.4292
vn 0.9120 0.1092 -0.3954
vn 0.9471 0.1695 -0.2725
vn 0.9471 0.1695 -0.2726
vn 0.9301 0.3633 0.0545
vn 0.8848 -0.4564 0.0939
vn 0.3471 -0.9373 -0.0299
vn 0.5485 -0.1057 -0.8295
vn 0.7249 -0.6365 -0.2635
vn 0.9425 -0.0432 -0.3315
vn 0.3467 0.3923 -0.8520
vn 0.7896 0.5161 -0.3320
vn 0.2616 0.8869 -0.3809
vn 0.3243 0.9317 -0.1635
vn 0.5265 0.8123 -0.2511
vn 0.2615 0.8869 -0.3808
vn -0.0302 0.9992 0.0261
vn -0.1196 0.9922 0.0354
vn -0.0697 0.9829 -0.1707
vn 0.1865 0.9823 0.0181
vn 0.0979 0.6154 -0.7821
vn 0.1085 0.9607 -0.2553
vn 0.7047 0.5986 -0.3809
vn 0.2861 0.9199 -0.2682
vn 0.6106 0.6167 -0.4969
vn 0.2428 0.9203 -0.3068
vn 0.2055 0.9171 -0.3416
vn 0.1568 0.9133 -0.3759
vn 0.5039 0.6054 -0.6161
vn 0.3716 0.6179 -0.6928
vn -0.2137 0.5100 -0.8332
vn -0.0608 0.5089 -0.8587
vn -0.1338 0.8816 -0.4527
vn -0.0547 0.8745 -0.4820
vn -0.3106 0.8829 -0.3522
vn -0.3559 0.8831 -0.3056
vn -0.5385 0.5244 -0.6596
vn -0.6234 0.5532 -0.5526
vn -0.7518 0.5355 -0.3849
vn -0.6828 0.5619 -0.4670
vn -0.3650 0.8991 -0.2416
vn -0.3722 0.8911 -0.2596
vn -0.6828 0.5619 -0.4671
vn -0.5770 0.8092 0.1108
vn -0.4892 0.8647 0.1143
vn -0.4784 0.8604 0.1757
vn -0.4001 0.9013 0.1662
vn -0.3771 0.8988 0.2235
vn -0.3209 0.9252 0.2023
vn -0.2872 0.9275 0.2391
vn -0.2590 0.9417 0.2148
vn 0.0461 0.9494 0.3107
vn -0.0174 0.9553 0.2952
vn 0.0180 0.9729 0.2304
vn -0.0230 0.9691 0.2454
vn 0.1607 0.9570 0.2413
vn 0.2480 0.9343 0.2560
vn 0.2242 0.9304 0.2899
vn 0.2863 0.9207 0.2650
vn 0.3830 0.9109 0.1534
vn 0.3611 0.9002 0.2436
vn 0.3259 0.9318 0.1595
vn 0.2953 0.9251 0.2388
vn 0.3611 0.9002 0.2435
vn 0.2861 0.9199 -0.2681
vn 0.2427 0.9203 -0.3068
vn -0.3770 0.8989 0.2234
vn -0.2872 0.9276 0.2391
vn 0.0460 0.9494 0.3106
vn 0.2242 0.9305 0.2898
vn 0.2863 0.9208 0.2649
vn -0.3105 0.8829 -0.3523
vn -0.3722 0.8911 -0.2597
vn -0.0494 0.9658 0.2546
vn -0.0559 0.9538 0.2951
vn -0.0559 0.9539 0.2950
vn -0.0185 0.8942 -0.4474
vn 0.0110 0.5871 -0.8095
vn -0.0185 0.8941 -0.4474
vn -0.0834 0.9679 0.2370
vn -0.1002 0.9557 0.2769
vn -0.1002 0.9557 0.2768
vn 0.0190 0.9051 -0.4249
vn 0.0191 0.9050 -0.4249
vn 0.0915 0.6077 -0.7889
vn 0.0769 0.9665 0.2450
vn 0.1282 0.9440 0.3039
vn -0.2392 0.8783 -0.4139
vn -0.2392 0.8783 -0.4140
vn -0.4019 0.4962 -0.7696
vn -0.3650 0.8991 -0.2415
vn -0.3211 0.9244 -0.2058
vn -0.6154 0.7261 -0.3065
vn -0.3212 0.9244 -0.2058
vn 0.2039 0.9789 0.0099
vn -0.1915 0.9684 -0.1595
vn 0.1513 0.9885 0.0051
vn 0.3260 0.9318 0.1595
vn 0.1865 0.9823 0.0180
vn 0.3830 0.9109 0.1533
vn 0.1866 0.9823 0.0181
vn -0.0230 0.9692 0.2454
vn -0.0833 0.9679 0.2370
vn 0.3259 0.9319 0.1595
vn -0.5723 0.3700 -0.7319
vn -0.6596 0.6031 -0.4486
vn 0.2138 0.6291 -0.7474
vn -0.6596 0.6030 -0.4486
vn 0.1366 0.1580 -0.9780
vn 0.2138 0.6291 -0.7473
vn 0.7048 0.5986 -0.3809
vn -0.4892 0.8647 0.1142
vn -0.1579 0.9671 0.1993
vn 0.0179 0.9730 0.2303
vn 0.0768 0.9665 0.2449
vn 0.1607 0.9571 0.2413
vn 0.2953 0.9251 0.2387
vn 0.2479 0.9344 0.2559
vn 0.8063 -0.5311 -0.2604
vn 0.6970 -0.5824 -0.4184
vn 0.1787 -0.7595 -0.6255
vn 0.2539 -0.7389 -0.6242
vn 0.0596 -0.8255 -0.5612
vn -0.0076 -0.7739 -0.6333
vn 0.1212 -0.4436 -0.8880
vn -0.1545 -0.7104 -0.6866
vn -0.5173 -0.7209 -0.4611
vn -0.3880 -0.7764 -0.4967
vn -0.7099 -0.6238 -0.3270
vn -0.1370 -0.9853 -0.1019
vn -0.7419 -0.5766 -0.3423
vn -0.8228 -0.3400 -0.4553
vn -0.1371 -0.9853 -0.1018
vn 0.8430 -0.2697 -0.4655
vn 0.6270 -0.5550 -0.5466
vn 0.4170 -0.7267 -0.5460
vn 0.6270 -0.5551 -0.5466
vn -0.5410 -0.3725 -0.7541
vn -0.6544 -0.6033 -0.4558
vn -0.7099 -0.6238 -0.3271
vn -0.1546 -0.7104 -0.6866
vn -0.2385 -0.7405 -0.6284
vn -0.1548 -0.7099 -0.6870
vn -0.0144 -0.2254 -0.9742
vn -0.0295 -0.0694 -0.9971
vn -0.0163 -0.2069 -0.9782
vn -0.0300 -0.0643 -0.9975
vn -0.6596 0.6031 -0.4485
vn 0.2138 0.6292 -0.7473
vn -0.5135 0.8096 -0.2844
vn -0.1916 0.9684 -0.1595
vn 0.1514 0.9885 0.0051
vn 0.0357 -0.9967 0.0730
vn 0.3713 0.6184 -0.6926
vn 0.2298 0.6444 -0.7294
vn 0.0819 0.9239 -0.3738
vn -0.1977 0.9452 0.2596
vn -0.1580 0.9671 0.1994
vn -0.1977 0.9453 0.2595
vn -0.3209 0.9253 0.2022
vn 0.0819 0.9239 -0.3739
vn -0.6827 0.5619 -0.4671
vn 0.2480 0.9344 0.2559
vn 0.2864 0.9208 0.2650
vn -0.5174 -0.7209 -0.4611
vn -0.0198 0.6218 -0.7830
vn -0.9992 -0.0301 -0.0281
vn -0.9999 -0.0049 -0.0110
vn -0.9998 -0.0061 -0.0201
vn -0.9999 0.0006 -0.0125
vn -0.9998 -0.0012 -0.0175
vn -0.9998 -0.0062 -0.0201
vn -0.9997 0.0015 -0.0237
vn -0.9987 0.0183 -0.0475
vn -0.9998 0.0050 -0.0192
vn -0.9998 0.0050 -0.0193
vn -0.9994 0.0292 -0.0163
vn -0.9996 0.0187 -0.0213
vn -0.8314 -0.5376 -0.1405
vn -0.9996 0.0187 -0.0214
vn -0.9999 -0.0067 0.0103
vn -0.9999 -0.0067 0.0102
vn -0.9998 -0.0012 -0.0176
vn -0.9681 0.1439 0.2051
vn -0.9983 0.0181 0.0561
vn -0.9998 0.0129 -0.0154
vn -0.9983 0.0180 0.0560
vn -1.0000 -0.0029 0.0061
vn -0.9983 0.0180 0.0561
vn -1.0000 -0.0068 0.0012
vn -1.0000 -0.0069 0.0012
vn -0.9997 -0.0187 0.0123
vn -0.4389 -0.8475 0.2984
vn -0.4392 -0.8473 0.2986
vn -0.4419 -0.6778 0.5876
vn -0.4421 -0.6777 0.5877
vn -0.4419 -0.6778 0.5877
vn -0.4421 -0.6776 0.5877
vn -0.4467 -0.3793 0.8103
vn -0.4469 -0.3789 0.8104
vn -0.4467 -0.3792 0.8103
vn -0.4469 -0.3788 0.8104
vn -0.4456 -0.0078 0.8952
vn -0.4461 -0.0069 0.8949
vn -0.4456 -0.0077 0.8952
vn -0.4461 -0.0068 0.8950
vn -0.4452 0.3401 0.8283
vn -0.4456 0.3406 0.8279
vn -0.4461 -0.0068 0.8949
vn -0.4452 0.3402 0.8283
vn -0.4456 0.3407 0.8279
vn -0.4432 0.6114 0.6555
vn -0.4420 0.6132 0.6547
vn -0.4432 0.6115 0.6555
vn -0.4418 0.7913 0.4226
vn -0.4393 0.7926 0.4228
vn -0.4393 0.7927 0.4227
vn -0.4359 0.8767 0.2033
vn -0.4359 0.8769 0.2027
vn -0.4359 0.8767 0.2032
vn -0.4359 0.8769 0.2026
vn -0.4366 0.8990 -0.0331
vn -0.4376 0.8985 -0.0350
vn -0.4366 0.8990 -0.0332
vn -0.4329 0.8527 -0.2926
vn -0.4328 0.8527 -0.2926
vn -0.4329 0.8526 -0.2926
vn -0.4328 0.8526 -0.2927
vn -0.4328 0.7303 -0.5285
vn -0.4329 0.7303 -0.5285
vn -0.4328 0.8527 -0.2927
vn -0.4329 0.7302 -0.5285
vn -0.4301 0.5266 -0.7333
vn -0.4304 0.5264 -0.7333
vn -0.4304 0.5263 -0.7333
vn -0.4291 0.2778 -0.8595
vn -0.4291 0.2777 -0.8595
vn -0.4285 0.0001 -0.9036
vn -0.4284 0.0001 -0.9036
vn -0.4286 -0.2776 -0.8598
vn -0.4285 -0.2776 -0.8598
vn -0.4286 -0.2777 -0.8598
vn -0.4285 -0.2777 -0.8598
vn -0.4294 -0.5284 -0.7324
vn -0.4292 -0.5284 -0.7325
vn -0.4308 -0.7277 -0.5338
vn -0.4306 -0.7277 -0.5339
vn -0.4292 -0.5285 -0.7325
vn -0.4308 -0.7277 -0.5337
vn -0.4306 -0.7277 -0.5338
vn -0.4328 -0.8559 -0.2831
vn -0.4325 -0.8560 -0.2833
vn -0.4328 -0.8559 -0.2830
vn -0.4350 -0.9004 -0.0039
vn -0.4348 -0.9005 -0.0041
vn -0.4325 -0.8560 -0.2832
vn -0.4350 -0.9004 -0.0038
vn -0.4348 -0.9005 -0.0040
vn -0.4389 -0.8476 0.2984
vn -0.4392 -0.8473 0.2985
vn -0.4389 -0.8476 0.2983
vn -0.9142 0.0775 -0.3978
vn -0.4977 -0.8381 -0.2232
vn -0.2396 -0.9664 -0.0931
vn -0.3278 -0.9137 -0.2402
vn -0.2835 -0.0250 -0.9587
vn -0.3270 -0.0166 -0.9449
vn -0.3293 -0.0096 -0.9442
vn -0.9250 0.1626 -0.3435
vn -0.9318 0.1357 -0.3367
vn -0.9084 0.0940 -0.4075
vn -0.1908 -0.0251 -0.9813
vn -0.9084 0.0939 -0.4075
vn -0.9318 0.1357 -0.3368
vn -0.9142 0.0776 -0.3977
vn -0.2336 -0.9662 -0.1088
vn -0.2397 -0.9664 -0.0931
vn -0.2320 -0.9681 -0.0948
vn -0.2320 -0.9685 -0.0904
vn -0.2354 -0.9670 -0.0970
vn -0.2321 -0.9681 -0.0948
vn 0.0090 0.0028 1.0000
vn 0.0056 0.0017 1.0000
vn -0.3325 0.0011 -0.9431
vn -0.3325 0.0010 -0.9431
vn -0.3327 -0.0075 -0.9430
vn -0.3299 -0.0218 -0.9438
vn -0.2835 -0.0250 -0.9586
vn -0.3271 -0.0166 -0.9449
vn -0.3238 -0.0260 -0.9458
vn -0.3237 -0.0128 -0.9461
vn -0.2481 -0.9585 -0.1404
vn -0.4977 -0.8382 -0.2232
vn 0.9901 0.0041 0.1403
vn 0.9879 0.0106 0.1549
vn 0.9831 0.0043 0.1828
vn 0.9805 0.0053 0.1963
vn 0.9831 0.0043 0.1829
vn 0.9741 0.0022 0.2259
vn 0.9721 -0.0032 0.2346
vn 0.9750 -0.0005 0.2220
vn 0.9795 0.0015 0.2016
vn 0.9750 -0.0006 0.2220
vn 0.9795 -0.0006 0.2014
vn 0.9795 0.0014 0.2016
vn 0.9823 -0.0000 0.1874
vn 0.9796 0.0022 0.2009
vn 0.9742 0.0066 0.2256
vn 0.9796 0.0022 0.2008
vn 0.9685 0.0101 0.2487
vn 0.9744 0.0085 0.2245
vn 0.2321 -0.0017 0.9727
vn 0.2485 -0.0064 0.9686
vn 0.2364 -0.0035 0.9717
vn 0.2609 0.0019 0.9654
vn 0.3401 0.0767 0.9373
vn 0.1466 -0.0004 0.9892
vn 0.2363 -0.0035 0.9717
vn 0.1465 -0.0004 0.9892
vn 0.2320 -0.0017 0.9727
vn 0.9783 -0.0037 0.2072
vn 0.9783 -0.0026 0.2072
vn 0.9815 -0.0053 0.1915
vn 0.9815 -0.0041 0.1916
vn 0.9815 -0.0052 0.1915
vn 0.9815 -0.0052 0.1916
vn 0.9790 0.0007 0.2037
vn 0.9790 0.0010 0.2037
vn 0.9747 0.0018 0.2235
vn 0.9785 0.0014 0.2061
vn 0.9778 0.0160 0.2089
vn 0.9785 0.0014 0.2060
vn 0.9610 0.1742 0.2147
vn 0.9549 0.2004 0.2190
vn 0.9610 0.1743 0.2147
vn 0.2467 0.0126 0.9690
vn 0.2425 0.0187 0.9700
vn 0.1763 0.0226 0.9841
vn 0.1721 0.0256 0.9848
vn 0.1762 0.0226 0.9841
vn 0.1721 0.0255 0.9848
vn 0.1102 0.0042 0.9939
vn 0.1073 0.0039 0.9942
vn 0.1720 0.0255 0.9848
vn 0.1073 0.0040 0.9942
vn 0.1171 -0.0162 0.9930
vn 0.1197 -0.0053 0.9928
vn 0.1172 -0.0162 0.9930
vn 0.1776 -0.0307 0.9836
vn 0.1807 -0.0199 0.9833
vn 0.1776 -0.0306 0.9836
vn 0.1777 -0.0307 0.9836
vn 0.1808 -0.0199 0.9833
vn 0.2256 -0.0113 0.9742
vn 0.2265 -0.0077 0.9740
vn 0.9658 -0.1856 0.1810
vn 0.9686 -0.1655 0.1854
vn 0.9756 -0.0076 0.2195
vn 0.9752 0.0022 0.2212
vn 0.9756 -0.0075 0.2195
vn 0.9752 0.0022 0.2213
vn 0.9722 0.0014 0.2339
vn 0.9723 0.0009 0.2338
vn 0.9723 0.0014 0.2339
vn 0.9722 0.0014 0.2340
vn 0.9757 -0.0008 0.2191
vn 0.9757 -0.0012 0.2190
vn 0.9757 -0.0008 0.2192
vn 0.9783 -0.0008 0.2070
vn 0.9782 -0.0003 0.2074
vn 0.9757 -0.0009 0.2190
vn 0.9782 -0.0003 0.2075
vn 0.9743 -0.0018 0.2252
vn 0.9743 -0.0014 0.2253
vn 0.9739 0.0067 0.2271
vn 0.9737 0.0051 0.2280
vn 0.9743 -0.0015 0.2254
vn 0.9739 0.0068 0.2271
vn 0.9740 0.0051 0.2263
vn 0.9739 0.0046 0.2268
vn 0.9740 0.0050 0.2263
vn 0.9737 0.0051 0.2279
vn 0.9740 0.0051 0.2264
vn 0.9783 -0.0037 0.2073
vn 0.4291 0.8587 -0.2801
vn 0.4593 0.8321 -0.3109
vn 0.3590 0.9095 -0.2096
vn 0.3786 0.8967 -0.2295
vn 0.3590 0.9095 -0.2095
vn 0.3786 0.8967 -0.2294
vn 0.2411 0.9662 -0.0910
vn 0.2951 0.9444 -0.1450
vn 0.2411 0.9662 -0.0909
vn 0.2950 0.9444 -0.1449
vn 0.1630 0.9865 -0.0139
vn 0.1788 0.9834 -0.0295
vn 0.1489 0.9888 -0.0000
vn 0.1470 0.9891 0.0009
vn 0.1492 0.9888 -0.0003
vn -0.1072 0.9618 0.2517
vn -0.0780 0.9721 0.2214
vn -0.1073 0.9618 0.2518
vn -0.0781 0.9721 0.2214
vn -0.4533 0.6797 0.5767
vn -0.5274 0.5563 0.6422
vn -0.0781 0.9720 0.2214
vn -0.4533 0.6796 0.5767
vn -0.5274 0.5562 0.6423
vn -0.6518 0.0971 0.7521
vn -0.6539 0.0769 0.7527
vn -0.6518 0.0970 0.7522
vn -0.6518 0.0970 0.7521
vn -0.6539 0.0768 0.7527
vn -0.5957 -0.3944 0.6997
vn -0.6158 -0.3242 0.7182
vn -0.5957 -0.3945 0.6997
vn -0.6157 -0.3242 0.7182
vn -0.3900 -0.7637 0.5144
vn -0.4595 -0.6725 0.5802
vn -0.6157 -0.3242 0.7181
vn -0.3900 -0.7638 0.5144
vn -0.4594 -0.6725 0.5802
vn -0.0926 -0.9667 0.2384
vn -0.0669 -0.9742 0.2156
vn -0.4594 -0.6726 0.5801
vn -0.0926 -0.9668 0.2384
vn -0.0668 -0.9742 0.2156
vn 0.1485 -0.9889 0.0018
vn 0.1527 -0.9883 -0.0006
vn 0.1671 -0.9858 -0.0148
vn 0.1790 -0.9835 -0.0267
vn 0.1671 -0.9858 -0.0149
vn 0.1790 -0.9835 -0.0268
vn 0.2134 -0.9751 -0.0608
vn 0.2398 -0.9669 -0.0871
vn 0.2398 -0.9669 -0.0872
vn 0.3449 -0.9190 -0.1910
vn 0.4229 -0.8651 -0.2697
vn 0.4230 -0.8650 -0.2698
vn 0.5667 -0.7111 -0.4163
vn 0.6126 -0.6400 -0.4637
vn 0.5667 -0.7110 -0.4163
vn 0.6127 -0.6400 -0.4637
vn 0.7864 -0.0064 -0.6177
vn 0.7865 -0.0012 -0.6176
vn 0.5676 0.7084 -0.4195
vn 0.6145 0.6356 -0.4674
vn 0.5676 0.7084 -0.4196
vn 0.7865 -0.0012 -0.6177
vn 0.5675 0.7085 -0.4195
vn 0.6145 0.6356 -0.4673
vn 0.0183 0.0001 0.9998
vn 0.1219 -0.9849 -0.1227
vn 0.2096 -0.9757 0.0636
vn 0.2242 -0.9656 0.1319
vn 0.2400 -0.9601 0.1435
vn 0.2097 -0.9757 0.0636
vn 0.0725 -0.9849 -0.1570
vn 0.1087 -0.9855 -0.1301
vn 0.0403 -0.9855 -0.1646
vn 0.0220 -0.9869 -0.1599
vn 0.0724 -0.9849 -0.1570
vn 0.0823 -0.1626 -0.9832
vn -0.0223 -0.1946 -0.9806
vn -0.1213 -0.2631 -0.9571
vn -0.0291 -0.1936 -0.9806
vn 0.0800 -0.2714 -0.9591
vn -0.0620 -0.1927 -0.9793
vn -0.0611 -0.1945 -0.9790
vn 0.2451 -0.9486 0.2000
vn 0.2308 -0.2737 0.9337
vn -0.3463 -0.8207 0.4545
vn 0.6406 -0.7635 0.0815
vn 0.4077 -0.7912 0.4557
vn -0.6915 -0.7191 -0.0694
vn 0.6739 -0.7238 -0.1481
vn -0.6218 -0.7675 0.1556
vn -0.6867 -0.6986 -0.2012
vn -0.6915 -0.7191 -0.0695
vn 0.5749 -0.6871 -0.4442
vn -0.5754 -0.7039 -0.4164
vn 0.6607 -0.6890 -0.2980
vn -0.6867 -0.6985 -0.2013
vn -0.3627 -0.7168 -0.5955
vn -0.5755 -0.7039 -0.4164
vn -0.3628 -0.7167 -0.5956
vn 0.0801 -0.2714 -0.9591
vn 0.1152 -0.7306 0.6730
vn 0.1151 -0.7306 0.6730
vn -0.4688 -0.7063 0.5304
vn -0.1554 -0.9666 0.2040
vn -0.1738 -0.9760 0.1313
vn -0.1554 -0.9665 0.2041
vn -0.9674 -0.0002 0.2531
vn -0.9676 -0.0005 0.2525
vn -0.9677 -0.0006 0.2521
vn -0.9675 0.0001 0.2528
vn -0.7122 -0.6352 -0.2987
vn -0.1588 -0.9069 -0.3902
vn -0.0777 -0.6364 -0.7674
vn -0.1588 -0.9069 -0.3903
vn -0.0778 -0.6364 -0.7674
vn 0.0234 -0.2766 -0.9607
vn -0.0777 -0.6364 -0.7675
vn -0.6132 -0.5500 -0.5671
vn 0.0234 -0.2765 -0.9607
vn -0.1110 -0.1914 -0.9752
vn -0.2979 -0.2395 -0.9241
vn -0.2107 -0.1856 -0.9598
vn -0.2040 -0.1892 -0.9605
vn -0.2108 -0.1830 -0.9602
vn -0.2107 -0.1830 -0.9603
vn 0.0726 0.0001 0.9974
vn -0.0620 -0.1926 -0.9793
vn -0.1190 -0.1901 -0.9745
vn -0.2107 -0.1855 -0.9598
vn -0.0223 -0.1945 -0.9806
vn -0.0291 -0.1935 -0.9807
vn 0.9476 -0.0343 0.3177
vn 0.6610 0.0105 0.7503
vn 0.6105 0.0025 0.7920
vn 0.3933 0.0734 0.9165
vn 0.5475 0.0216 0.8365
vn 0.5476 0.0216 0.8365
vn 0.6106 0.0024 0.7920
vn 0.6610 0.0104 0.7503
vn 0.6482 0.0001 0.7614
vn 0.0676 0.0001 0.9977
vn -0.0298 0.0121 0.9995
vn -0.2499 -0.0000 0.9683
vn -0.0298 0.0120 0.9995
vn -0.2108 -0.1830 -0.9603
vn -0.1702 -0.0370 -0.9847
vn -0.1702 -0.0369 -0.9847
vn 0.0085 0.1931 0.9811
vn -0.0299 0.0121 0.9995
vn -0.3830 0.0443 0.9227
vn -0.5499 0.0066 0.8352
vn -0.3831 0.0443 0.9226
vn -0.4951 0.0093 0.8688
vn -0.3831 0.0443 0.9227
vn -0.0299 0.0120 0.9995
vn -0.4950 0.0094 0.8688
vn -0.2500 -0.0005 0.9683
vn 0.0473 -0.9477 -0.3155
vn 0.0266 -0.9489 -0.3144
vn 0.0477 -0.9348 -0.3520
vn 0.0287 -0.9162 -0.3996
vn 0.0473 -0.9477 -0.3156
vn 0.0266 -0.9489 -0.3145
vn 0.0472 -0.9477 -0.3156
vn 0.0824 -0.1626 -0.9833
vn 0.2531 -0.0260 -0.9671
vn 0.2573 -0.0934 -0.9618
vn -0.0223 -0.1945 -0.9807
vn 0.0823 -0.1626 -0.9833
vn -0.0292 -0.1935 -0.9807
vn -0.1155 -0.1937 -0.9742
vn -0.1190 -0.1902 -0.9745
vn 0.2532 -0.0261 -0.9671
vn 0.0823 -0.1625 -0.9833
vn 0.1077 -0.0000 -0.9942
vn -0.1111 -0.1913 -0.9752
vn -0.1111 -0.1914 -0.9752
vn -0.1128 -0.3924 -0.9128
vn -0.1921 -0.1856 -0.9637
vn -0.4705 -0.0013 -0.8824
vn 0.0276 -0.2509 -0.9676
vn -0.1921 -0.1855 -0.9637
vn 0.0275 -0.2509 -0.9676
vn -0.9870 -0.1586 0.0270
vn -0.9680 -0.2496 0.0268
vn -0.9855 -0.1673 0.0270
vn -0.9661 -0.2567 0.0268
vn -0.9971 -0.0717 0.0272
vn -0.9870 -0.1586 0.0271
vn -0.9969 -0.0740 0.0271
vn -0.9856 -0.1672 0.0270
vn -0.9969 -0.0740 0.0272
vn 0.3067 -0.6764 0.6696
vn 0.3635 -0.9316 0.0032
vn 0.2096 -0.9778 0.0045
vn -0.0412 -0.7327 0.6793
vn 0.0485 -0.9988 0.0056
vn 0.2096 -0.9778 0.0035
vn 0.0233 -0.9997 0.0058
vn -0.1650 -0.7343 0.6584
vn 0.0047 -1.0000 0.0061
vn 0.0233 -0.9997 0.0057
vn -0.4689 -0.7063 0.5303
vn -0.1180 -0.9929 0.0158
vn -0.1649 -0.7343 0.6584
vn -0.1738 -0.9760 0.1312
vn -0.1826 -0.9831 0.0158
vn -0.9380 -0.3457 0.0265
vn -0.9072 -0.4198 0.0260
vn -0.9313 -0.3633 0.0267
vn -0.9056 -0.4232 0.0267
vn -0.9071 -0.4201 0.0261
vn -0.9661 -0.2568 0.0268
vn 0.1411 0.8573 0.4951
vn 0.0134 0.8931 0.4497
vn 0.1247 0.8629 0.4898
vn 0.0009 0.8957 0.4447
vn -0.0010 -0.8875 -0.4609
vn -0.1274 -0.8700 -0.4764
vn -0.0101 -0.8867 -0.4622
vn -0.1359 -0.8683 -0.4771
vn 0.3146 -0.2280 0.9214
vn 0.2890 -0.4701 0.8339
vn 0.4925 -0.4984 0.7134
vn 0.4925 -0.4985 0.7134
vn 0.5007 -0.2208 0.8370
vn 0.3182 -0.1024 0.9425
vn 0.3146 -0.2279 0.9215
vn 0.4807 -0.1065 0.8704
vn 0.3117 -0.0323 0.9496
vn 0.4558 -0.0427 0.8890
vn 0.2106 -0.2365 0.9485
vn 0.1939 -0.4747 0.8585
vn 0.2890 -0.4702 0.8339
vn 0.3146 -0.2280 0.9215
vn 0.2162 -0.1058 0.9706
vn 0.2176 -0.0297 0.9756
vn 0.1338 -0.4528 0.8815
vn 0.1081 -0.7496 0.6530
vn 0.1466 -0.7510 0.6438
vn 0.0899 -0.4299 0.8984
vn -0.0350 -0.4268 0.9037
vn -0.0263 -0.7719 0.6352
vn 0.0116 -0.7578 0.6524
vn 0.0146 -0.4269 0.9042
vn -0.0375 -0.2440 0.9690
vn 0.0157 -0.2441 0.9696
vn -0.0385 -0.1087 0.9933
vn 0.0161 -0.1087 0.9939
vn -0.0387 -0.0305 0.9988
vn 0.0162 -0.0305 0.9994
vn -0.0886 -0.4083 0.9086
vn -0.0445 -0.7173 0.6953
vn -0.1017 -0.2419 0.9650
vn -0.0886 -0.4082 0.9086
vn -0.0350 -0.4267 0.9037
vn -0.1018 -0.2419 0.9650
vn -0.1077 -0.1081 0.9883
vn -0.1084 -0.0304 0.9936
vn -0.1369 -0.3766 0.9162
vn -0.0794 -0.6623 0.7450
vn -0.1793 -0.2321 0.9560
vn -0.2034 -0.1075 0.9732
vn -0.2035 -0.0308 0.9786
vn -0.2247 -0.3153 0.9220
vn -0.3075 -0.2061 0.9290
vn -0.3442 -0.1039 0.9331
vn -0.3553 -0.0345 0.9341
vn -0.5572 -0.2281 0.7984
vn -0.5265 -0.3950 0.7528
vn -0.5623 -0.1109 0.8195
vn -0.5730 -0.0436 0.8184
vn 0.2891 -0.4702 0.8339
vn 0.2055 -0.7696 0.6046
vn 0.3380 -0.7607 0.5542
vn 0.9204 -0.3494 0.1755
vn 0.8679 0.4827 0.1171
vn 0.8851 0.4563 0.0916
vn 0.9301 -0.3633 0.0546
vn 0.7037 0.4111 0.5795
vn 0.6760 -0.4986 0.5426
vn 0.4952 -0.5063 0.7060
vn 0.3868 0.2830 0.8777
vn 0.3696 -0.4906 0.7891
vn 0.3868 0.2830 0.8776
vn 0.4951 -0.5063 0.7060
vn 0.2560 -0.4439 0.8587
vn 0.2170 -0.3689 0.9038
vn 0.1823 0.0972 0.9784
vn 0.1437 -0.2642 0.9537
vn 0.1194 0.1284 0.9845
vn 0.1341 0.1227 0.9833
vn 0.1545 -0.3176 0.9356
vn 0.1924 -0.1455 0.9705
vn 0.1775 -0.2432 0.9536
vn 0.1211 -0.2366 0.9640
vn 0.1277 -0.1354 0.9825
vn 0.6972 -0.3440 0.6290
vn 0.7063 -0.1498 0.6919
vn 0.4920 -0.1553 0.8566
vn 0.4612 -0.3522 0.8144
vn 0.2893 -0.1662 0.9427
vn 0.2554 -0.3573 0.8984
vn 0.1851 -0.1850 0.9651
vn 0.1775 -0.3367 0.9247
vn 0.1466 -0.3198 0.9361
vn 0.1580 -0.2073 0.9654
vn 0.1020 -0.2305 0.9677
vn 0.1087 -0.3034 0.9466
vn 0.1060 -0.1455 0.9837
vn 0.9334 -0.3460 0.0951
vn 0.9101 -0.3970 0.1186
vn 0.9403 -0.3335 0.0672
vn 0.9552 -0.2856 0.0776
vn -0.3279 -0.0000 0.9447
vn -0.5346 -0.0000 0.8451
vn -0.2030 -0.0000 0.9792
vn -0.1084 -0.0000 0.9941
vn 0.0162 -0.0000 0.9999
vn -0.0387 -0.0000 0.9992
vn 0.4417 -0.0000 0.8972
vn 0.3055 -0.0000 0.9522
vn 0.0593 -0.0305 0.9978
vn 0.0590 -0.1085 0.9923
vn 0.0956 -0.0304 0.9950
vn 0.0950 -0.1081 0.9896
vn 0.0575 -0.2437 0.9682
vn 0.0921 -0.2424 0.9658
vn 0.0395 -0.7654 0.6423
vn 0.0536 -0.4264 0.9029
vn 0.0594 -0.0000 0.9982
vn 0.0956 -0.0000 0.9954
vn 0.1445 -0.0000 0.9895
vn 0.1445 -0.0302 0.9890
vn 0.2177 -0.0000 0.9760
vn 0.1436 -0.1074 0.9838
vn 0.1404 -0.2386 0.9609
vn 0.4926 -0.4984 0.7134
vn 0.6405 -0.2433 0.7284
vn 0.5008 -0.2208 0.8370
vn 0.5666 -0.1236 0.8146
vn 0.4807 -0.1064 0.8704
vn 0.5666 -0.1236 0.8147
vn 0.5450 -0.0498 0.8370
vn 0.5310 -0.0000 0.8474
vn 0.6405 -0.2434 0.7284
vn 0.5806 -0.5811 0.5704
vn 0.1707 -0.0748 0.9825
vn 0.1128 -0.0660 0.9914
vn 0.1788 -0.0000 0.9839
vn 0.1209 -0.0000 0.9927
vn 0.1021 -0.0701 0.9923
vn 0.0980 -0.0000 0.9952
vn 0.1720 -0.0857 0.9814
vn 0.1628 -0.0000 0.9867
vn 0.1411 -0.2499 0.9579
vn 0.1353 -0.2640 0.9550
vn 0.1555 -0.2352 0.9594
vn 0.1517 -0.2540 0.9552
vn 0.2160 -0.0866 0.9725
vn 0.2105 -0.0000 0.9776
vn 0.3259 -0.0841 0.9416
vn 0.5141 -0.0773 0.8542
vn 0.3311 -0.0000 0.9436
vn 0.5165 -0.0000 0.8563
vn 0.7099 -0.0729 0.7006
vn 0.7008 -0.0000 0.7133
vn 0.7099 -0.0729 0.7005
vn 0.8417 -0.0726 0.5350
vn 0.8426 -0.0000 0.5386
vn 0.9276 -0.0658 0.3678
vn 0.9378 -0.0000 0.3473
vn 0.9831 -0.0542 0.1748
vn 0.9865 -0.0000 0.1636
vn 0.9929 -0.0562 0.1049
vn 0.9927 -0.0000 0.1204
vn 0.8500 -0.1524 0.5043
vn 0.9285 -0.1593 0.3356
vn 0.9775 -0.1494 0.1487
vn 0.9850 -0.1482 0.0888
vn 0.8460 -0.3470 0.4048
vn 0.8989 -0.3634 0.2447
vn 0.6972 -0.3440 0.6289
vn 0.8167 -0.4697 0.3352
vn 0.8805 -0.4302 0.1991
vn 0.6760 -0.4986 0.5425
vn 0.8683 0.4068 0.2838
vn 0.8820 0.4374 0.1757
vn 0.8930 -0.4191 0.1640
vn 0.2052 -0.2435 0.9479
vn 0.1212 -0.2366 0.9640
vn 0.7037 0.4112 0.5794
vn 0.8258 0.4000 0.3976
vn -0.6784 -0.1214 0.7246
vn -0.6924 -0.0487 0.7199
vn -0.6864 -0.2489 0.6833
vn -0.5573 -0.2282 0.7984
vn -0.5623 -0.1109 0.8194
vn -0.5266 -0.3950 0.7527
vn -0.6909 -0.0913 0.7171
vn -0.6968 -0.0479 0.7157
vn -0.4300 -0.0400 0.9019
vn -0.4213 -0.0873 0.9027
vn -0.6879 -0.0000 0.7258
vn -0.4165 -0.0000 0.9091
vn -0.6865 -0.1734 0.7061
vn -0.4142 -0.1650 0.8951
vn -0.6746 -0.3180 0.6662
vn -0.3963 -0.2871 0.8721
vn -0.6239 -0.4802 0.6166
vn -0.3662 -0.3976 0.8413
vn -0.3047 -0.4865 0.8189
vn -0.5181 -0.6295 0.5790
vn -0.5266 -0.3950 0.7528
vn -0.7043 -0.3615 0.6109
vn -0.6634 -0.0000 0.7483
vn -0.3047 -0.4864 0.8189
vn -0.0703 -0.0000 0.9975
vn -0.0789 -0.0297 0.9964
vn -0.0755 -0.0658 0.9950
vn -0.0654 -0.1248 0.9900
vn -0.3962 -0.2871 0.8721
vn -0.0493 -0.2099 0.9765
vn -0.0489 -0.2817 0.9583
vn -0.3661 -0.3975 0.8414
vn -0.0802 -0.3355 0.9386
vn -0.3046 -0.4864 0.8189
vn -0.3632 -0.3814 0.8501
vn -0.3872 -0.1668 0.9068
vn -0.5848 -0.1752 0.7920
vn -0.5324 -0.3616 0.7654
vn -0.3924 -0.0826 0.9161
vn -0.5614 -0.0924 0.8224
vn -0.3752 -0.0545 0.9254
vn -0.5482 -0.0592 0.8342
vn -0.5325 -0.3616 0.7653
vn -0.7200 -0.3244 0.6135
vn -0.5869 -0.1204 0.8007
vn -0.5849 -0.1752 0.7920
vn -0.7630 -0.1878 0.6185
vn -0.7200 -0.3243 0.6136
vn -0.7418 -0.1091 0.6617
vn -0.7630 -0.1877 0.6185
vn -0.7392 -0.0698 0.6699
vn -0.7201 -0.3243 0.6135
vn -0.8830 -0.3104 0.3521
vn -0.9319 -0.1461 0.3320
vn -0.9088 -0.1945 0.3690
vn -0.7419 -0.1091 0.6616
vn -0.8966 -0.1312 0.4229
vn -0.7392 -0.0698 0.6698
vn -0.8762 -0.0817 0.4749
vn -0.9609 -0.2021 0.1894
vn -0.9343 -0.3087 0.1785
vn -0.9524 -0.1524 0.2641
vn -0.9278 -0.0998 0.3594
vn -0.2813 -0.1010 0.9543
vn -0.7876 -0.1049 0.6071
vn -0.9800 -0.1979 0.0227
vn -0.1747 -0.0861 0.9808
vn -0.1359 -0.0760 0.9878
vn -0.1289 -0.0250 0.9913
vn -0.1738 -0.0455 0.9837
vn -0.2541 -0.0827 0.9636
vn -0.2554 -0.0524 0.9654
vn -0.1936 -0.3778 0.9054
vn -0.1787 -0.0832 0.9804
vn -0.1295 -0.0959 0.9869
vn -0.1680 -0.3534 0.9203
vn -0.1996 -0.1247 0.9719
vn -0.2405 -0.3882 0.8896
vn -0.1389 -0.3498 0.9265
vn -0.0865 -0.3301 0.9400
vn -0.0624 -0.1389 0.9883
vn -0.1122 -0.1414 0.9836
vn -0.0650 -0.0601 0.9961
vn -0.1039 -0.0621 0.9926
vn -0.0692 -0.0168 0.9975
vn -0.0998 -0.0145 0.9949
vn -0.0760 -0.2660 0.9610
vn -0.1693 -0.1675 0.9712
vn -0.2344 -0.1698 0.9572
vn -0.1471 -0.1611 0.9759
vn -0.3790 -0.0000 0.9254
vn -0.5523 -0.0000 0.8337
vn -0.7444 -0.0000 0.6678
vn -0.7444 -0.0000 0.6677
vn -0.8736 -0.0000 0.4866
vn -0.9200 -0.0000 0.3920
vn -0.1248 -0.0000 0.9922
vn -0.1694 -0.0000 0.9856
vn -0.2508 -0.0000 0.9680
vn -0.0763 -0.0000 0.9971
vn -0.0984 -0.0000 0.9951
vn 0.3146 0.2280 0.9214
vn 0.5007 0.2208 0.8370
vn 0.4925 0.4984 0.7134
vn 0.2890 0.4701 0.8339
vn 0.3182 0.1024 0.9425
vn 0.4807 0.1064 0.8704
vn 0.3117 0.0323 0.9496
vn 0.4558 0.0427 0.8890
vn 0.2106 0.2365 0.9485
vn 0.1939 0.4747 0.8585
vn 0.2162 0.1058 0.9706
vn 0.2176 0.0297 0.9756
vn 0.1338 0.4528 0.8815
vn 0.1466 0.7510 0.6438
vn 0.1082 0.7496 0.6530
vn 0.0899 0.4299 0.8984
vn -0.0350 0.4268 0.9037
vn 0.0146 0.4269 0.9042
vn 0.0116 0.7578 0.6524
vn -0.0263 0.7719 0.6352
vn -0.0375 0.2440 0.9690
vn 0.0157 0.2441 0.9696
vn -0.0385 0.1087 0.9933
vn 0.0161 0.1087 0.9939
vn -0.0387 0.0305 0.9988
vn 0.0162 0.0305 0.9994
vn -0.0886 0.4082 0.9086
vn -0.0445 0.7173 0.6953
vn -0.1018 0.2419 0.9650
vn -0.1077 0.1081 0.9883
vn -0.1084 0.0304 0.9936
vn -0.1369 0.3766 0.9162
vn -0.0794 0.6623 0.7450
vn -0.1793 0.2321 0.9560
vn -0.2034 0.1075 0.9732
vn -0.2035 0.0308 0.9786
vn -0.2247 0.3153 0.9220
vn -0.3075 0.2061 0.9290
vn -0.3442 0.1039 0.9331
vn -0.3553 0.0345 0.9341
vn -0.5572 0.2281 0.7984
vn -0.5266 0.3950 0.7528
vn -0.5623 0.1109 0.8195
vn -0.5730 0.0436 0.8184
vn 0.3380 0.7607 0.5542
vn 0.2055 0.7696 0.6046
vn 0.2890 0.4702 0.8339
vn 0.4925 0.4985 0.7134
vn 0.9204 0.3494 0.1755
vn 0.9301 0.3633 0.0546
vn 0.7037 -0.4111 0.5794
vn 0.5251 -0.3409 0.7797
vn 0.6760 0.4986 0.5426
vn 0.4952 0.5063 0.7060
vn 0.3868 -0.2830 0.8777
vn 0.3696 0.4906 0.7891
vn 0.4951 0.5063 0.7060
vn 0.3868 -0.2829 0.8777
vn 0.2560 0.4439 0.8587
vn 0.2170 0.3689 0.9038
vn 0.1823 -0.0972 0.9784
vn 0.1437 0.2642 0.9537
vn 0.1545 0.3176 0.9356
vn 0.1341 -0.1227 0.9833
vn 0.1193 -0.1284 0.9845
vn 0.1535 0.2447 0.9574
vn 0.1924 0.1455 0.9705
vn 0.1277 0.1354 0.9825
vn 0.1211 0.2366 0.9640
vn 0.1775 0.2432 0.9536
vn 0.6972 0.3440 0.6290
vn 0.4612 0.3522 0.8144
vn 0.4920 0.1553 0.8566
vn 0.7063 0.1498 0.6919
vn 0.2554 0.3573 0.8984
vn 0.2893 0.1662 0.9427
vn 0.1775 0.3367 0.9247
vn 0.1851 0.1850 0.9651
vn 0.1466 0.3198 0.9361
vn 0.1087 0.3034 0.9466
vn 0.1020 0.2305 0.9677
vn 0.1580 0.2073 0.9654
vn 0.1060 0.1455 0.9837
vn 0.9334 0.3460 0.0951
vn 0.9403 0.3335 0.0672
vn 0.9101 0.3970 0.1186
vn 0.9552 0.2856 0.0776
vn 0.0593 0.0305 0.9978
vn 0.0590 0.1085 0.9923
vn 0.0956 0.0304 0.9950
vn 0.0950 0.1081 0.9896
vn 0.0575 0.2437 0.9682
vn 0.0921 0.2424 0.9658
vn 0.0395 0.7654 0.6423
vn 0.0536 0.4264 0.9029
vn 0.1445 0.0302 0.9890
vn 0.1436 0.1074 0.9838
vn 0.1404 0.2386 0.9609
vn 0.6405 0.2434 0.7284
vn 0.5666 0.1235 0.8147
vn 0.5450 0.0498 0.8370
vn 0.5806 0.5811 0.5704
vn 0.1707 0.0748 0.9825
vn 0.1128 0.0660 0.9914
vn 0.1021 0.0701 0.9923
vn 0.1720 0.0857 0.9814
vn 0.1411 0.2499 0.9579
vn 0.1353 0.2640 0.9550
vn 0.1555 0.2352 0.9594
vn 0.1517 0.2540 0.9552
vn 0.2160 0.0866 0.9725
vn 0.3259 0.0841 0.9416
vn 0.5141 0.0773 0.8542
vn 0.7099 0.0729 0.7006
vn 0.8417 0.0726 0.5350
vn 0.7099 0.0729 0.7005
vn 0.9276 0.0658 0.3678
vn 0.9831 0.0542 0.1748
vn 0.9929 0.0562 0.1049
vn 0.7063 0.1497 0.6919
vn 0.8500 0.1524 0.5043
vn 0.9285 0.1593 0.3356
vn 0.9775 0.1494 0.1487
vn 0.9850 0.1482 0.0888
vn 0.8460 0.3470 0.4048
vn 0.8989 0.3634 0.2447
vn 0.6972 0.3440 0.6289
vn 0.8167 0.4697 0.3352
vn 0.8805 0.4302 0.1991
vn 0.6760 0.4986 0.5425
vn 0.8258 -0.4000 0.3976
vn 0.8930 0.4191 0.1640
vn 0.8819 -0.4374 0.1758
vn 0.2052 0.2435 0.9479
vn 0.3269 0.5494 0.7690
vn -0.6784 0.1214 0.7246
vn -0.6924 0.0487 0.7199
vn -0.6864 0.2489 0.6833
vn -0.5623 0.1109 0.8194
vn -0.5573 0.2281 0.7984
vn -0.6864 0.2489 0.6834
vn -0.6909 0.0913 0.7171
vn -0.4213 0.0873 0.9027
vn -0.4300 0.0400 0.9019
vn -0.6968 0.0479 0.7157
vn -0.6865 0.1734 0.7061
vn -0.4142 0.1650 0.8951
vn -0.6746 0.3180 0.6662
vn -0.3963 0.2871 0.8721
vn -0.6239 0.4802 0.6166
vn -0.3662 0.3976 0.8413
vn -0.3047 0.4865 0.8189
vn -0.5181 0.6295 0.5790
vn -0.7043 0.3615 0.6109
vn -0.0789 0.0297 0.9964
vn -0.0755 0.0658 0.9950
vn -0.0654 0.1248 0.9900
vn -0.3962 0.2872 0.8721
vn -0.3661 0.3976 0.8414
vn -0.0489 0.2817 0.9583
vn -0.0493 0.2099 0.9765
vn -0.3046 0.4864 0.8189
vn -0.0802 0.3355 0.9386
vn -0.3632 0.3814 0.8501
vn -0.5324 0.3616 0.7654
vn -0.5848 0.1752 0.7920
vn -0.3872 0.1668 0.9068
vn -0.5614 0.0924 0.8224
vn -0.3924 0.0826 0.9161
vn -0.5482 0.0592 0.8342
vn -0.3752 0.0545 0.9254
vn -0.5869 0.1204 0.8006
vn -0.7200 0.3244 0.6135
vn -0.5325 0.3616 0.7653
vn -0.7200 0.3243 0.6135
vn -0.7630 0.1878 0.6185
vn -0.5849 0.1752 0.7920
vn -0.7418 0.1091 0.6617
vn -0.7392 0.0698 0.6699
vn -0.7201 0.3243 0.6135
vn -0.9319 0.1461 0.3320
vn -0.8830 0.3104 0.3521
vn -0.9088 0.1945 0.3690
vn -0.8966 0.1312 0.4229
vn -0.7419 0.1091 0.6616
vn -0.8762 0.0817 0.4749
vn -0.7393 0.0699 0.6698
vn -0.9343 0.3087 0.1785
vn -0.9609 0.2021 0.1894
vn -0.9524 0.1524 0.2641
vn -0.9278 0.0998 0.3594
vn -0.7876 0.1049 0.6071
vn -0.1747 0.0861 0.9808
vn -0.1738 0.0455 0.9837
vn -0.1289 0.0250 0.9913
vn -0.1359 0.0760 0.9878
vn -0.2554 0.0524 0.9654
vn -0.2541 0.0827 0.9636
vn -0.1936 0.3778 0.9054
vn -0.1680 0.3534 0.9203
vn -0.1295 0.0959 0.9869
vn -0.1787 0.0832 0.9804
vn -0.2405 0.3882 0.8896
vn -0.1996 0.1247 0.9719
vn -0.1389 0.3498 0.9265
vn -0.1122 0.1414 0.9836
vn -0.0624 0.1389 0.9883
vn -0.0864 0.3300 0.9400
vn -0.1039 0.0622 0.9926
vn -0.0650 0.0601 0.9961
vn -0.0998 0.0145 0.9949
vn -0.0693 0.0168 0.9975
vn -0.0650 0.0600 0.9961
vn -0.1039 0.0621 0.9926
vn -0.0865 0.3301 0.9400
vn -0.0761 0.2660 0.9610
vn -0.0760 0.2660 0.9610
vn -0.2344 0.1698 0.9572
vn -0.1693 0.1675 0.9712
vn -0.1471 0.1611 0.9759
vn 0.9611 -0.2763 -0.0000
vn 0.7775 -0.2763 0.5649
vn 0.2970 -0.2763 0.9140
vn -0.2970 -0.2763 0.9140
vn -0.7775 -0.2763 0.5649
vn -0.7776 -0.2763 0.5649
vn -0.9611 -0.2763 -0.0000
vn -0.7775 -0.2763 -0.5649
vn -0.2970 -0.2763 -0.9140
vn 0.2970 -0.2763 -0.9140
vn 0.7775 -0.2763 -0.5649
vn 0.7776 -0.2763 -0.5649
vn 0.9117 -0.4108 -0.0000
vn 0.7376 -0.4108 0.5359
vn 0.7376 -0.4109 0.5359
vn 0.2818 -0.4108 0.8671
vn 0.2817 -0.4108 0.8671
vn -0.2817 -0.4108 0.8671
vn 0.2817 -0.4109 0.8671
vn -0.2818 -0.4108 0.8671
vn -0.7376 -0.4108 0.5359
vn -0.2818 -0.4109 0.8671
vn -0.9117 -0.4108 -0.0000
vn -0.7376 -0.4109 0.5359
vn -0.7376 -0.4108 -0.5359
vn -0.2818 -0.4108 -0.8671
vn -0.2818 -0.4109 -0.8671
vn -0.2817 -0.4108 -0.8671
vn 0.2817 -0.4108 -0.8671
vn 0.2817 -0.4109 -0.8671
vn 0.2818 -0.4108 -0.8671
vn 0.7376 -0.4108 -0.5359
vn 0.2818 -0.4109 -0.8671
vn 0.7376 -0.4109 -0.5359
vn 0.7776 0.2763 0.5649
vn 0.9611 0.2763 -0.0000
vn 0.7775 0.2763 0.5649
vn 0.2970 0.2763 0.9140
vn -0.2970 0.2763 0.9140
vn -0.7775 0.2763 0.5649
vn -0.9611 0.2763 -0.0000
vn -0.7776 0.2763 -0.5649
vn -0.7775 0.2763 -0.5649
vn -0.2970 0.2763 -0.9140
vn 0.2970 0.2763 -0.9140
vn 0.7775 0.2763 -0.5649
vn 0.7376 0.4108 0.5359
vn 0.9117 0.4108 -0.0000
vn 0.2818 0.4108 0.8671
vn 0.2818 0.4109 0.8671
vn -0.2817 0.4108 0.8671
vn 0.2817 0.4108 0.8671
vn -0.2817 0.4109 0.8671
vn -0.7376 0.4108 0.5359
vn -0.2818 0.4108 0.8671
vn -0.7376 0.4109 0.5359
vn -0.9117 0.4108 -0.0000
vn -0.9117 0.4109 -0.0000
vn -0.7376 0.4108 -0.5359
vn -0.7376 0.4109 -0.5359
vn -0.2818 0.4108 -0.8671
vn 0.2817 0.4108 -0.8671
vn -0.2817 0.4108 -0.8671
vn 0.7376 0.4108 -0.5359
vn 0.2818 0.4108 -0.8671
vn 0.7376 0.4109 -0.5359
vn 0.7376 0.4109 0.5359
vn -0.2817 0.4109 -0.8671
vn -0.2818 0.4109 -0.8671
vn 0.7776 -0.2763 0.5649
vn -0.7376 -0.4109 -0.5359
vn 1.0000 -0.0000 -0.0000
vn 0.0528 -0.0000 -0.9986
vn 0.1055 -0.0000 -0.9944
vn -0.0528 -0.0000 0.9986
vn -0.1055 -0.0000 0.9944
vt 0.853133 0.438671
vt 0.864165 0.438325
vt 0.866636 0.419260
vt 0.855817 0.419499
vt 0.862292 0.519702
vt 0.851780 0.516581
vt 0.853857 0.559977
vt 0.857075 0.594038
vt 0.865252 0.611776
vt 0.859036 0.609177
vt 0.887349 0.374443
vt 0.873248 0.360966
vt 0.867018 0.379336
vt 0.879095 0.385107
vt 0.872050 0.399661
vt 0.860346 0.399663
vt 0.558446 0.722605
vt 0.555054 0.722664
vt 0.554747 0.732755
vt 0.861064 0.622257
vt 0.576865 0.164359
vt 0.586455 0.163979
vt 0.589261 0.156855
vt 0.593273 0.150113
vt 0.575636 0.159938
vt 0.602585 0.139388
vt 0.574738 0.156663
vt 0.023151 0.962011
vt 0.019618 0.962707
vt 0.019674 0.993378
vt 0.573684 0.152303
vt 0.014275 0.963289
vt 0.016085 0.992704
vt 0.020791 0.942287
vt 0.851863 0.471621
vt 0.862876 0.471088
vt 0.558434 0.714652
vt 0.305824 0.429969
vt 0.303243 0.447827
vt 0.318499 0.440004
vt 0.311382 0.452650
vt 0.586127 0.175958
vt 0.580019 0.177159
vt 0.582377 0.187230
vt 0.586557 0.185468
vt 0.583918 0.193766
vt 0.588521 0.194445
vt 0.018872 0.926733
vt 0.012462 0.932101
vt 0.013822 0.862236
vt 0.016644 0.897237
vt 0.021952 0.879535
vt 0.010407 0.862225
vt 0.011392 0.897162
vt 0.594049 0.212065
vt 0.591283 0.223706
vt 0.597463 0.220639
vt 0.577338 0.199371
vt 0.583795 0.227309
vt 0.009712 0.827306
vt 0.013583 0.840520
vt 0.019509 0.851389
vt 0.932564 0.376760
vt 0.932211 0.340500
vt 0.887918 0.349774
vt 0.932490 0.327154
vt 0.931965 0.316206
vt 0.309097 0.496958
vt 0.924284 0.311750
vt 0.312529 0.503463
vt 0.298376 0.500059
vt 0.873973 0.634032
vt 0.881248 0.638508
vt 0.938815 0.685180
vt 0.925170 0.680656
vt 0.936813 0.689830
vt 0.918471 0.672684
vt 0.863146 0.622116
vt 0.084210 0.502264
vt 0.077345 0.509158
vt 0.083373 0.510061
vt 0.021213 0.455213
vt 0.022495 0.485506
vt 0.025710 0.480975
vt 0.530527 0.952298
vt 0.502609 0.952467
vt 0.502961 0.965333
vt 0.110480 0.528885
vt 0.117759 0.530484
vt 0.117982 0.528686
vt 0.433517 0.789155
vt 0.442278 0.789059
vt 0.442070 0.761049
vt 0.433422 0.760628
vt 0.783363 0.218571
vt 0.793255 0.218476
vt 0.793347 0.190837
vt 0.426406 0.760119
vt 0.426565 0.789232
vt 0.014772 0.456427
vt 0.005889 0.456477
vt 0.005727 0.485993
vt 0.014687 0.485868
vt 0.434627 0.831970
vt 0.443085 0.831877
vt 0.783642 0.259710
vt 0.793192 0.259619
vt 0.015112 0.413023
vt 0.006536 0.413071
vt 0.028811 0.413063
vt 0.444002 0.875390
vt 0.453473 0.875357
vt 0.453365 0.825242
vt 0.435939 0.875479
vt 0.783968 0.301433
vt 0.793072 0.301346
vt 0.015557 0.368916
vt 0.007382 0.368962
vt 0.024670 0.368933
vt 0.444853 0.916995
vt 0.453815 0.916826
vt 0.437145 0.917080
vt 0.430741 0.917150
vt 0.784069 0.341406
vt 0.015956 0.326743
vt 0.008140 0.326783
vt 0.024619 0.326728
vt 0.033273 0.326731
vt 0.036185 0.369131
vt 0.445849 0.952934
vt 0.454156 0.952921
vt 0.438684 0.953013
vt 0.286754 0.911001
vt 0.294941 0.910923
vt 0.295184 0.876258
vt 0.432997 0.953075
vt 0.016565 0.290319
vt 0.009300 0.290360
vt 0.024619 0.290305
vt 0.032672 0.290319
vt 0.039937 0.290377
vt 0.043207 0.327015
vt 0.447104 0.980231
vt 0.454549 0.980067
vt 0.440582 0.980303
vt 0.287322 0.937051
vt 0.294773 0.936979
vt 0.017289 0.262660
vt 0.010677 0.262697
vt 0.024619 0.262647
vt 0.031948 0.262660
vt 0.038560 0.262690
vt 0.043784 0.262686
vt 0.049256 0.290152
vt 0.448342 0.997935
vt 0.455009 0.997813
vt 0.442459 0.998000
vt 0.287995 0.953713
vt 0.294718 0.953649
vt 0.017909 0.244726
vt 0.011943 0.244760
vt 0.024522 0.244715
vt 0.031134 0.244726
vt 0.037100 0.244760
vt 0.177906 0.798884
vt 0.184605 0.798597
vt 0.184671 0.780489
vt 0.041880 0.244866
vt 0.045708 0.256682
vt 0.176376 0.786610
vt 0.171505 0.795027
vt 0.054840 0.258315
vt 0.053861 0.263220
vt 0.055816 0.253428
vt 0.129744 0.580745
vt 0.123824 0.572069
vt 0.113990 0.574905
vt 0.119455 0.583384
vt 0.115001 0.571998
vt 0.109160 0.572641
vt 0.784956 0.024101
vt 0.786961 0.024122
vt 0.786529 0.014978
vt 0.784336 0.015792
vt 0.784337 0.029346
vt 0.461802 0.997790
vt 0.463472 0.992611
vt 0.477725 0.979692
vt 0.453917 0.761351
vt 0.160272 0.543673
vt 0.163434 0.559348
vt 0.181810 0.553499
vt 0.176989 0.538352
vt 0.473422 0.952788
vt 0.503268 0.974180
vt 0.519917 0.965154
vt 0.477683 0.988424
vt 0.132950 0.552370
vt 0.135652 0.551510
vt 0.134090 0.542952
vt 0.131656 0.543830
vt 0.301099 0.446567
vt 0.298846 0.446505
vt 0.298753 0.455352
vt 0.300830 0.455523
vt 0.298897 0.436867
vt 0.300927 0.435650
vt 0.126875 0.534439
vt 0.129398 0.533748
vt 0.140011 0.566804
vt 0.468746 0.996640
vt 0.051514 0.276500
vt 0.172296 0.799527
vt 0.167105 0.799251
vt 0.125639 0.565763
vt 0.121419 0.568794
vt 0.594364 0.073863
vt 0.594370 0.083100
vt 0.596928 0.083112
vt 0.558373 0.096203
vt 0.564870 0.063784
vt 0.557931 0.058628
vt 0.465725 0.150632
vt 0.469529 0.121734
vt 0.460429 0.118924
vt 0.294717 0.129746
vt 0.315420 0.136006
vt 0.321730 0.129297
vt 0.462786 0.169319
vt 0.457341 0.146656
vt 0.155550 0.528257
vt 0.172989 0.526031
vt 0.471322 0.994238
vt 0.468765 0.113253
vt 0.468472 0.109788
vt 0.056732 0.249253
vt 0.047410 0.248904
vt 0.130340 0.561596
vt 0.133523 0.562912
vt 0.107982 0.576117
vt 0.113482 0.584384
vt 0.142861 0.575760
vt 0.166294 0.568334
vt 0.184671 0.562485
vt 0.014317 0.514995
vt 0.019730 0.514882
vt 0.011976 0.649338
vt 0.012519 0.630939
vt 0.007952 0.630928
vt 0.007762 0.649339
vt 0.434304 0.598900
vt 0.442855 0.598806
vt 0.487849 0.760975
vt 0.518388 0.760633
vt 0.516935 0.597991
vt 0.486185 0.598329
vt 0.542212 0.760390
vt 0.540095 0.597658
vt 0.528782 0.597861
vt 0.473625 0.598467
vt 0.475472 0.761089
vt 0.456522 0.598651
vt 0.874948 0.613796
vt 0.872451 0.607566
vt 0.878876 0.618498
vt 0.924572 0.661461
vt 0.928729 0.662383
vt 0.932682 0.660838
vt 0.937638 0.655580
vt 0.934686 0.655711
vt 0.934999 0.538560
vt 0.931631 0.538812
vt 0.871787 0.534353
vt 0.873474 0.530435
vt 0.877044 0.527995
vt 0.881459 0.527396
vt 0.935327 0.519980
vt 0.920802 0.528803
vt 0.926454 0.530114
vt 0.929871 0.532667
vt 0.429515 0.598952
vt 0.423276 0.617167
vt 0.002000 0.649396
vt 0.172669 0.586045
vt 0.169711 0.586278
vt 0.171488 0.699201
vt 0.174446 0.698969
vt 0.171063 0.704114
vt 0.174021 0.703881
vt 0.446706 0.110686
vt 0.447285 0.113658
vt 0.451280 0.113532
vt 0.450779 0.110962
vt 0.455363 0.113312
vt 0.454863 0.110742
vt 0.727678 0.689830
vt 0.730298 0.689830
vt 0.735170 0.645826
vt 0.732550 0.645826
vt 0.732902 0.641051
vt 0.735523 0.641051
vt 0.736039 0.634829
vt 0.733419 0.634829
vt 0.735426 0.562819
vt 0.732805 0.562819
vt 0.790273 0.689090
vt 0.793641 0.689069
vt 0.794329 0.686556
vt 0.791068 0.686185
vt 0.799268 0.689256
vt 0.799955 0.686743
vt 0.838946 0.689810
vt 0.839633 0.687297
vt 0.843440 0.689830
vt 0.844128 0.687317
vt 0.847171 0.689776
vt 0.847858 0.687263
vt 0.732443 0.559033
vt 0.735063 0.559033
vt 0.169248 0.580310
vt 0.172206 0.580078
vt 0.884832 0.392242
vt 0.889348 0.387941
vt 0.879713 0.401801
vt 0.880525 0.509377
vt 0.924734 0.388532
vt 0.927502 0.391127
vt 0.928988 0.394437
vt 0.931463 0.501366
vt 0.930242 0.506630
vt 0.926678 0.509689
vt 0.922294 0.510976
vt 0.876110 0.508430
vt 0.872831 0.506515
vt 0.871094 0.503318
vt 0.875077 0.420572
vt 0.872732 0.439199
vt 0.871214 0.472172
vt 0.895886 0.384824
vt 0.485785 0.557054
vt 0.473259 0.565042
vt 0.514895 0.537336
vt 0.538265 0.510602
vt 0.456494 0.571970
vt 0.439427 0.458745
vt 0.432326 0.458802
vt 0.007288 0.791447
vt 0.010418 0.791362
vt 0.002631 0.791491
vt 0.427709 0.458845
vt 0.424389 0.599009
vt 0.453540 0.565366
vt 0.448905 0.566329
vt 0.447375 0.499752
vt 0.453151 0.499689
vt 0.449080 0.458779
vt 0.454252 0.458676
vt 0.322678 0.444681
vt 0.331779 0.446613
vt 0.333310 0.444596
vt 0.521626 0.108319
vt 0.522814 0.033141
vt 0.520739 0.033520
vt 0.519106 0.108248
vt 0.521584 0.154402
vt 0.519144 0.154278
vt 0.460553 0.562876
vt 0.459419 0.499504
vt 0.459700 0.458595
vt 0.497327 0.495740
vt 0.496401 0.458203
vt 0.486684 0.458310
vt 0.487001 0.497551
vt 0.476664 0.458423
vt 0.475965 0.498622
vt 0.485765 0.545378
vt 0.473703 0.553461
vt 0.503436 0.477114
vt 0.505888 0.480769
vt 0.501044 0.458208
vt 0.509289 0.483043
vt 0.538267 0.492418
vt 0.503708 0.532641
vt 0.445484 0.499773
vt 0.447228 0.458749
vt 0.781354 0.215988
vt 0.778462 0.216785
vt 0.778510 0.221269
vt 0.781402 0.220472
vt 0.778446 0.225022
vt 0.781338 0.224225
vt 0.781402 0.226982
vt 0.778434 0.226982
vt 0.778165 0.232027
vt 0.781133 0.232027
vt 0.777041 0.335534
vt 0.780009 0.335534
vt 0.780670 0.169447
vt 0.777778 0.170244
vt 0.777849 0.174665
vt 0.780741 0.173867
vt 0.728433 0.432798
vt 0.730427 0.451075
vt 0.733445 0.451075
vt 0.731450 0.432798
vt 0.731524 0.469299
vt 0.734542 0.469299
vt 0.732184 0.501660
vt 0.735202 0.501660
vt 0.732276 0.532279
vt 0.735293 0.532279
vt 0.731849 0.535489
vt 0.734867 0.535489
vt 0.777733 0.167008
vt 0.780625 0.166211
vt 0.730108 0.423597
vt 0.727090 0.423597
vt 0.177663 0.636368
vt 0.177777 0.641212
vt 0.180710 0.642015
vt 0.180596 0.637170
vt 0.177805 0.648063
vt 0.180738 0.648865
vt 0.177368 0.677430
vt 0.180301 0.678233
vt 0.780992 0.341406
vt 0.780333 0.338792
vt 0.777365 0.338792
vt 0.778024 0.341406
vt 0.440185 0.423323
vt 0.448861 0.423240
vt 0.442730 0.388876
vt 0.451018 0.388804
vt 0.445401 0.354426
vt 0.454032 0.354353
vt 0.448867 0.319967
vt 0.457058 0.319730
vt 0.451972 0.289212
vt 0.460064 0.289209
vt 0.434552 0.423386
vt 0.437185 0.388937
vt 0.440808 0.354476
vt 0.443954 0.320021
vt 0.446695 0.289270
vt 0.450317 0.258434
vt 0.435599 0.354533
vt 0.432556 0.388988
vt 0.439050 0.320075
vt 0.442152 0.289320
vt 0.444932 0.259660
vt 0.006178 0.827343
vt 0.005955 0.862274
vt 0.006966 0.897206
vt 0.008246 0.932143
vt 0.010175 0.963324
vt 0.012363 0.993395
vt 0.532065 0.318760
vt 0.528506 0.288534
vt 0.518234 0.288647
vt 0.519649 0.318897
vt 0.521702 0.250187
vt 0.514991 0.250297
vt 0.487244 0.422534
vt 0.477599 0.422640
vt 0.489022 0.388406
vt 0.478536 0.388521
vt 0.493407 0.353942
vt 0.479605 0.354094
vt 0.500092 0.319112
vt 0.481281 0.319319
vt 0.462066 0.422811
vt 0.465553 0.388664
vt 0.470558 0.354194
vt 0.476176 0.319375
vt 0.482127 0.289044
vt 0.456221 0.422875
vt 0.459737 0.388728
vt 0.463802 0.354268
vt 0.468076 0.319464
vt 0.472163 0.289154
vt 0.485491 0.250705
vt 0.476676 0.252677
vt 0.450518 0.423086
vt 0.453537 0.388796
vt 0.457509 0.354337
vt 0.461432 0.319537
vt 0.465094 0.289232
vt 0.468093 0.254650
vt 0.517568 0.194315
vt 0.520201 0.194241
vt 0.520153 0.232923
vt 0.463414 0.255818
vt 0.507204 0.843402
vt 0.507150 0.847635
vt 0.535264 0.847296
vt 0.535248 0.843402
vt 0.562528 0.417738
vt 0.564627 0.417976
vt 0.564528 0.387497
vt 0.783996 0.061507
vt 0.786961 0.062166
vt 0.786859 0.031306
vt 0.503780 0.457172
vt 0.503631 0.422337
vt 0.501987 0.422394
vt 0.504807 0.387996
vt 0.503042 0.388163
vt 0.503995 0.375668
vt 0.505872 0.375668
vt 0.508308 0.366172
vt 0.506523 0.364619
vt 0.512300 0.357220
vt 0.514084 0.358773
vt 0.522811 0.354599
vt 0.521473 0.352597
vt 0.508151 0.457114
vt 0.510194 0.457143
vt 0.509990 0.422307
vt 0.508025 0.422179
vt 0.511044 0.388075
vt 0.509079 0.387888
vt 0.509675 0.375885
vt 0.511852 0.376059
vt 0.513675 0.369468
vt 0.511698 0.368282
vt 0.516754 0.361288
vt 0.518737 0.363026
vt 0.525733 0.359812
vt 0.523748 0.357843
vt 0.535265 0.351767
vt 0.538482 0.357109
vt 0.538294 0.353732
vt 0.429531 0.423441
vt 0.550771 0.761467
vt 0.548887 0.597382
vt 0.525839 0.485343
vt 0.540404 0.487919
vt 0.509222 0.470756
vt 0.511337 0.470205
vt 0.547651 0.489752
vt 0.541851 0.488175
vt 0.545423 0.483702
vt 0.547527 0.482135
vt 0.513388 0.473429
vt 0.511333 0.474394
vt 0.514393 0.476650
vt 0.516388 0.475272
vt 0.540394 0.482829
vt 0.528618 0.480784
vt 0.540389 0.480896
vt 0.530722 0.479217
vt 0.508378 0.478895
vt 0.506097 0.475440
vt 0.511609 0.480967
vt 0.533014 0.944575
vt 0.523877 0.250163
vt 0.531840 0.288498
vt 0.535741 0.318720
vt 0.538104 0.351738
vt 0.862580 0.630282
vt 0.868742 0.635340
vt 0.487532 0.242060
vt 0.514885 0.241474
vt 0.514828 0.236844
vt 0.506932 0.837221
vt 0.535284 0.837221
vt 0.550825 0.797945
vt 0.275477 0.784160
vt 0.419355 0.782855
vt 0.275528 0.622080
vt 0.334735 0.961258
vt 0.419355 0.961194
vt 0.419355 0.820828
vt 0.334830 0.820768
vt 0.419355 0.346821
vt 0.283572 0.346821
vt 0.335746 0.379518
vt 0.419355 0.379496
vt 0.286104 0.316968
vt 0.305602 0.316967
vt 0.305597 0.279103
vt 0.287648 0.279102
vt 0.335621 0.508250
vt 0.419355 0.508250
vt 0.057571 0.573790
vt 0.057560 0.637312
vt 0.084209 0.635734
vt 0.084210 0.573887
vt 0.723169 0.689830
vt 0.723160 0.631941
vt 0.704301 0.630971
vt 0.704301 0.689798
vt 0.911919 0.998000
vt 0.930156 0.992686
vt 0.912492 0.869548
vt 0.674809 0.689798
vt 0.674809 0.629510
vt 0.212372 0.541946
vt 0.271556 0.541946
vt 0.271556 0.512448
vt 0.212020 0.512449
vt 0.959122 0.978406
vt 0.977067 0.951557
vt 0.210676 0.575792
vt 0.271556 0.575792
vt 0.209000 0.604917
vt 0.271556 0.604917
vt 0.028409 0.573790
vt 0.028409 0.635634
vt 0.964904 0.890366
vt 0.938055 0.872421
vt 0.979184 0.919332
vt 0.276537 0.820193
vt 0.334565 0.972561
vt 0.419355 0.972583
vt 0.120928 0.780489
vt 0.079379 0.785814
vt 0.060879 0.792998
vt 0.141898 0.784313
vt 0.084210 0.565242
vt 0.084197 0.512093
vt 0.044029 0.512021
vt 0.044029 0.565849
vt 0.030247 0.512021
vt 0.030247 0.567528
vt 0.779877 0.002503
vt 0.727090 0.002503
vt 0.727090 0.021939
vt 0.780987 0.021939
vt 0.781244 0.064326
vt 0.727090 0.064326
vt 0.727090 0.084958
vt 0.782219 0.084958
vt 0.004664 0.077805
vt 0.005744 0.103719
vt 0.063843 0.103719
vt 0.063843 0.077805
vt 0.063873 0.033039
vt 0.002000 0.033018
vt 0.050204 0.807278
vt 0.160519 0.806610
vt 0.043901 0.846014
vt 0.184671 0.846059
vt 0.334925 0.998000
vt 0.419355 0.997938
vt 0.593976 0.169304
vt 0.591063 0.178754
vt 0.594252 0.191516
vt 0.441350 0.163015
vt 0.469258 0.185058
vt 0.288134 0.972661
vt 0.310831 0.998000
vt 0.325953 0.998000
vt 0.285744 0.965032
vt 0.284549 0.961210
vt 0.781402 0.135052
vt 0.778289 0.145133
vt 0.778084 0.156130
vt 0.459543 0.189193
vt 0.456302 0.194932
vt 0.474813 0.189450
vt 0.979184 0.986470
vt 0.976574 0.981750
vt 0.964386 0.986426
vt 0.451945 0.190635
vt 0.568163 0.386250
vt 0.602197 0.404810
vt 0.588338 0.375066
vt 0.568277 0.374220
vt 0.566965 0.367516
vt 0.561464 0.356236
vt 0.444241 0.189422
vt 0.566597 0.420424
vt 0.563732 0.455104
vt 0.580497 0.464372
vt 0.599327 0.437498
vt 0.561595 0.468026
vt 0.327014 0.214073
vt 0.295150 0.214045
vt 0.313897 0.220227
vt 0.521366 0.480241
vt 0.578482 0.081618
vt 0.578412 0.071654
vt 0.577390 0.074932
vt 0.776989 0.128517
vt 0.167105 0.791950
vt 0.167982 0.789825
vt 0.167216 0.786579
vt 0.373222 0.265538
vt 0.353589 0.279104
vt 0.419355 0.279106
vt 0.419355 0.263833
vt 0.419355 0.316961
vt 0.342394 0.268293
vt 0.328119 0.270355
vt 0.190521 0.656641
vt 0.200863 0.630580
vt 0.192385 0.606878
vt 0.201300 0.617698
vt 0.201554 0.607221
vt 0.600998 0.229102
vt 0.300487 0.264990
vt 0.294611 0.261846
vt 0.290910 0.263243
vt 0.446600 0.083307
vt 0.444465 0.085957
vt 0.446276 0.101737
vt 0.442049 0.090195
vt 0.443436 0.101023
vt 0.447143 0.566734
vt 0.543193 0.801199
vt 0.777933 0.164250
vt 0.581428 0.057447
vt 0.581258 0.059384
vt 0.586392 0.058261
vt 0.586429 0.056303
vt 0.597328 0.056155
vt 0.592185 0.055754
vt 0.592283 0.057733
vt 0.597115 0.058189
vt 0.474808 0.124508
vt 0.474790 0.112252
vt 0.472983 0.112197
vt 0.473002 0.124452
vt 0.463417 0.107606
vt 0.469529 0.107044
vt 0.469313 0.105125
vt 0.463102 0.105649
vt 0.456639 0.105831
vt 0.441917 0.104895
vt 0.443435 0.107004
vt 0.047650 0.797878
vt 0.047623 0.783866
vt 0.045689 0.785092
vt 0.177697 0.685163
vt 0.179627 0.687406
vt 0.179558 0.682518
vt 0.177581 0.680194
vt 0.485893 0.926040
vt 0.488474 0.926049
vt 0.484424 0.921516
vt 0.481871 0.921580
vt 0.477032 0.858449
vt 0.478361 0.846083
vt 0.475743 0.846091
vt 0.474480 0.858387
vt 0.486754 0.829326
vt 0.482153 0.833810
vt 0.484583 0.833911
vt 0.489159 0.829409
vt 0.494389 0.825228
vt 0.507142 0.817995
vt 0.505363 0.817328
vt 0.747132 0.248374
vt 0.747006 0.263664
vt 0.749050 0.261663
vt 0.497760 0.932339
vt 0.500228 0.929600
vt 0.495760 0.927144
vt 0.493117 0.929828
vt 0.491292 0.923420
vt 0.488030 0.919131
vt 0.482447 0.858390
vt 0.483656 0.847140
vt 0.488959 0.836179
vt 0.493265 0.831706
vt 0.498225 0.827555
vt 0.510253 0.820191
vt 0.474785 0.897328
vt 0.477307 0.897375
vt 0.482722 0.897315
vt 0.472727 0.166842
vt 0.474534 0.166895
vt 0.475906 0.906818
vt 0.478430 0.906772
vt 0.483334 0.905672
vt 0.472872 0.175950
vt 0.474673 0.175646
vt 0.478267 0.839717
vt 0.480791 0.839764
vt 0.485627 0.841426
vt 0.472956 0.105972
vt 0.474751 0.106390
vt 0.299589 0.457484
vt 0.299429 0.494473
vt 0.301099 0.491998
vt 0.512340 0.820299
vt 0.543180 0.806929
vt 0.543182 0.806160
vt 0.543190 0.802301
vt 0.550750 0.802978
vt 0.550810 0.798983
vt 0.748756 0.208139
vt 0.749136 0.247189
vt 0.177789 0.724888
vt 0.180738 0.724684
vt 0.534053 0.941341
vt 0.533257 0.943780
vt 0.084027 0.567007
vt 0.049594 0.570238
vt 0.048642 0.571829
vt 0.495348 0.932436
vt 0.490620 0.929872
vt 0.478313 0.916307
vt 0.492010 0.825164
vt 0.044816 0.570910
vt 0.544295 0.465015
vt 0.541116 0.451816
vt 0.539680 0.460898
vt 0.538278 0.399589
vt 0.541124 0.442846
vt 0.548235 0.442880
vt 0.545069 0.395534
vt 0.535911 0.387207
vt 0.139642 0.741311
vt 0.131000 0.750250
vt 0.137971 0.748784
vt 0.747891 0.341406
vt 0.752538 0.306504
vt 0.747791 0.301300
vt 0.161691 0.584839
vt 0.160640 0.631662
vt 0.165651 0.621115
vt 0.890580 0.410798
vt 0.890717 0.428711
vt 0.896060 0.418935
vt 0.537306 0.466605
vt 0.534345 0.471450
vt 0.563009 0.659236
vt 0.562681 0.630104
vt 0.556902 0.642633
vt 0.556831 0.627610
vt 0.786961 0.072382
vt 0.144607 0.748742
vt 0.150852 0.750279
vt 0.013510 0.010768
vt 0.013658 0.006814
vt 0.013256 0.006046
vt 0.013234 0.011787
vt 0.282882 0.961838
vt 0.282954 0.964246
vt 0.550639 0.803738
vt 0.165795 0.629144
vt 0.590448 0.510079
vt 0.591743 0.511708
vt 0.597271 0.510191
vt 0.602061 0.059211
vt 0.602585 0.057123
vt 0.480840 0.916170
vt 0.485233 0.914028
vt 0.127962 0.706924
vt 0.125627 0.705240
vt 0.125668 0.711160
vt 0.128043 0.712937
vt 0.474813 0.184397
vt 0.473017 0.185058
vt 0.474693 0.101035
vt 0.472911 0.100256
vt 0.457053 0.107827
vt 0.747478 0.270224
vt 0.749557 0.268212
vt 0.896097 0.413058
vt 0.556511 0.649080
vt 0.280941 0.379436
vt 0.275562 0.515764
vt 0.275648 0.508240
vt 0.758554 0.193915
vt 0.762969 0.193916
vt 0.767007 0.192586
vt 0.770449 0.190065
vt 0.772943 0.186603
vt 0.774246 0.182540
vt 0.774229 0.178273
vt 0.772894 0.174218
vt 0.770371 0.170769
vt 0.767307 0.168629
vt 0.764117 0.167458
vt 0.759142 0.167466
vt 0.755918 0.167992
vt 0.753093 0.169424
vt 0.749352 0.173546
vt 0.747588 0.178528
vt 0.747937 0.184380
vt 0.754401 0.192595
vt 0.750991 0.189851
vt 0.320354 0.222413
vt 0.317627 0.238424
vt 0.321756 0.238418
vt 0.327014 0.222429
vt 0.586159 0.137427
vt 0.602535 0.131414
vt 0.602585 0.125900
vt 0.586229 0.129294
vt 0.602524 0.119504
vt 0.586177 0.119589
vt 0.602432 0.113708
vt 0.586083 0.110680
vt 0.602387 0.108524
vt 0.586027 0.102974
vt 0.445728 0.196948
vt 0.451498 0.212985
vt 0.454313 0.213281
vt 0.450664 0.197229
vt 0.457711 0.213422
vt 0.455784 0.197357
vt 0.463089 0.213056
vt 0.463129 0.196975
vt 0.466734 0.213018
vt 0.469099 0.196918
vt 0.470404 0.213011
vt 0.474813 0.196893
vt 0.767734 0.327851
vt 0.766823 0.311541
vt 0.762551 0.311527
vt 0.761182 0.327802
vt 0.321730 0.126691
vt 0.317181 0.110712
vt 0.313059 0.110736
vt 0.315460 0.126726
vt 0.308493 0.110742
vt 0.308510 0.126738
vt 0.303927 0.110731
vt 0.301559 0.126726
vt 0.299807 0.110702
vt 0.295289 0.126691
vt 0.564031 0.102868
vt 0.565410 0.119142
vt 0.569675 0.119088
vt 0.570523 0.102778
vt 0.299622 0.222188
vt 0.304052 0.238257
vt 0.308180 0.238309
vt 0.305928 0.222257
vt 0.312935 0.238421
vt 0.313073 0.222388
vt 0.610716 0.519364
vt 0.557774 0.601873
vt 0.610495 0.601873
vt 0.597124 0.519464
vt 0.572552 0.519432
vt 0.563144 0.520966
vt 0.297301 0.951299
vt 0.298658 0.935833
vt 0.299228 0.913268
vt 0.559748 0.559392
vt 0.298699 0.886914
vt 0.297144 0.871882
vt 0.170798 0.524070
vt 0.154274 0.498937
vt 0.128706 0.498656
vt 0.145105 0.523788
vt 0.114927 0.499398
vt 0.124987 0.523662
vt 0.899896 0.503610
vt 0.925682 0.497355
vt 0.926356 0.419581
vt 0.899958 0.419581
vt 0.330224 0.866713
vt 0.331320 0.882340
vt 0.331852 0.908961
vt 0.331281 0.931783
vt 0.330589 0.946661
vt 0.328942 0.953713
vt 0.184671 0.522324
vt 0.163590 0.497876
vt 0.292209 0.834028
vt 0.292221 0.848253
vt 0.298380 0.848119
vt 0.300782 0.834205
vt 0.308078 0.847775
vt 0.309226 0.834547
vt 0.313705 0.834937
vt 0.320273 0.846699
vt 0.326162 0.837057
vt 0.324316 0.845574
vt 0.327260 0.844496
vt 0.330653 0.839578
vt 0.330839 0.842483
vt 0.331852 0.841121
vt 0.466595 0.101737
vt 0.463011 0.093799
vt 0.455005 0.094520
vt 0.451460 0.101676
vt 0.462087 0.093058
vt 0.459435 0.092430
vt 0.758501 0.334516
vt 0.759824 0.333933
vt 0.758693 0.330843
vt 0.757312 0.331270
vt 0.757521 0.326633
vt 0.756091 0.326883
vt 0.756430 0.314268
vt 0.754985 0.314354
vt 0.756084 0.304511
vt 0.754637 0.304551
vt 0.755948 0.298245
vt 0.754499 0.298183
vt 0.448560 0.091999
vt 0.450099 0.092337
vt 0.453988 0.084467
vt 0.452834 0.083326
vt 0.459295 0.081958
vt 0.459122 0.080348
vt 0.462727 0.082769
vt 0.463428 0.081363
vt 0.464153 0.083924
vt 0.465415 0.082982
vt 0.467988 0.092428
vt 0.469529 0.092121
vt 0.774246 0.298184
vt 0.772795 0.298240
vt 0.772613 0.306918
vt 0.774059 0.306960
vt 0.772268 0.315419
vt 0.773713 0.315505
vt 0.771872 0.319987
vt 0.773309 0.320163
vt 0.769702 0.332731
vt 0.771089 0.333202
vt 0.766946 0.337638
vt 0.768077 0.338563
vt 0.764405 0.339615
vt 0.764422 0.341406
vt 0.762021 0.337836
vt 0.760898 0.338774
vt 0.884236 0.602156
vt 0.895522 0.596116
vt 0.895994 0.593079
vt 0.884724 0.598973
vt 0.896648 0.588911
vt 0.885400 0.594640
vt 0.898227 0.576198
vt 0.887000 0.581775
vt 0.899373 0.566049
vt 0.888150 0.571583
vt 0.900658 0.559803
vt 0.889188 0.565147
vt 0.894796 0.555719
vt 0.882715 0.560728
vt 0.316802 0.503463
vt 0.316811 0.490657
vt 0.315753 0.490300
vt 0.315195 0.502854
vt 0.109587 0.749830
vt 0.121506 0.754895
vt 0.128043 0.750513
vt 0.116608 0.745183
vt 0.126410 0.741776
vt 0.115203 0.736268
vt 0.125353 0.732972
vt 0.114140 0.727422
vt 0.124891 0.728267
vt 0.113663 0.722635
vt 0.122966 0.715410
vt 0.111698 0.709506
vt 0.122375 0.710738
vt 0.111065 0.704408
vt 0.177746 0.621867
vt 0.178619 0.634407
vt 0.180440 0.633697
vt 0.180738 0.620695
vt 0.180738 0.618734
vt 0.180326 0.605735
vt 0.178724 0.605162
vt 0.177947 0.617715
vt 0.883743 0.606221
vt 0.895065 0.599849
vt 0.783396 0.907117
vt 0.782279 0.997976
vt 0.907998 0.998000
vt 0.907998 0.907102
vt 0.770732 0.281386
vt 0.755156 0.272171
vt 0.751480 0.274046
vt 0.774117 0.290509
vt 0.769266 0.271370
vt 0.757171 0.268555
vt 0.768471 0.222251
vt 0.755463 0.207606
vt 0.795867 0.634829
vt 0.795677 0.562819
vt 0.795636 0.532279
vt 0.795608 0.501660
vt 0.746460 0.272191
vt 0.161392 0.633623
vt 0.160214 0.678723
vt 0.165795 0.667539
vt 0.611091 0.469925
vt 0.607878 0.472528
vt 0.608872 0.492311
vt 0.612441 0.495139
vt 0.602451 0.474013
vt 0.604575 0.491230
vt 0.564383 0.476873
vt 0.564163 0.494368
vt 0.560082 0.476460
vt 0.559921 0.495454
vt 0.556531 0.474231
vt 0.556817 0.497433
vt 0.554747 0.470500
vt 0.555256 0.500597
vt 0.613824 0.500193
vt 0.612563 0.463904
vt 0.614178 0.607161
vt 0.611594 0.609781
vt 0.614076 0.684196
vt 0.619583 0.689830
vt 0.624925 0.305449
vt 0.684113 0.305449
vt 0.684124 0.177724
vt 0.624933 0.178046
vt 0.583783 0.614470
vt 0.578187 0.656668
vt 0.577329 0.611699
vt 0.566297 0.652326
vt 0.896097 0.488409
vt 0.896090 0.430671
vt 0.883613 0.441046
vt 0.572789 0.607703
vt 0.964275 0.241981
vt 0.956737 0.298290
vt 0.964544 0.307829
vt 0.784192 0.374968
vt 0.760670 0.376451
vt 0.795062 0.451075
vt 0.794443 0.432798
vt 0.791687 0.758726
vt 0.784632 0.871126
vt 0.907998 0.871095
vt 0.907998 0.758589
vt 0.795403 0.469299
vt 0.847858 0.501660
vt 0.847858 0.469299
vt 0.847858 0.451075
vt 0.847858 0.562819
vt 0.847858 0.532279
vt 0.807335 0.718579
vt 0.907998 0.718579
vt 0.442477 0.160344
vt 0.443030 0.139635
vt 0.442729 0.117794
vt 0.079968 0.463332
vt 0.052494 0.468352
vt 0.039900 0.472977
vt 0.144100 0.472977
vt 0.122576 0.460777
vt 0.144100 0.460437
vt 0.002087 0.109601
vt 0.002000 0.236336
vt 0.084597 0.220903
vt 0.084986 0.109601
vt 0.813073 0.374261
vt 0.847858 0.432798
vt 0.847858 0.373604
vt 0.088134 0.213427
vt 0.093581 0.195493
vt 0.097431 0.178780
vt 0.099891 0.155976
vt 0.101818 0.109601
vt 0.769917 0.214075
vt 0.754583 0.201715
vt 0.774246 0.211119
vt 0.751669 0.195877
vt 0.813141 0.676506
vt 0.783962 0.674961
vt 0.847858 0.634829
vt 0.847858 0.677671
vt 0.739202 0.661995
vt 0.744688 0.664929
vt 0.751128 0.667958
vt 0.761562 0.671253
vt 0.082849 0.725443
vt 0.084201 0.708531
vt 0.033688 0.712370
vt 0.032340 0.729215
vt 0.084210 0.685619
vt 0.033697 0.689529
vt 0.082128 0.639273
vt 0.031619 0.643242
vt 0.851780 0.307829
vt 0.952815 0.307829
vt 0.952377 0.200984
vt 0.851780 0.200984
vt 0.605632 0.309555
vt 0.611080 0.350518
vt 0.718762 0.349832
vt 0.713384 0.309370
vt 0.720231 0.463111
vt 0.721491 0.499384
vt 0.615491 0.603897
vt 0.723169 0.590954
vt 0.664450 0.606250
vt 0.670032 0.688619
vt 0.079833 0.751522
vt 0.080779 0.743628
vt 0.030277 0.747340
vt 0.029428 0.754895
vt 0.258440 0.315375
vt 0.271556 0.321864
vt 0.271487 0.260169
vt 0.258371 0.253679
vt 0.123325 0.665784
vt 0.109087 0.665784
vt 0.109087 0.674106
vt 0.123325 0.674106
vt 0.542467 0.247552
vt 0.542386 0.305818
vt 0.549897 0.311195
vt 0.550825 0.250563
vt 0.333310 0.424548
vt 0.333310 0.410031
vt 0.324824 0.410031
vt 0.324824 0.424548
vt 0.793347 0.183488
vt 0.793158 0.125238
vt 0.784807 0.128264
vt 0.785848 0.188877
vt 0.142200 0.736429
vt 0.142200 0.721891
vt 0.133899 0.721891
vt 0.133899 0.736429
vt 0.285670 0.850214
vt 0.285670 0.864752
vt 0.331852 0.864752
vt 0.331852 0.850214
vt 0.033639 0.846059
vt 0.041940 0.846059
vt 0.041940 0.799878
vt 0.033639 0.799878
vt 0.318772 0.503463
vt 0.333310 0.503463
vt 0.333310 0.457282
vt 0.318772 0.457282
vt 0.542524 0.888039
vt 0.550825 0.888039
vt 0.550825 0.841858
vt 0.542524 0.841858
vt 0.580492 0.964808
vt 0.567444 0.964667
vt 0.565507 0.984862
vt 0.580273 0.984793
vt 0.603035 0.964765
vt 0.603035 0.984746
vt 0.631949 0.964750
vt 0.631949 0.984726
vt 0.580492 0.941464
vt 0.567174 0.941513
vt 0.603035 0.941421
vt 0.631949 0.941406
vt 0.567174 0.922198
vt 0.557685 0.922281
vt 0.556713 0.941622
vt 0.567174 0.903463
vt 0.558445 0.903523
vt 0.567174 0.784094
vt 0.558445 0.784154
vt 0.558445 0.826928
vt 0.567174 0.826867
vt 0.580492 0.784045
vt 0.580492 0.826818
vt 0.603035 0.784002
vt 0.603035 0.826775
vt 0.631949 0.783987
vt 0.631949 0.826760
vt 0.567174 0.750466
vt 0.558445 0.750521
vt 0.580492 0.750417
vt 0.603035 0.750374
vt 0.631949 0.750359
vt 0.567174 0.731710
vt 0.558445 0.735552
vt 0.580492 0.728729
vt 0.603035 0.726316
vt 0.631949 0.725434
vt 0.567130 0.714801
vt 0.580492 0.710958
vt 0.603035 0.707556
vt 0.631949 0.705777
vt 0.580499 0.702447
vt 0.566853 0.707473
vt 0.603049 0.698695
vt 0.631972 0.697210
vt 0.318949 0.426828
vt 0.311841 0.405532
vt 0.297375 0.412815
vt 0.210415 0.618923
vt 0.210767 0.607597
vt 0.128043 0.702448
vt 0.127662 0.692652
vt 0.120887 0.701770
vt 0.116580 0.692551
vt 0.113288 0.702058
vt 0.032511 0.973326
vt 0.024990 0.975015
vt 0.033389 0.980469
vt 0.031168 0.962989
vt 0.029153 0.944782
vt 0.024672 0.897960
vt 0.027313 0.928296
vt 0.073417 0.875110
vt 0.056306 0.871168
vt 0.056642 0.878360
vt 0.073448 0.881405
vt 0.555110 0.961362
vt 0.044755 0.992593
vt 0.063140 0.994305
vt 0.062427 0.983159
vt 0.044022 0.980726
vt 0.061286 0.968299
vt 0.043192 0.965792
vt 0.060001 0.952402
vt 0.042497 0.949125
vt 0.041080 0.931385
vt 0.058432 0.935331
vt 0.056574 0.903050
vt 0.038870 0.900511
vt 0.073096 0.905371
vt 0.231374 0.630416
vt 0.227576 0.622984
vt 0.222903 0.627047
vt 0.221065 0.631375
vt 0.666734 0.705771
vt 0.666734 0.696056
vt 0.666734 0.725428
vt 0.666734 0.750354
vt 0.666734 0.826755
vt 0.666734 0.783982
vt 0.666734 0.984718
vt 0.666734 0.964744
vt 0.631949 0.870990
vt 0.603035 0.871005
vt 0.631949 0.903356
vt 0.603035 0.903371
vt 0.580492 0.871048
vt 0.580492 0.903414
vt 0.558445 0.871157
vt 0.567174 0.871096
vt 0.666734 0.870984
vt 0.666734 0.903351
vt 0.666734 0.922376
vt 0.631949 0.922381
vt 0.666734 0.941400
vt 0.603035 0.922396
vt 0.580492 0.922439
vt 0.579493 0.995151
vt 0.603029 0.996636
vt 0.631928 0.997342
vt 0.666734 0.998000
vt 0.333310 0.432081
vt 0.096745 0.877627
vt 0.097457 0.883726
vt 0.144100 0.879594
vt 0.144100 0.885538
vt 0.096905 0.907641
vt 0.144100 0.909235
vt 0.096905 0.938937
vt 0.144100 0.940407
vt 0.025391 0.889132
vt 0.029735 0.882166
vt 0.038056 0.876839
vt 0.044889 0.876520
vt 0.096906 0.955714
vt 0.144100 0.957308
vt 0.096906 0.971171
vt 0.096906 0.984867
vt 0.144100 0.973167
vt 0.144100 0.986232
vt 0.096906 0.996104
vt 0.144100 0.998000
vt 0.271556 0.727959
vt 0.271194 0.680202
vt 0.260453 0.679800
vt 0.261404 0.727579
vt 0.250493 0.679428
vt 0.251770 0.727219
vt 0.237026 0.678924
vt 0.237552 0.726688
vt 0.219290 0.678242
vt 0.217552 0.725940
vt 0.269995 0.645998
vt 0.258331 0.646528
vt 0.248085 0.646962
vt 0.234818 0.646850
vt 0.220342 0.646460
vt 0.200347 0.645384
vt 0.199170 0.677351
vt 0.197461 0.725189
vt 0.254708 0.628251
vt 0.243791 0.628842
vt 0.266844 0.627281
vt 0.250421 0.618527
vt 0.240608 0.620062
vt 0.127523 0.681266
vt 0.113175 0.680453
vt 0.262182 0.616827
vt 0.237963 0.608754
vt 0.246701 0.608670
vt 0.229032 0.608459
vt 0.232912 0.621503
vt 0.037956 0.865594
vt 0.029994 0.861864
vt 0.257324 0.608463
vt 0.602799 0.696463
vt 0.631996 0.694917
vt 0.059459 0.508160
vt 0.059893 0.504933
vt 0.037138 0.502358
vt 0.580386 0.700173
vt 0.074325 0.504750
vt 0.101805 0.461877
vt 0.122579 0.458821
vt 0.101820 0.459994
vt 0.144100 0.458252
vt 0.079983 0.461554
vt 0.586716 0.513737
vt 0.559294 0.509928
vt 0.558898 0.512321
vt 0.586342 0.516318
vt 0.599965 0.514630
vt 0.599535 0.517404
vt 0.556624 0.624750
vt 0.563009 0.625649
vt 0.562803 0.611832
vt 0.556998 0.617936
vt 0.891647 0.501011
vt 0.886855 0.501437
vt 0.891624 0.507411
vt 0.070370 0.508953
vt 0.666734 0.693751
vt 0.610716 0.509872
vt 0.610450 0.517210
vt 0.144100 0.440435
vt 0.128384 0.441341
vt 0.101969 0.442151
vt 0.080108 0.443160
vt 0.052471 0.466488
vt 0.053778 0.446014
vt 0.040513 0.448683
vt 0.039901 0.470962
vt 0.030448 0.451396
vt 0.030043 0.476497
vt 0.064890 0.261518
vt 0.079513 0.260344
vt 0.079513 0.252502
vt 0.064890 0.255280
vt 0.102020 0.259751
vt 0.102020 0.250423
vt 0.128432 0.259277
vt 0.128459 0.248646
vt 0.520712 0.998000
vt 0.519846 0.989692
vt 0.510450 0.992511
vt 0.535284 0.996025
vt 0.534304 0.987254
vt 0.110593 0.657949
vt 0.116246 0.641865
vt 0.110037 0.638176
vt 0.102020 0.243617
vt 0.079513 0.246027
vt 0.128459 0.241311
vt 0.110671 0.594046
vt 0.119562 0.591216
vt 0.113446 0.608878
vt 0.122340 0.606047
vt 0.118492 0.631460
vt 0.127771 0.628506
vt 0.125720 0.657573
vt 0.134663 0.654727
vt 0.133856 0.602382
vt 0.130836 0.587627
vt 0.139042 0.624919
vt 0.146023 0.651111
vt 0.510825 0.987152
vt 0.102020 0.284504
vt 0.102020 0.326840
vt 0.128435 0.326776
vt 0.128435 0.282664
vt 0.102020 0.271884
vt 0.128436 0.270775
vt 0.062156 0.288136
vt 0.057067 0.326971
vt 0.063832 0.274579
vt 0.050906 0.368794
vt 0.045040 0.412833
vt 0.069565 0.412768
vt 0.073022 0.368744
vt 0.102020 0.412721
vt 0.102020 0.368710
vt 0.128434 0.412696
vt 0.128434 0.368687
vt 0.078433 0.286152
vt 0.079098 0.272986
vt 0.076214 0.326900
vt 0.144100 0.259124
vt 0.144100 0.247955
vt 0.144100 0.240258
vt 0.130590 0.672832
vt 0.139532 0.669986
vt 0.150451 0.666510
vt 0.144100 0.326756
vt 0.144100 0.281890
vt 0.144100 0.270298
vt 0.144100 0.412684
vt 0.144100 0.368676
vt 0.752976 0.964808
vt 0.753195 0.984793
vt 0.767961 0.984862
vt 0.766024 0.964667
vt 0.730433 0.964765
vt 0.730433 0.984746
vt 0.701519 0.964750
vt 0.701519 0.984726
vt 0.752976 0.941464
vt 0.766294 0.941513
vt 0.730433 0.941421
vt 0.701519 0.941406
vt 0.766294 0.922198
vt 0.776755 0.941622
vt 0.775782 0.922281
vt 0.766294 0.903463
vt 0.775023 0.903523
vt 0.766294 0.784094
vt 0.766294 0.826867
vt 0.775023 0.826928
vt 0.775023 0.784154
vt 0.752976 0.784045
vt 0.752976 0.826818
vt 0.730433 0.784002
vt 0.730433 0.826775
vt 0.701519 0.783987
vt 0.701519 0.826760
vt 0.766294 0.750466
vt 0.775023 0.750521
vt 0.752976 0.750417
vt 0.730433 0.750374
vt 0.701519 0.750359
vt 0.766294 0.731710
vt 0.775023 0.735552
vt 0.752976 0.728729
vt 0.730433 0.726316
vt 0.701519 0.725434
vt 0.766338 0.714801
vt 0.775022 0.722605
vt 0.752976 0.710958
vt 0.730433 0.707556
vt 0.701519 0.705777
vt 0.752969 0.702447
vt 0.766615 0.707473
vt 0.730419 0.698695
vt 0.701495 0.697210
vt 0.754190 0.144726
vt 0.758401 0.163265
vt 0.774134 0.159830
vt 0.766289 0.138940
vt 0.202445 0.832126
vt 0.193264 0.832667
vt 0.192735 0.843134
vt 0.201951 0.843447
vt 0.559984 0.689705
vt 0.567388 0.689344
vt 0.560361 0.680089
vt 0.571546 0.680353
vt 0.574936 0.689830
vt 0.255689 0.973326
vt 0.254811 0.980469
vt 0.263210 0.975015
vt 0.265049 0.962011
vt 0.257032 0.962989
vt 0.259047 0.944782
vt 0.267409 0.942287
vt 0.263528 0.897960
vt 0.260886 0.928296
vt 0.269328 0.926733
vt 0.271556 0.897237
vt 0.266248 0.879535
vt 0.214783 0.875110
vt 0.214752 0.881405
vt 0.231558 0.878360
vt 0.231894 0.871168
vt 0.778357 0.961362
vt 0.243445 0.992593
vt 0.244178 0.980726
vt 0.225773 0.983159
vt 0.225060 0.994305
vt 0.245008 0.965792
vt 0.226914 0.968299
vt 0.245703 0.949125
vt 0.228199 0.952402
vt 0.247120 0.931385
vt 0.249330 0.900511
vt 0.231626 0.903050
vt 0.229768 0.935331
vt 0.215104 0.905371
vt 0.224203 0.822230
vt 0.215505 0.824957
vt 0.219861 0.829357
vt 0.213995 0.820504
vt 0.701519 0.870990
vt 0.730433 0.871005
vt 0.701519 0.903356
vt 0.730433 0.903371
vt 0.752976 0.871048
vt 0.752976 0.903414
vt 0.775023 0.871157
vt 0.766294 0.871096
vt 0.775034 0.714652
vt 0.701519 0.922381
vt 0.730433 0.922396
vt 0.752976 0.922439
vt 0.753974 0.995151
vt 0.730439 0.996636
vt 0.701540 0.997342
vt 0.774246 0.125688
vt 0.757768 0.128950
vt 0.191455 0.877627
vt 0.190743 0.883726
vt 0.191294 0.907641
vt 0.191294 0.938937
vt 0.262809 0.889132
vt 0.258465 0.882166
vt 0.250144 0.876839
vt 0.243311 0.876520
vt 0.191294 0.955714
vt 0.191294 0.971171
vt 0.191294 0.984867
vt 0.191294 0.996104
vt 0.256888 0.775155
vt 0.267629 0.775556
vt 0.246929 0.774782
vt 0.233461 0.774279
vt 0.215724 0.773635
vt 0.263880 0.809574
vt 0.252288 0.808175
vt 0.242103 0.806978
vt 0.228865 0.806098
vt 0.214400 0.805407
vt 0.195593 0.773022
vt 0.194381 0.804987
vt 0.193790 0.819788
vt 0.247311 0.826131
vt 0.236469 0.824727
vt 0.259340 0.828004
vt 0.242310 0.835508
vt 0.232639 0.833244
vt 0.574494 0.668389
vt 0.560139 0.668765
vt 0.253911 0.838081
vt 0.229157 0.844324
vt 0.237865 0.845059
vt 0.225071 0.831233
vt 0.220229 0.843950
vt 0.250244 0.865594
vt 0.258206 0.861864
vt 0.268691 0.851389
vt 0.248442 0.846059
vt 0.730669 0.696463
vt 0.701472 0.694917
vt 0.753082 0.700173
vt 0.751757 0.163265
vt 0.750862 0.141152
vt 0.747519 0.141377
vt 0.770098 0.299310
vt 0.760692 0.304778
vt 0.770556 0.304808
vt 0.186394 0.461877
vt 0.186380 0.459994
vt 0.165621 0.458821
vt 0.165624 0.460777
vt 0.208232 0.463332
vt 0.208217 0.461554
vt 0.560216 0.250754
vt 0.557432 0.250836
vt 0.557901 0.277172
vt 0.560490 0.277074
vt 0.561123 0.239227
vt 0.558127 0.239339
vt 0.010899 0.014897
vt 0.005304 0.019594
vt 0.002000 0.029096
vt 0.013658 0.020477
vt 0.907584 0.168269
vt 0.901184 0.168305
vt 0.907167 0.173062
vt 0.747604 0.131402
vt 0.752230 0.127951
vt 0.004144 0.006046
vt 0.002205 0.008049
vt 0.159816 0.441341
vt 0.186231 0.442151
vt 0.208092 0.443160
vt 0.235729 0.466488
vt 0.248299 0.470962
vt 0.247687 0.448683
vt 0.234422 0.446014
vt 0.258157 0.476497
vt 0.257752 0.451396
vt 0.262490 0.480975
vt 0.266987 0.455213
vt 0.223310 0.261518
vt 0.223310 0.255280
vt 0.208687 0.252502
vt 0.208687 0.260344
vt 0.186180 0.250423
vt 0.186180 0.259751
vt 0.159741 0.248646
vt 0.159768 0.259277
vt 0.233359 0.258315
vt 0.232384 0.253428
vt 0.926356 0.411467
vt 0.918371 0.408562
vt 0.917208 0.417621
vt 0.516131 0.463818
vt 0.522333 0.460118
vt 0.516650 0.444044
vt 0.904249 0.405949
vt 0.903091 0.415529
vt 0.208687 0.246027
vt 0.186180 0.243617
vt 0.159741 0.241311
vt 0.159878 0.748636
vt 0.167756 0.754895
vt 0.173209 0.752259
vt 0.168769 0.745806
vt 0.162463 0.732097
vt 0.153568 0.734929
vt 0.153912 0.710631
vt 0.144632 0.713585
vt 0.144380 0.685252
vt 0.135436 0.688099
vt 0.180043 0.742217
vt 0.173978 0.728432
vt 0.165183 0.707044
vt 0.155740 0.681636
vt 0.234339 0.263220
vt 0.926211 0.405629
vt 0.183130 0.748465
vt 0.186180 0.284504
vt 0.159765 0.282664
vt 0.159765 0.326776
vt 0.186180 0.326840
vt 0.159764 0.270775
vt 0.186180 0.271884
vt 0.226044 0.288136
vt 0.231133 0.326971
vt 0.244993 0.327015
vt 0.238944 0.290152
vt 0.224368 0.274579
vt 0.236686 0.276500
vt 0.237294 0.368794
vt 0.215178 0.368744
vt 0.218635 0.412768
vt 0.243160 0.412833
vt 0.186180 0.368710
vt 0.186180 0.412721
vt 0.159766 0.368687
vt 0.159766 0.412696
vt 0.252015 0.369131
vt 0.259389 0.413063
vt 0.209102 0.272986
vt 0.209767 0.286152
vt 0.211986 0.326900
vt 0.704291 0.616042
vt 0.685414 0.616042
vt 0.687358 0.627550
vt 0.704291 0.627550
vt 0.864948 0.374397
vt 0.864948 0.357633
vt 0.852935 0.356565
vt 0.852935 0.371602
vt 0.864948 0.336911
vt 0.852935 0.337979
vt 0.864948 0.320147
vt 0.852935 0.322941
vt 0.584066 0.137427
vt 0.584066 0.118550
vt 0.572559 0.118550
vt 0.572559 0.135483
vt 0.584066 0.099672
vt 0.572559 0.101616
vt 0.436857 0.311195
vt 0.436857 0.294431
vt 0.424843 0.293364
vt 0.424843 0.308401
vt 0.436857 0.273710
vt 0.424843 0.274778
vt 0.436857 0.256947
vt 0.424843 0.259741
vt 0.723169 0.616042
vt 0.721224 0.627550
vt 0.333989 0.057429
vt 0.333989 0.038418
vt 0.322814 0.023037
vt 0.304733 0.017162
vt 0.286652 0.023037
vt 0.275477 0.038418
vt 0.275477 0.057429
vt 0.286652 0.072810
vt 0.304733 0.078685
vt 0.322814 0.072810
vt 0.582655 0.072817
vt 0.580443 0.075862
vt 0.580443 0.079625
vt 0.582655 0.082669
vt 0.586234 0.083832
vt 0.589813 0.082669
vt 0.592025 0.079625
vt 0.592025 0.075862
vt 0.589813 0.072817
vt 0.586234 0.071654
vt 0.904209 0.141878
vt 0.887990 0.147148
vt 0.898260 0.161283
vt 0.904209 0.159349
vt 0.877966 0.160944
vt 0.894583 0.166343
vt 0.877966 0.177997
vt 0.894583 0.172598
vt 0.887990 0.191793
vt 0.898260 0.177658
vt 0.904209 0.197063
vt 0.904209 0.179591
vt 0.920427 0.191793
vt 0.910157 0.177658
vt 0.930450 0.177997
vt 0.913834 0.172598
vt 0.930450 0.160944
vt 0.913834 0.166343
vt 0.920427 0.147148
vt 0.910157 0.161283
vt 0.972821 0.988430
vt 0.966459 0.988430
vt 0.968993 0.998000
vt 0.972821 0.998000
vt 0.782279 0.696373
vt 0.782279 0.702023
vt 0.792269 0.703414
vt 0.792269 0.700015
vt 0.782279 0.709007
vt 0.792269 0.707616
vt 0.782279 0.714657
vt 0.792269 0.711015
vt 0.602197 0.372476
vt 0.602197 0.366113
vt 0.592627 0.366113
vt 0.592627 0.369941
vt 0.602197 0.359750
vt 0.592627 0.362285
vt 0.885417 0.336393
vt 0.885417 0.330742
vt 0.875427 0.329351
vt 0.875427 0.332750
vt 0.885417 0.323758
vt 0.875427 0.325149
vt 0.885417 0.318108
vt 0.875427 0.321750
vt 0.979184 0.988430
vt 0.976649 0.998000
vt 0.101818 0.234459
vt 0.101818 0.224140
vt 0.090395 0.224140
vt 0.090395 0.234459
vt 0.688046 0.305449
vt 0.698364 0.305449
vt 0.698364 0.197448
vt 0.688046 0.197448
vt 0.295415 0.395463
vt 0.283992 0.395463
vt 0.283992 0.503463
vt 0.295415 0.503463
vt 0.983105 0.998000
vt 0.993424 0.998000
vt 0.993424 0.889999
vt 0.983105 0.889999
vt 0.559099 0.229102
vt 0.570523 0.229102
vt 0.570523 0.121102
vt 0.559099 0.121102
vt 0.797268 0.132252
vt 0.807587 0.132252
vt 0.807587 0.024250
vt 0.797268 0.024250
vt 0.550825 0.890000
vt 0.539402 0.890000
vt 0.539402 0.998000
vt 0.550825 0.998000
vt 0.196721 0.604917
vt 0.207039 0.604917
vt 0.207039 0.496917
vt 0.196721 0.496917
vt 0.094599 0.754895
vt 0.106022 0.754895
vt 0.106022 0.646895
vt 0.094599 0.646895
s 1
usemtl Car_Material_107
f 1/1/1 2/2/2 3/3/3
f 3/3/3 4/4/4 1/1/1
f 5/5/5 6/6/6 7/7/7
f 8/8/8 9/9/9 5/5/5
f 5/5/5 7/7/7 8/8/8
f 10/10/10 9/9/9 8/8/8
f 11/11/11 12/12/12 13/13/13
f 13/13/13 14/14/14 11/11/11
f 3/3/3 15/15/15 16/16/16
f 16/16/16 4/4/4 3/3/3
f 15/15/15 14/14/14 13/13/13
f 13/13/13 16/16/16 15/15/15
f 17/17/17 18/18/18 19/19/9
f 9/9/9 10/10/10 20/20/17
f 21/21/19 22/22/20 23/23/21
f 23/23/21 24/24/22 25/25/23
f 24/24/22 26/26/24 27/27/25
f 27/27/25 25/25/23 24/24/22
f 28/28/26 29/29/27 30/30/28
f 31/31/29 27/27/25 26/26/24
f 29/29/27 32/32/30 33/33/31
f 33/33/31 30/30/28 29/29/27
f 21/21/19 23/23/21 25/25/23
f 34/34/32 29/29/27 28/28/26
f 35/35/33 6/6/6 5/5/5
f 5/5/5 36/36/34 35/35/33
f 1/1/1 35/35/33 36/36/34
f 36/36/34 2/2/2 1/1/1
f 17/17/17 37/37/35 18/18/18
f 38/38/36 39/39/37 40/40/38
f 40/40/38 39/39/37 41/41/39
f 42/42/40 43/43/41 44/44/42
f 44/44/42 45/45/43 42/42/40
f 44/44/42 46/46/44 47/47/45
f 47/47/45 45/45/43 44/44/42
f 48/48/46 49/49/47 34/34/32
f 29/29/27 34/34/32 49/49/47
f 49/49/47 32/32/30 29/29/27
f 50/50/48 51/51/49 52/52/50
f 53/50/51 54/53/52 55/54/53
f 55/54/53 56/51/49 53/50/51
f 56/51/49 55/54/53 49/49/47
f 49/49/47 48/48/46 56/51/49
f 46/46/44 57/55/54 47/47/45
f 46/46/44 58/56/55 57/55/54
f 57/55/54 58/56/55 59/57/56
f 46/46/44 60/58/57 61/59/58
f 61/59/58 58/56/55 46/46/44
f 62/60/59 54/53/52 53/50/51
f 63/60/60 50/50/48 64/61/61
f 64/61/61 50/50/48 52/52/50
f 52/52/50 65/62/62 64/61/61
f 21/21/19 43/43/41 42/42/40
f 42/42/40 22/22/20 21/21/19
f 66/11/63 67/63/64 68/64/65
f 69/65/66 12/12/12 11/11/11
f 11/11/11 70/64/60 69/65/66
f 69/65/66 70/64/60 71/66/67
f 71/66/67 72/67/62 69/65/66
f 41/41/39 39/39/37 73/68/68
f 74/69/69 69/65/66 72/67/62
f 75/70/70 73/68/69 76/71/71
f 77/9/9 78/72/72 79/73/73
f 80/74/74 81/75/75 82/76/76
f 80/74/74 77/9/9 79/73/73
f 79/73/73 83/77/77 80/74/74
f 83/77/77 81/75/75 80/74/74
f 77/9/9 84/78/78 78/72/72
f 85/79/79 86/80/80 87/81/81
f 88/82/82 89/83/74 90/84/83
f 91/85/84 92/86/85 93/87/86
f 94/88/87 95/89/88 96/90/89
f 97/91/90 98/92/91 99/93/92
f 99/93/92 100/94/93 97/91/90
f 101/95/94 102/96/95 103/97/96
f 100/94/93 104/98/97 105/99/94
f 106/100/98 107/101/99 108/102/100
f 108/102/100 109/103/101 106/100/98
f 88/82/82 106/100/98 109/103/101
f 109/103/101 89/83/74 88/82/82
f 110/104/102 111/105/103 98/92/91
f 98/92/91 97/91/90 110/104/102
f 112/106/104 113/107/102 102/96/95
f 102/96/95 101/95/94 112/106/104
f 114/108/105 115/109/106 107/101/99
f 107/101/99 106/100/98 114/108/105
f 116/110/107 114/108/105 106/100/98
f 106/100/98 88/82/82 116/110/107
f 117/111/108 118/112/109 119/113/110
f 119/113/110 111/105/103 117/111/108
f 120/114/111 117/111/108 111/105/103
f 111/105/103 110/104/102 120/114/111
f 121/115/112 122/116/113 113/107/102
f 113/107/102 112/106/104 121/115/112
f 123/117/114 124/118/112 115/109/106
f 115/109/106 114/108/105 123/117/114
f 125/119/115 123/117/114 114/108/105
f 114/108/105 116/110/107 125/119/115
f 126/120/116 127/121/117 118/112/109
f 118/112/109 117/111/108 126/120/116
f 128/122/118 126/120/116 117/111/108
f 117/111/108 120/114/111 128/122/118
f 129/123/119 128/122/118 120/114/111
f 122/116/113 121/115/112 130/124/119
f 131/125/120 132/126/121 124/118/112
f 124/118/112 123/117/114 131/125/120
f 133/127/122 131/125/120 123/117/114
f 123/117/114 125/119/115 133/127/122
f 134/128/123 133/127/122 125/119/115
f 125/119/115 135/129/124 134/128/123
f 136/130/125 137/131/126 127/121/117
f 127/121/117 126/120/116 136/130/125
f 138/132/127 136/130/125 126/120/116
f 126/120/116 128/122/118 138/132/127
f 139/133/128 140/134/129 141/135/130
f 128/122/118 129/123/119 142/136/131
f 143/137/132 144/138/133 132/126/121
f 132/126/121 131/125/120 143/137/132
f 145/139/134 143/137/132 131/125/120
f 131/125/120 133/127/122 145/139/134
f 146/140/135 145/139/134 133/127/122
f 133/127/122 134/128/123 146/140/135
f 147/141/136 146/140/135 134/128/123
f 134/128/123 148/142/137 147/141/136
f 149/143/138 150/144/139 137/131/126
f 137/131/126 136/130/125 149/143/138
f 151/145/140 149/143/138 136/130/125
f 136/130/125 138/132/127 151/145/140
f 152/146/141 153/147/142 140/134/129
f 140/134/129 139/133/128 152/146/141
f 154/148/143 155/149/141 144/138/133
f 144/138/133 143/137/132 154/148/143
f 156/150/144 154/148/143 143/137/132
f 143/137/132 145/139/134 156/150/144
f 157/151/145 156/150/144 145/139/134
f 145/139/134 146/140/135 157/151/145
f 158/152/146 157/151/145 146/140/135
f 146/140/135 147/141/136 158/152/146
f 159/153/147 158/152/146 147/141/136
f 147/141/136 160/154/148 159/153/147
f 161/155/149 162/156/150 150/144/139
f 150/144/139 149/143/138 161/155/149
f 163/157/151 161/155/149 149/143/138
f 149/143/138 151/145/140 163/157/151
f 164/158/152 165/159/153 153/147/142
f 153/147/142 152/146/141 164/158/152
f 166/160/154 167/161/155 155/149/141
f 155/149/141 154/148/143 166/160/154
f 168/162/156 166/160/154 154/148/143
f 154/148/143 156/150/144 168/162/156
f 169/163/157 168/162/156 156/150/144
f 156/150/144 157/151/145 169/163/157
f 170/164/158 169/163/157 157/151/145
f 157/151/145 158/152/146 170/164/158
f 171/165/159 172/166/160 173/167/161
f 158/152/146 159/153/147 174/168/162
f 159/153/147 175/169/163 174/168/162
f 176/170/163 177/171/164 171/165/165
f 178/172/166 175/169/163 159/153/147
f 159/153/147 179/173/167 178/172/166
f 175/169/163 178/172/166 180/174/168
f 181/175/169 182/176/170 183/177/171
f 183/177/171 184/178/172 181/175/169
f 185/179/173 186/180/174 183/177/171
f 187/181/175 188/182/176 189/183/177
f 189/183/177 190/184/178 187/181/175
f 191/185/179 188/182/176 187/181/175
f 162/156/150 192/186/87 193/187/180
f 162/156/150 193/187/180 150/144/139
f 150/144/139 193/187/180 194/188/181
f 98/92/91 119/113/110 195/189/182
f 195/189/182 99/93/92 98/92/91
f 111/105/103 119/113/110 98/92/91
f 196/190/183 197/191/184 198/192/185
f 198/192/185 199/193/186 196/190/183
f 194/188/181 93/87/86 92/86/85
f 92/86/85 200/194/187 194/188/181
f 93/87/86 201/195/188 202/196/189
f 202/196/189 91/85/84 93/87/86
f 193/187/180 203/197/190 194/188/181
f 194/188/181 203/197/190 201/195/188
f 201/195/188 93/87/86 194/188/181
f 204/198/191 205/199/192 206/200/193
f 206/200/193 207/201/194 204/198/191
f 208/202/195 209/203/196 210/204/197
f 210/204/197 211/205/198 208/202/195
f 212/206/199 209/203/196 208/202/195
f 208/202/195 213/207/200 212/206/199
f 214/208/200 207/201/194 206/200/193
f 206/200/193 215/209/201 214/208/200
f 216/210/202 197/191/184 196/190/183
f 196/190/183 205/199/192 216/210/202
f 193/187/180 192/186/87 217/211/203
f 125/119/115 116/110/107 135/129/124
f 135/129/124 148/142/137 134/128/123
f 160/154/148 147/141/136 148/142/137
f 159/153/147 160/154/148 218/212/204
f 171/165/165 177/171/164 219/213/174
f 219/213/174 177/171/164 220/214/171
f 221/215/179 222/216/205 182/176/170
f 182/176/170 185/179/173 183/177/171
f 223/217/88 224/218/206 225/219/207
f 214/208/200 96/90/89 95/89/88
f 226/220/208 227/221/209 228/222/210
f 229/223/211 230/224/212 231/225/213
f 232/226/214 233/227/215 234/228/216
f 235/229/216 229/223/210 236/230/214
f 206/200/193 205/199/192 196/190/183
f 196/190/183 237/231/217 206/200/193
f 206/200/193 237/231/217 215/209/201
f 196/190/183 199/193/186 238/232/218
f 238/232/218 237/231/217 196/190/183
f 193/187/180 217/211/203 239/233/219
f 96/90/89 214/208/200 215/209/201
f 231/225/213 240/234/220 241/235/221
f 240/234/220 231/225/213 230/224/212
f 203/197/190 193/187/180 239/233/219
f 180/174/168 242/236/222 243/237/223
f 243/237/223 175/169/163 180/174/168
f 244/238/224 245/239/225 205/199/192
f 205/199/192 204/198/191 244/238/224
f 244/238/224 221/215/179 245/239/225
f 245/239/225 182/176/170 216/210/202
f 216/210/202 205/199/192 245/239/225
f 246/240/164 247/241/222 183/177/171
f 183/177/171 247/241/222 184/178/172
f 150/144/139 194/188/181 200/194/187
f 200/194/187 137/131/126 150/144/139
f 216/210/202 248/242/226 249/243/227
f 249/243/227 197/191/184 216/210/202
f 197/191/184 249/243/227 250/244/228
f 250/244/228 198/192/185 197/191/184
f 216/210/202 182/176/170 181/175/169
f 181/175/169 248/242/226 216/210/202
f 109/103/101 108/102/100 251/245/229
f 252/246/230 89/83/74 109/103/101
f 109/103/101 251/245/229 252/246/230
f 253/247/231 254/248/232 255/249/233
f 255/249/233 256/250/234 253/247/231
f 257/251/235 100/94/93 99/93/92
f 99/93/92 258/252/236 257/251/235
f 259/253/237 260/254/238 261/255/239
f 261/255/239 262/256/240 259/253/237
f 260/254/238 263/257/241 264/258/242
f 264/258/242 265/259/243 260/254/238
f 260/254/238 265/259/243 261/255/239
f 266/260/244 267/261/245 259/253/237
f 259/253/237 262/256/240 266/260/244
f 268/262/246 195/189/182 267/261/245
f 267/261/245 266/260/244 268/262/246
f 268/262/246 258/252/236 99/93/92
f 99/93/92 195/189/182 268/262/246
f 254/248/232 252/246/230 251/245/229
f 251/245/229 255/249/233 254/248/232
f 77/9/9 269/263/247 270/264/248
f 77/9/9 271/265/249 269/263/247
f 77/9/9 272/266/250 271/265/249
f 77/9/9 80/74/74 272/266/250
f 272/266/250 80/74/74 273/267/251
f 273/267/251 80/74/74 274/268/252
f 274/268/252 80/74/74 275/269/230
f 275/269/230 276/270/253 274/268/252
f 276/270/253 275/269/230 277/271/232
f 277/271/232 278/272/254 276/270/253
f 279/5/5 280/273/255 281/274/256
f 281/274/256 282/275/257 279/5/5
f 279/5/5 282/275/257 283/276/258
f 283/276/258 284/277/231 279/5/5
f 283/276/258 285/278/259 284/277/231
f 284/277/231 285/278/259 286/279/260
f 286/279/260 287/280/261 284/277/231
f 284/277/231 287/280/261 277/271/232
f 277/271/232 287/280/261 278/272/254
f 104/98/97 288/281/262 289/282/263
f 255/249/233 251/245/229 108/102/100
f 290/283/262 256/250/234 255/249/233
f 104/98/97 100/94/93 257/251/235
f 257/251/235 288/281/262 104/98/97
f 291/284/264 292/285/265 293/286/266
f 293/286/266 294/287/267 291/284/264
f 294/287/267 293/286/266 295/288/268
f 295/288/268 296/289/269 294/287/267
f 297/290/270 298/291/271 299/292/272
f 299/292/272 300/293/273 297/290/270
f 300/293/273 299/292/272 301/294/274
f 301/294/274 302/295/275 300/293/273
f 303/296/276 304/297/277 305/298/278
f 305/298/278 306/299/279 303/296/276
f 307/300/280 306/299/279 305/298/278
f 305/298/278 308/301/281 307/300/280
f 308/301/281 309/302/282 310/303/283
f 310/303/283 307/300/280 308/301/281
f 279/5/5 77/9/9 270/264/248
f 270/264/248 280/273/255 279/5/5
f 311/304/284 312/305/285 310/303/283
f 310/303/283 309/302/282 311/304/284
f 313/306/286 314/307/287 315/308/288
f 315/308/288 316/309/289 313/306/286
f 314/307/287 317/310/290 318/311/291
f 318/311/291 315/308/288 314/307/287
f 317/310/290 319/312/292 320/313/293
f 320/313/293 318/311/291 317/310/290
f 319/312/292 321/314/294 322/315/295
f 322/315/295 320/313/293 319/312/292
f 321/314/294 323/316/296 324/317/297
f 324/317/297 322/315/295 321/314/294
f 325/318/298 312/305/285 311/304/284
f 311/304/284 326/319/299 325/318/298
f 327/320/300 292/285/265 291/284/264
f 291/284/264 328/321/301 327/320/300
f 329/14/302 330/322/303 331/323/304
f 329/14/302 332/15/15 333/324/305
f 333/324/305 330/322/303 329/14/302
f 334/325/306 279/5/5 284/277/231
f 335/326/307 336/327/308 337/63/64
f 336/327/308 338/328/309 337/63/64
f 339/329/310 340/330/311 284/277/231
f 340/330/311 341/331/312 284/277/231
f 341/331/312 342/332/313 284/277/231
f 334/325/306 343/333/314 279/5/5
f 343/333/314 344/334/315 279/5/5
f 344/334/315 345/335/316 279/5/5
f 346/336/317 347/3/3 348/2/2
f 348/2/2 349/337/318 346/336/317
f 279/5/5 345/335/316 350/338/319
f 350/338/319 351/36/34 279/5/5
f 351/36/34 350/338/319 349/337/318
f 349/337/318 348/2/2 351/36/34
f 346/336/317 333/324/305 332/15/15
f 332/15/15 347/3/3 346/336/317
f 331/323/304 352/339/320 353/11/63
f 353/11/63 329/14/302 331/323/304
f 266/260/244 262/256/240 354/340/321
f 354/340/321 355/341/322 266/260/244
f 262/256/240 261/255/239 356/342/323
f 356/342/323 354/340/321 262/256/240
f 261/255/239 265/259/243 356/342/323
f 356/342/323 265/259/243 357/343/324
f 357/343/324 265/259/243 264/258/242
f 266/260/244 355/341/322 358/344/325
f 358/344/325 268/262/246 266/260/244
f 288/281/262 257/251/235 359/345/326
f 359/345/326 360/346/327 288/281/262
f 338/328/309 339/329/310 337/63/64
f 337/63/64 339/329/310 284/277/231
f 253/247/231 256/250/234 361/347/328
f 361/347/328 362/348/329 253/247/231
f 256/250/234 290/283/262 363/349/327
f 360/346/327 364/350/328 365/351/330
f 334/325/306 284/277/231 342/332/313
f 358/344/331 366/352/332 367/353/333
f 368/354/334 367/353/333 366/352/332
f 366/352/332 369/355/335 368/354/334
f 370/356/336 368/354/334 369/355/335
f 369/355/335 371/357/337 370/356/336
f 372/358/338 373/359/333 374/360/339
f 375/361/340 376/362/341 377/363/342
f 377/363/342 378/364/343 375/361/340
f 379/365/344 375/361/340 378/364/343
f 378/364/343 380/366/345 379/365/344
f 358/344/331 381/367/346 366/352/332
f 371/357/337 369/355/335 382/368/347
f 382/368/347 383/369/348 371/357/337
f 369/355/335 366/352/332 381/367/346
f 381/367/346 382/368/347 369/355/335
f 384/370/349 385/371/350 386/372/351
f 386/372/351 387/373/352 384/370/349
f 387/373/352 386/372/351 388/374/353
f 388/374/353 389/375/354 387/373/352
f 389/375/354 390/376/355 387/373/352
f 389/375/354 391/377/356 390/376/355
f 392/378/357 384/370/349 393/379/358
f 382/368/347 389/375/354 388/374/353
f 388/374/353 383/369/348 382/368/347
f 394/380/359 385/371/350 392/378/357
f 392/378/357 385/371/350 384/370/349
f 395/381/360 384/370/349 396/382/361
f 384/370/349 387/373/352 390/376/355
f 390/376/355 397/383/362 384/370/349
f 397/383/362 396/382/361 384/370/349
f 382/368/347 381/367/346 391/377/356
f 391/377/356 389/375/354 382/368/347
f 359/345/326 398/384/363 399/385/364
f 359/345/326 257/251/235 398/384/363
f 257/251/235 400/252/236 398/384/363
f 401/367/365 402/344/338 403/341/366
f 403/341/366 404/377/367 401/367/365
f 404/377/367 403/341/366 405/340/368
f 405/340/368 406/376/369 404/377/367
f 406/376/369 405/340/368 407/342/370
f 407/342/370 408/383/362 406/376/369
f 407/342/370 409/343/324 408/383/362
f 410/63/371 411/11/63 412/339/320
f 413/339/320 414/326/307 415/63/371
f 416/386/372 417/387/373 418/388/374
f 418/388/374 419/389/375 416/386/372
f 419/389/375 418/388/374 420/390/376
f 420/390/376 421/391/377 419/389/375
f 422/392/377 423/393/378 424/394/379
f 424/394/379 425/395/380 422/392/377
f 425/395/380 424/394/379 426/396/381
f 426/396/381 427/397/382 425/395/380
f 428/398/383 429/399/384 430/400/385
f 430/400/385 431/401/386 428/398/383
f 431/401/386 430/400/385 417/387/373
f 417/387/373 416/386/372 431/401/386
f 432/402/387 433/403/388 434/404/389
f 434/404/389 435/405/390 432/402/387
f 433/403/388 436/406/391 437/407/392
f 437/407/392 434/404/389 433/403/388
f 436/406/391 438/408/393 439/409/394
f 439/409/394 437/407/392 436/406/391
f 438/408/393 440/410/395 441/411/396
f 441/411/396 439/409/394 438/408/393
f 440/410/395 442/412/397 443/413/398
f 443/413/398 441/411/396 440/410/395
f 444/414/399 429/399/384 428/398/383
f 428/398/383 445/415/400 444/414/399
f 435/405/390 446/416/401 447/417/402
f 447/417/402 432/402/387 435/405/390
f 448/418/403 449/419/404 450/420/405
f 450/420/405 451/421/402 448/418/403
f 449/419/404 452/422/406 453/423/407
f 453/423/407 450/420/405 449/419/404
f 452/422/406 454/424/408 455/425/409
f 455/425/409 453/423/407 452/422/406
f 456/426/410 457/427/411 458/428/412
f 458/428/412 459/429/413 456/426/410
f 457/427/411 427/397/382 426/396/381
f 426/396/381 458/428/412 457/427/411
f 460/430/414 359/345/326 399/385/364
f 399/385/364 461/431/415 460/430/414
f 462/432/416 460/430/414 461/431/415
f 461/431/415 463/433/417 462/432/416
f 464/434/418 462/432/416 463/433/417
f 463/433/417 465/435/419 464/434/418
f 466/436/420 464/434/418 465/435/419
f 465/435/419 467/437/421 466/436/420
f 468/438/422 466/436/420 467/437/421
f 467/437/421 469/439/423 468/438/422
f 470/440/424 360/346/327 359/345/326
f 359/345/326 460/430/414 470/440/424
f 471/441/425 470/440/424 460/430/414
f 460/430/414 462/432/416 471/441/425
f 472/442/426 471/441/425 462/432/416
f 462/432/416 464/434/418 472/442/426
f 473/443/427 472/442/426 464/434/418
f 464/434/418 466/436/420 473/443/427
f 474/444/428 473/443/427 466/436/420
f 466/436/420 468/438/422 474/444/428
f 474/444/428 468/438/422 475/445/429
f 476/446/430 477/447/431 471/441/425
f 471/441/425 472/442/426 476/446/430
f 478/448/432 476/446/430 472/442/426
f 472/442/426 473/443/427 478/448/432
f 479/449/433 478/448/432 473/443/427
f 473/443/427 474/444/428 479/449/433
f 480/450/434 479/449/433 474/444/428
f 474/444/428 475/445/429 480/450/434
f 63/60/435 481/348/436 482/347/328
f 482/347/328 483/451/437 63/60/435
f 484/53/438 63/60/435 483/451/437
f 483/451/437 485/452/431 484/53/438
f 486/54/439 484/53/438 485/452/431
f 485/452/431 487/453/430 486/54/439
f 488/49/47 486/54/439 487/453/430
f 487/453/430 489/454/440 488/49/47
f 490/32/441 488/49/47 489/454/440
f 489/454/440 491/455/433 490/32/441
f 492/33/442 490/32/441 491/455/433
f 491/455/433 493/456/443 492/33/442
f 494/457/444 495/458/445 496/459/446
f 496/459/446 497/460/447 494/457/444
f 495/458/445 498/461/448 499/462/449
f 499/462/449 496/459/446 495/458/445
f 386/372/351 500/463/450 501/464/451
f 501/464/451 388/374/353 386/372/351
f 500/463/450 502/465/452 503/466/453
f 503/466/453 501/464/451 500/463/450
f 502/465/452 504/467/454 505/468/455
f 505/468/455 503/466/453 502/465/452
f 504/467/454 506/469/456 507/470/457
f 507/470/457 505/468/455 504/467/454
f 388/374/353 501/464/451 508/471/458
f 508/471/458 383/369/348 388/374/353
f 501/464/451 503/466/453 509/472/459
f 509/472/459 508/471/458 501/464/451
f 503/466/453 505/468/455 510/473/460
f 510/473/460 509/472/459 503/466/453
f 505/468/455 507/470/457 511/474/461
f 511/474/461 510/473/460 505/468/455
f 512/475/462 511/474/461 507/470/457
f 383/369/348 508/471/458 513/476/463
f 513/476/463 371/357/337 383/369/348
f 508/471/458 509/472/459 514/477/464
f 514/477/464 513/476/463 508/471/458
f 509/472/459 510/473/460 515/478/465
f 515/478/465 514/477/464 509/472/459
f 510/473/460 511/474/461 516/479/466
f 516/479/466 515/478/465 510/473/460
f 511/474/461 512/475/462 517/480/467
f 517/480/467 516/479/466 511/474/461
f 512/475/462 518/481/468 519/482/469
f 519/482/469 517/480/467 512/475/462
f 371/357/337 513/476/463 520/483/470
f 520/483/470 370/356/336 371/357/337
f 513/476/463 514/477/464 521/484/471
f 521/484/471 520/483/470 513/476/463
f 514/477/464 515/478/465 522/485/472
f 522/485/472 521/484/471 514/477/464
f 515/478/465 516/479/466 523/486/473
f 523/486/473 522/485/472 515/478/465
f 516/479/466 517/480/467 524/487/474
f 524/487/474 523/486/473 516/479/466
f 517/480/467 519/482/469 525/488/475
f 525/488/475 524/487/474 517/480/467
f 380/366/345 526/489/470 527/490/476
f 527/490/476 379/365/344 380/366/345
f 520/483/470 521/484/471 528/433/477
f 529/491/477 527/490/476 526/489/470
f 521/484/471 522/485/472 530/435/478
f 530/435/478 528/433/477 521/484/471
f 522/485/472 523/486/473 531/437/479
f 531/437/479 530/435/478 522/485/472
f 523/486/473 524/487/474 532/439/480
f 532/439/480 531/437/479 523/486/473
f 524/487/474 525/488/475 533/492/481
f 533/492/481 532/439/480 524/487/474
f 518/481/468 512/475/462 496/459/446
f 496/459/446 499/462/449 518/481/468
f 534/493/482 535/494/483 536/495/484
f 536/495/484 537/496/485 534/493/482
f 538/497/486 539/498/487 540/499/488
f 541/500/488 542/501/489 543/502/490
f 512/475/462 507/470/457 506/469/456
f 506/469/456 496/459/446 512/475/462
f 544/380/491 545/503/492 546/504/493
f 546/504/493 547/505/494 544/380/491
f 547/505/494 546/504/493 548/506/495
f 548/506/495 549/507/496 547/505/494
f 550/508/497 551/509/498 552/510/499
f 552/510/499 553/511/500 550/508/497
f 554/512/501 555/513/502 556/514/503
f 556/514/503 557/515/504 554/512/501
f 558/516/505 559/517/506 560/518/507
f 560/518/507 561/519/508 558/516/505
f 561/519/508 560/518/507 562/520/509
f 562/520/509 563/521/510 561/519/508
f 564/522/511 565/523/512 566/524/513
f 566/524/513 567/525/514 564/522/511
f 568/526/515 569/527/516 570/528/517
f 570/528/517 571/529/518 568/526/515
f 572/516/519 573/519/520 574/504/521
f 574/504/521 575/503/522 572/516/519
f 573/519/520 576/521/523 577/506/524
f 577/506/524 574/504/521 573/519/520
f 578/522/511 579/525/514 580/510/525
f 580/510/525 581/509/526 578/522/511
f 582/526/527 583/529/518 584/514/528
f 584/514/528 585/513/529 582/526/527
f 500/463/450 386/372/351 385/371/350
f 385/371/350 394/380/359 586/505/530
f 586/505/530 500/463/450 385/371/350
f 550/508/497 549/507/496 548/506/495
f 548/506/495 551/509/498 550/508/497
f 577/506/524 576/521/523 578/522/511
f 578/522/511 581/509/526 577/506/524
f 563/521/510 562/520/509 565/523/512
f 565/523/512 564/522/511 563/521/510
f 502/465/452 500/463/450 586/505/530
f 586/505/530 587/507/531 502/465/452
f 588/508/497 502/465/452 587/507/531
f 588/508/497 589/511/500 504/467/454
f 502/465/452 588/508/497 504/467/454
f 506/469/456 497/460/447 496/459/446
f 590/512/532 497/460/447 506/469/456
f 506/469/456 504/467/454 590/512/532
f 590/512/532 591/515/504 497/460/447
f 497/460/447 591/515/504 592/530/533
f 592/530/533 494/457/444 497/460/447
f 570/528/517 593/531/534 571/529/518
f 583/529/518 594/531/535 595/532/536
f 595/532/536 584/514/528 583/529/518
f 556/514/503 596/532/537 597/530/533
f 597/530/533 557/515/504 556/514/503
f 477/447/431 598/533/538 470/440/424
f 470/440/424 471/441/425 477/447/431
f 598/533/538 599/350/328 360/346/327
f 360/346/327 470/440/424 598/533/538
f 554/512/501 553/511/500 552/510/499
f 552/510/499 555/513/502 554/512/501
f 585/513/529 580/510/525 579/525/514
f 579/525/514 582/526/527 585/513/529
f 568/526/515 567/525/514 566/524/513
f 566/524/513 569/527/516 568/526/515
f 590/512/532 504/467/454 589/511/500
f 264/258/242 263/257/241 600/534/539
f 600/534/539 601/535/540 264/258/242
f 602/536/541 603/382/542 604/537/543
f 558/516/505 605/538/544 606/539/545
f 606/539/545 559/517/506 558/516/505
f 603/382/542 607/540/546 608/541/547
f 609/541/548 610/540/549 611/542/550
f 611/542/550 610/540/549 612/543/551
f 613/544/552 614/545/553 615/546/554
f 615/546/554 616/547/555 613/544/552
f 617/537/543 618/548/556 619/549/557
f 619/549/557 620/536/558 617/537/543
f 621/548/559 622/550/560 623/551/561
f 623/551/561 624/549/562 621/548/559
f 625/379/563 626/552/564 627/553/565
f 627/553/565 628/378/566 625/379/563
f 629/545/567 630/538/568 631/553/569
f 631/553/569 632/552/564 629/545/567
f 633/381/570 603/382/542 602/536/541
f 602/536/541 634/554/571 633/381/570
f 635/554/572 620/536/558 619/549/557
f 619/549/557 636/546/573 635/554/572
f 615/546/554 624/549/562 623/551/561
f 623/551/561 616/547/555 615/546/554
f 544/380/491 628/378/566 627/553/565
f 627/553/565 545/503/492 544/380/491
f 575/503/522 631/553/569 630/538/568
f 630/538/568 572/516/519 575/503/522
f 637/555/574 92/86/85 91/85/84
f 638/556/575 498/461/448 495/458/445
f 495/458/445 639/557/576 638/556/575
f 639/557/576 495/458/445 494/457/444
f 494/457/444 640/558/577 639/557/576
f 640/558/577 494/457/444 592/530/533
f 592/530/533 641/559/578 640/558/577
f 597/530/533 596/532/537 642/559/578
f 84/78/78 643/560/79 78/72/72
f 78/72/72 643/560/79 644/561/579
f 475/445/429 468/438/422 645/492/481
f 645/492/481 468/438/422 469/439/423
f 646/562/580 647/563/581 648/564/488
f 647/563/581 518/481/468 499/462/449
f 647/563/581 646/562/580 518/481/468
f 649/565/57 650/493/582 651/496/583
f 651/496/583 652/566/584 649/565/57
f 653/567/585 600/534/539 263/257/241
f 408/383/362 409/343/324 603/382/586
f 654/568/587 655/569/588 656/570/589
f 657/571/590 658/572/591 659/573/592
f 659/573/592 660/574/593 657/571/590
f 661/575/594 662/576/577 663/577/595
f 663/577/595 664/578/596 661/575/594
f 665/579/597 662/576/577 666/580/598
f 666/580/598 667/581/599 668/582/600
f 668/582/600 665/579/597 666/580/598
f 669/583/601 670/584/602 664/578/596
f 664/578/596 663/577/595 669/583/601
f 671/585/603 672/586/604 673/587/605
f 673/587/605 674/588/606 671/585/603
f 675/589/607 676/590/608 677/591/609
f 677/591/609 678/592/610 675/589/607
f 679/593/611 680/594/612 681/595/613
f 682/596/614 678/592/610 677/591/609
f 677/591/609 683/597/615 682/596/614
f 684/598/616 685/599/617 686/600/618
f 686/600/618 687/601/619 684/598/616
f 680/594/612 688/602/620 681/595/613
f 689/603/621 681/595/613 688/602/620
f 690/604/622 691/605/623 685/599/617
f 685/599/617 684/598/616 690/604/622
f 692/606/624 693/607/625 691/605/623
f 691/605/623 690/604/622 692/606/624
f 672/586/604 671/585/603 694/608/626
f 694/608/626 695/609/627 672/586/604
f 681/595/613 696/610/628 697/611/629
f 681/595/613 698/612/630 696/610/628
f 681/595/613 689/603/621 698/612/630
f 659/573/592 655/569/588 654/568/587
f 654/568/587 660/574/593 659/573/592
f 660/574/593 654/568/587 699/613/585
f 700/614/631 701/615/632 658/572/591
f 658/572/591 657/571/590 700/614/631
s 0
f 702/616/633 703/617/633 704/618/633
f 704/618/633 705/619/633 702/616/633
s 1
f 706/620/634 707/621/635 708/622/636
f 708/622/636 709/623/637 706/620/634
f 709/623/637 708/622/636 710/624/638
f 710/624/638 711/625/639 709/623/637
f 712/626/640 713/627/641 714/628/642
f 714/628/642 715/629/643 712/626/640
f 716/630/644 715/629/643 714/628/642
f 714/628/642 717/631/645 716/630/644
f 717/631/645 718/632/646 719/633/647
f 719/633/647 716/630/644 717/631/645
f 720/634/648 721/635/647 722/636/649
f 722/636/649 723/637/650 720/634/648
f 723/637/650 724/638/651 725/639/652
f 725/639/652 720/634/648 723/637/650
f 705/619/633 704/618/633 726/640/653
f 726/640/653 727/641/654 705/619/633
f 728/641/655 729/640/656 730/642/657
f 731/642/657 732/643/658 733/641/659
f 734/644/660 735/645/661 701/615/632
f 701/615/632 700/614/631 734/644/660
s 0
f 736/646/662 737/647/662 738/648/662
s 1
f 739/649/186 740/650/84 741/229/663
f 742/651/664 743/652/186 744/653/185
f 742/651/664 700/614/631 657/571/590
f 657/571/590 745/654/665 742/651/664
f 742/651/664 744/653/185 734/644/660
f 734/644/660 700/614/631 742/651/664
f 657/571/590 746/655/666 745/654/665
f 747/656/667 748/657/668 749/658/669
f 750/659/670 751/660/609 752/661/671
f 753/662/672 754/663/673 755/664/674
f 751/660/609 750/659/670 756/665/675
f 757/666/676 758/667/677 759/668/678
f 759/668/678 760/669/679 757/666/676
f 759/668/678 761/670/680 760/669/679
f 761/670/680 759/668/678 762/671/609
f 751/660/609 756/665/675 763/672/681
f 758/667/677 757/666/676 764/673/682
f 765/674/683 766/675/684 767/676/685
f 767/676/685 764/673/682 765/674/683
f 758/667/677 764/673/682 767/676/685
f 766/675/684 765/674/683 768/677/686
f 769/678/604 770/679/624 771/680/687
f 772/681/688 773/539/545 774/544/689
f 775/682/667 776/683/690 777/684/691
f 747/656/667 778/685/692 748/657/668
s 0
f 779/686/693 780/687/693 781/688/693
s 1
f 782/689/694 783/690/695 784/691/696
f 784/691/696 785/692/697 782/689/694
f 786/690/698 787/693/699 788/691/700
f 783/690/695 782/689/694 789/694/701
f 783/690/695 789/694/701 790/695/702
f 791/696/695 792/697/702 793/698/599
f 787/693/699 786/690/698 667/581/599
f 667/581/599 666/580/598 787/693/699
f 793/698/599 794/699/703 795/700/56
f 793/698/599 792/697/702 794/699/703
f 662/576/577 661/575/594 787/693/699
f 787/693/699 666/580/598 662/576/577
f 796/57/704 797/56/705 798/701/599
f 797/56/705 799/59/584 798/701/599
f 800/702/58 801/703/485 802/581/599
f 803/582/575 802/581/599 801/703/485
f 801/703/485 804/704/484 803/582/575
f 805/705/706 806/706/488 807/707/707
f 808/708/581 809/709/448 807/707/575
f 810/556/575 811/564/708 812/563/709
f 812/563/581 813/462/449 814/461/710
f 264/258/242 601/535/540 610/540/549
f 610/540/549 357/343/324 264/258/242
f 400/252/236 815/262/711 402/344/712
f 402/344/712 816/710/341 400/252/236
f 610/540/549 396/382/542 357/343/324
f 159/153/147 218/212/204 179/173/167
f 398/384/363 400/252/236 816/710/341
f 263/257/241 817/711/713 653/567/585
f 604/537/543 603/382/542 608/541/547
f 609/541/548 611/542/550 618/548/556
f 618/548/556 617/537/543 609/541/548
f 818/542/550 819/543/551 622/550/560
f 622/550/560 621/548/559 818/542/550
f 747/656/667 749/658/669 820/712/669
f 182/176/170 222/216/205 185/179/173
f 245/239/225 221/215/179 182/176/170
f 606/539/545 605/538/544 614/545/553
f 614/545/553 613/544/552 606/539/545
f 633/381/570 634/554/571 626/552/564
f 626/552/564 625/379/563 633/381/570
f 632/552/564 635/554/572 636/546/573
f 636/546/573 629/545/567 632/552/564
f 393/379/358 384/370/349 395/381/360
f 137/131/126 200/194/187 127/121/117
f 821/713/714 822/714/715 823/715/716
f 823/715/716 824/716/717 821/713/714
f 825/717/718 826/718/719 827/719/720
f 827/719/720 828/720/721 825/717/718
f 829/721/722 830/722/723 831/723/724
f 831/723/724 832/724/725 829/721/722
f 833/725/726 834/726/727 835/727/728
f 835/727/728 836/728/729 833/725/726
f 837/729/730 838/730/731 839/731/732
f 840/732/732 841/733/733 842/734/734
f 843/735/735 844/736/736 845/737/737
f 845/737/737 846/738/738 843/735/735
f 847/739/739 848/740/740 849/741/741
f 849/741/741 850/742/742 847/739/739
f 851/743/743 852/744/744 853/745/745
f 853/745/745 854/746/746 851/743/743
f 855/747/747 856/748/748 857/749/749
f 857/749/749 858/750/750 855/747/747
f 859/751/751 860/752/752 861/753/753
f 862/754/753 863/755/754 864/756/755
f 865/757/756 866/758/757 867/759/717
f 867/759/717 868/760/758 865/757/756
f 869/741/759 870/740/760 871/761/719
f 871/761/719 872/762/718 869/741/759
f 873/763/725 874/764/724 875/744/761
f 875/744/761 876/743/743 873/763/725
f 877/750/762 878/749/763 879/765/764
f 879/765/764 880/766/726 877/750/762
f 881/767/733 882/768/732 883/752/765
f 883/752/765 884/751/766 881/767/733
f 854/746/746 885/769/767 886/770/768
f 886/770/768 851/743/743 854/746/746
f 876/743/743 887/770/769 888/771/770
f 888/771/770 873/763/725 876/743/743
f 889/772/771 890/773/772 829/721/722
f 829/721/722 832/724/725 889/772/771
f 886/770/768 885/769/767 891/774/773
f 891/774/773 892/775/774 886/770/768
f 888/771/770 887/770/769 893/775/775
f 893/775/775 894/776/776 888/771/770
f 890/773/772 889/772/771 895/777/777
f 895/777/777 896/778/778 890/773/772
f 897/779/779 853/745/745 852/744/744
f 852/744/744 898/780/780 897/779/779
f 899/780/780 875/744/761 874/764/724
f 874/764/724 900/781/781 899/780/780
f 901/782/782 831/723/724 830/722/723
f 830/722/723 902/783/783 901/782/782
f 903/784/784 904/785/732 905/786/731
f 906/787/731 907/788/785 908/789/786
f 909/790/787 910/789/784 911/791/788
f 911/791/788 912/792/789 909/790/787
f 913/793/713 862/754/753 914/794/752
f 860/752/752 915/790/787 916/711/790
f 118/112/109 917/769/767 918/746/791
f 127/121/117 919/774/773 917/769/767
f 917/769/767 118/112/109 127/121/117
f 817/711/713 263/257/241 260/254/238
f 260/254/238 920/753/792 817/711/713
f 843/735/735 921/795/574 922/796/793
f 922/796/793 844/736/736 843/735/735
f 923/797/794 866/758/757 865/757/756
f 865/757/756 924/798/795 923/797/794
f 925/799/796 926/620/797 927/800/798
f 927/800/798 928/801/714 925/799/796
f 200/194/187 92/86/85 929/802/735
f 929/802/735 930/803/799 200/194/187
f 200/194/187 931/742/800 932/804/801
f 932/804/801 127/121/117 200/194/187
f 119/113/110 118/112/109 918/746/791
f 918/746/791 933/745/802 119/113/110
f 119/113/110 934/779/803 935/748/804
f 259/253/237 936/805/754 920/753/792
f 920/753/792 260/254/238 259/253/237
f 195/189/182 119/113/110 267/261/245
f 267/261/245 119/113/110 935/748/804
f 267/261/245 937/747/805 259/253/237
f 929/802/735 92/86/85 637/555/574
f 938/620/634 939/623/806 940/800/807
f 939/623/806 941/806/808 940/800/807
f 942/807/639 943/808/809 944/809/810
f 945/810/811 946/811/812 947/812/813
f 947/812/813 948/813/644 945/810/811
f 948/813/644 949/814/814 945/810/811
f 950/815/815 951/816/816 952/817/817
f 953/818/818 954/819/819 955/820/648
f 956/821/648 957/822/820 958/823/818
f 959/824/637 960/825/821 961/826/822
f 942/807/639 962/827/823 963/828/824
f 964/829/825 965/830/648 966/831/826
f 965/830/648 967/832/827 966/831/826
f 968/630/644 969/633/647 970/833/828
f 950/815/815 971/834/829 972/835/828
f 973/836/830 974/837/831 975/838/832
f 975/838/832 976/839/833 973/836/830
f 977/840/796 978/841/793 745/654/665
f 745/654/665 746/655/666 977/840/796
f 908/789/786 907/788/785 979/842/834
f 979/842/834 980/791/835 908/789/786
f 882/768/732 910/789/784 909/790/787
f 909/790/787 883/752/765 882/768/732
f 916/711/790 915/790/787 981/792/836
f 981/792/836 982/567/837 916/711/790
f 957/822/820 983/843/838 958/823/818
f 984/844/718 985/845/839 986/846/840
f 987/847/840 988/848/841 825/717/718
f 850/742/742 849/741/741 989/849/842
f 989/849/842 990/804/843 850/742/742
f 869/741/759 872/762/718 991/850/844
f 991/850/844 992/849/845 869/741/759
f 824/716/717 823/715/716 827/719/720
f 827/719/720 826/718/719 824/716/717
f 993/851/799 994/852/737 995/853/846
f 995/853/846 996/854/847 993/851/799
f 868/760/758 867/759/717 871/761/719
f 871/761/719 870/740/760 868/760/758
f 930/803/799 997/739/848 200/194/187
f 200/194/187 997/739/848 931/742/800
f 892/775/774 891/774/773 990/804/843
f 990/804/843 989/849/842 892/775/774
f 991/850/844 894/776/776 893/775/775
f 893/775/775 992/849/845 991/850/844
f 998/855/840 896/778/778 895/777/777
f 895/777/777 999/856/849 998/855/840
f 127/121/117 932/804/801 919/774/773
f 856/748/748 897/779/779 898/780/780
f 898/780/780 857/749/749 856/748/748
f 878/749/763 899/780/780 900/781/781
f 900/781/781 879/765/764 878/749/763
f 901/782/782 902/783/783 1000/857/850
f 1000/857/850 1001/858/727 901/782/782
f 1002/859/733 833/725/726 836/728/729
f 836/728/729 837/729/734 1002/859/733
f 863/755/754 1003/860/805 1004/861/851
f 1004/861/851 864/756/755 863/755/754
f 884/751/766 877/750/762 880/766/726
f 880/766/726 881/767/733 884/751/766
f 937/747/805 936/805/754 259/253/237
f 267/261/245 935/748/804 937/747/805
f 119/113/110 933/745/802 934/779/803
f 942/807/639 947/812/813 943/808/809
f 947/812/813 946/811/812 943/808/809
f 942/807/639 944/809/810 962/827/823
f 959/824/637 961/826/822 1005/862/808
f 964/829/825 966/831/826 1006/863/816
f 950/815/815 952/817/817 971/834/829
f 663/577/595 662/576/577 1007/864/578
f 670/584/602 669/583/601 656/570/589
f 656/570/589 655/569/588 670/584/602
f 656/570/589 669/583/601 1008/865/852
f 1008/865/852 669/583/601 1009/866/551
f 1010/867/853 1011/868/854 1012/869/855
f 1013/869/855 1014/870/856 1015/871/857
f 1016/867/853 1017/869/855 1018/871/857
f 1015/871/857 1019/872/858 1020/873/859
f 1021/873/859 1022/874/860 1023/875/861
f 1024/871/862 1025/873/863 1026/875/864
f 1027/875/861 1028/876/865 1029/877/866
f 1030/877/866 1031/878/867 1032/879/868
f 1033/875/861 1034/877/869 1035/879/868
f 1036/871/870 1037/875/861 1038/879/868
f 1039/867/853 1040/871/862 1041/879/868
f 1042/879/871 1043/880/872 1044/881/873
f 1045/881/874 1046/882/875 1047/883/876
f 1048/879/868 1049/881/877 1050/883/876
f 1051/867/853 1052/879/868 1053/883/876
f 1054/884/878 1055/867/853 1056/883/876
f 1057/885/879 1058/884/878 1059/883/876
f 1060/886/880 1061/887/881 1062/888/882
f 1063/888/882 1064/889/883 1065/886/880
f 1066/890/884 1067/891/885 1068/892/886
f 1069/892/886 1070/893/887 1071/890/884
f 1072/893/888 1073/892/889 1074/894/890
f 1075/894/890 1076/895/891 1077/893/888
f 1078/895/892 1079/894/890 1080/896/893
f 1081/896/893 1082/897/894 1083/895/895
f 1084/897/896 1085/896/897 1086/898/898
f 1087/898/899 1088/899/900 1089/897/896
f 1090/900/900 1091/901/899 1092/902/901
f 1093/902/901 1094/903/902 1095/900/903
f 1096/903/904 1097/902/901 1098/904/905
f 1099/904/905 1100/905/906 1101/903/904
f 1102/905/907 1103/904/908 1104/906/909
f 1105/906/910 1106/907/911 1107/905/907
f 1108/907/911 1109/906/912 1110/908/913
f 1111/908/913 1112/909/914 1113/907/911
f 1114/909/915 1115/908/916 1116/910/917
f 1117/910/917 1118/911/918 1119/909/915
f 1120/912/918 1121/913/917 1122/914/919
f 1123/914/919 1124/915/920 1125/912/918
f 1126/916/921 1127/917/919 1128/918/922
f 1129/918/922 1130/919/922 1131/916/920
f 1132/919/923 1133/918/923 1134/920/924
f 1135/920/924 1136/921/925 1137/919/923
f 1138/921/925 1139/920/924 1140/922/926
f 1141/922/926 1142/923/927 1143/921/925
f 1144/923/928 1145/922/929 1146/924/930
f 1147/924/930 1148/925/931 1149/923/928
f 1150/926/931 1151/927/930 1152/928/932
f 1153/928/932 1154/929/933 1155/926/931
f 1156/930/934 1157/931/935 1158/932/936
f 1159/932/936 1160/933/937 1161/930/934
f 1162/933/937 1163/932/938 1164/934/939
f 1165/934/939 1166/935/940 1167/933/941
f 1168/935/942 1169/934/943 1170/887/881
f 1171/887/944 1172/886/945 1173/935/942
f 1174/936/946 1175/937/947 1176/938/948
f 1177/939/949 1178/940/950 1179/941/951
f 1180/942/952 1181/943/953 1182/944/954
f 1183/939/955 1184/941/956 1185/945/957
f 1186/944/954 1187/946/958 1188/947/959
f 1189/939/960 1190/945/961 1191/937/947
f 1192/939/960 1193/937/962 1194/936/963
f 1195/948/964 1196/949/965 1197/950/966
f 1197/950/966 1198/951/967 1195/948/964
f 1199/951/968 1200/950/966 1201/952/969
f 1202/952/969 1203/953/970 1204/951/968
f 1205/954/971 1206/955/972 1207/956/973
f 1208/956/974 1209/957/975 1210/954/976
f 1211/958/977 1212/947/959 1213/946/958
f 1214/946/958 1215/959/978 1216/958/977
f 1217/959/979 1218/946/958 1219/944/954
f 1220/944/954 1221/960/980 1222/959/979
f 1223/960/980 1224/944/954 1225/943/953
f 1226/943/981 1227/961/982 1228/960/980
f 1229/961/982 1230/943/981 1231/942/983
f 1232/942/952 1233/962/984 1234/961/982
f 1235/962/984 1236/942/952 1237/963/985
f 1238/964/986 1239/965/951 1240/949/987
f 1241/949/965 1242/948/988 1243/964/986
f 1244/966/989 1245/967/990 1246/968/991
f 1247/968/991 1248/969/992 1249/966/989
f 1250/969/992 1251/968/993 1252/970/994
f 1253/970/995 1254/971/996 1255/969/992
f 1256/972/997 1257/971/996 1258/970/995
f 1259/970/995 1260/973/998 1261/972/999
f 1262/974/1000 1263/972/997 1264/973/1001
f 1265/973/1001 1266/975/1002 1267/974/1000
f 1268/974/1000 1269/975/1003 1270/976/1004
f 1271/976/1004 1272/977/1005 1273/974/1000
f 1274/978/1006 1275/979/1007 1276/977/1005
f 1277/977/1005 1278/976/1008 1279/978/1006
f 1280/980/1009 1281/981/1010 1282/982/1011
f 1283/982/1011 1284/983/1012 1285/980/1009
f 1286/981/1010 1287/984/1013 1288/985/1014
f 1289/985/1015 1290/982/1016 1291/981/1017
f 1292/986/1018 1293/987/1019 1294/988/1020
f 1295/988/1021 1296/989/1022 1297/986/1018
f 1298/989/1022 1299/988/1023 1300/990/1024
f 1301/990/1024 1302/991/1025 1303/989/1022
f 1304/991/1025 1305/990/1024 1306/992/1026
f 1307/992/1026 1308/993/1026 1309/991/1025
f 1310/993/1026 1311/992/1027 1312/994/1028
f 1312/994/1028 1313/995/1029 1310/993/1026
f 1314/995/1029 1315/994/1030 1316/996/1031
f 1317/996/1031 1318/997/1032 1319/995/1029
f 1320/998/1033 1321/999/1034 1322/1000/1035
f 1323/1000/1036 1324/1001/1037 1325/998/1033
f 1326/1001/1038 1327/1000/1036 1328/1002/1039
f 1329/1002/1039 1330/1003/1040 1331/1001/1038
f 1332/1003/1041 1333/1002/1039 1334/1004/1042
f 1335/1004/1042 1336/1005/1043 1337/1003/1040
f 1338/1005/1043 1339/1004/1042 1340/1006/1044
f 1341/1006/1045 1342/1007/1046 1343/1005/1043
f 1344/1007/1047 1345/1006/1048 1346/1008/1049
f 1347/1008/1049 1348/1009/1050 1349/1007/1047
f 1350/1010/1051 1351/1011/1052 1352/1012/1053
f 1353/1012/1054 1354/1013/1055 1355/1010/1051
f 1356/1013/1056 1357/1012/1054 1358/1014/1057
f 1359/1014/1058 1360/1015/1059 1361/1013/1056
f 1362/1015/1059 1363/1014/1060 1364/1016/1061
f 1365/1016/1061 1366/1017/1062 1367/1015/1059
f 1368/1017/1062 1369/1016/1061 1370/1018/1063
f 1371/1018/1063 1372/1019/1064 1373/1017/1062
f 1374/1019/1065 1375/1018/1063 1376/1020/1066
f 1377/1020/1066 1378/1021/1067 1379/1019/1065
f 1380/1021/1068 1381/1020/1066 1382/1022/1069
f 1383/1022/1070 1384/1023/1071 1385/1021/1068
f 1386/1023/1071 1387/1022/1069 1388/1024/1072
f 1389/1024/1073 1390/1025/1074 1391/1023/1071
f 1392/1025/1074 1393/1024/1073 1394/987/1019
f 1395/987/1019 1396/986/1018 1397/1025/1074
f 1398/1026/1075 1399/1027/1076 1400/1028/1077
f 1401/1028/1077 1402/1029/1078 1403/1026/1075
f 1404/1029/1079 1405/1028/1077 1406/1030/1080
f 1407/1030/1080 1408/1031/1081 1409/1029/1079
f 1410/1031/1082 1411/1030/1083 1412/1032/1084
f 1413/1032/1084 1414/1033/1085 1410/1031/1082
f 1415/1033/1085 1416/1032/1084 1417/1034/1086
f 1417/1034/1086 1418/1035/1087 1415/1033/1085
f 1419/1035/1087 1420/1034/1088 1421/1036/1089
f 1422/1036/1090 1423/1037/1091 1424/1035/1087
f 1425/1037/1092 1426/1036/1089 1427/1038/1093
f 1428/1038/1093 1429/1039/1094 1430/1037/1095
f 1431/1000/1096 1432/982/1097 1433/985/1098
f 1434/985/1099 1435/1002/1100 1436/1000/1096
f 1437/1002/1101 1438/985/1099 1439/984/1102
f 1440/984/1103 1441/1004/1104 1442/1002/1101
f 1443/1040/1104 1444/1041/1105 1445/1042/1106
f 1446/1042/1106 1447/1043/1107 1448/1040/1104
f 1449/1044/1108 1450/1045/1109 1451/1046/1110
f 1452/1046/1110 1453/1047/1111 1454/1044/1112
f 1455/1047/1113 1456/1046/1114 1457/1048/1115
f 1458/1048/1115 1459/1049/1116 1460/1047/1113
f 1461/1049/1116 1462/1048/1115 1463/1050/1117
f 1463/1050/1117 1464/1051/1118 1461/1049/1116
f 1465/1051/1119 1466/1050/1120 1467/1052/1121
f 1468/1052/1121 1469/1053/1122 1470/1051/1119
f 1471/1053/1123 1472/1052/1121 1473/1054/1124
f 1473/1054/1124 1474/1055/1125 1471/1053/1123
f 1475/1055/1126 1476/1054/1124 1477/1056/1127
f 1478/1056/1127 1479/1057/1128 1480/1055/1126
f 1481/1058/1129 1482/1059/1130 1483/1060/1131
f 1484/1060/1131 1485/1061/1132 1486/1058/1129
f 1487/1062/1132 1488/1063/1131 1489/1064/1133
f 1490/1064/1134 1491/1065/1135 1492/1062/1132
f 1493/1066/1135 1494/1067/1136 1495/1027/1076
f 1496/1027/1076 1497/1026/1075 1498/1066/1135
f 1499/1068/1137 1500/1069/1138 1501/1070/1138
f 1502/1070/1139 1503/1071/1137 1504/1068/1137
f 1505/1072/1140 1506/1073/1141 1507/1074/1142
f 1508/1074/1142 1509/1075/1143 1510/1072/1144
f 1511/1076/1145 1512/1077/1146 1513/1073/1141
f 1514/1073/1141 1515/1072/1140 1516/1076/1145
f 1517/1078/1147 1518/1079/1148 1519/1077/1149
f 1520/1077/1146 1521/1076/1145 1522/1078/1147
f 1523/302/1150 1524/1080/1151 1525/1081/1152
f 1526/1081/1152 1527/304/1153 1528/302/1150
f 1529/411/1154 1530/1082/1155 1531/1083/1156
f 1532/1083/1156 1533/409/1157 1534/411/1154
f 1535/1075/1143 1536/1074/1142 1537/1084/1158
f 1538/1085/1159 1539/1086/1159 1540/1087/1159
f 1541/1088/300 1542/1089/288 1543/1090/1160
f 1544/1090/1161 1545/1091/1162 1546/1088/1163
f 1547/1089/288 1548/1092/1164 1549/1093/372
f 1550/1093/372 1551/1090/1160 1552/1089/1165
f 1553/1094/1166 1554/1095/386 1555/1093/1167
f 1556/1093/372 1557/1092/1168 1558/1094/1169
f 1559/1096/295 1560/1097/1170 1561/1095/1171
f 1562/1095/386 1563/1094/1172 1564/1096/295
f 1565/1096/295 1566/1098/299 1567/1099/400
f 1568/1099/400 1569/1097/1173 1570/1096/1174
f 1571/1098/1175 1572/1100/1153 1573/1101/1176
f 1574/1101/1154 1575/1099/400 1576/1098/1177
f 1577/1088/300 1578/1091/1162 1579/1102/1178
f 1580/1102/1178 1581/1103/1179 1582/1088/300
f 1583/1104/1180 1584/1105/410 1585/1106/1181
f 1586/1106/1182 1587/1107/1183 1588/1104/411
f 1589/1108/1184 1590/1109/1185 1591/1110/1186
f 1592/1110/1187 1593/1111/1187 1594/1108/1188
f 1595/1105/410 1596/1112/1189 1597/1113/1190
f 1598/1113/1191 1599/1106/1181 1600/1105/410
f 1601/1112/406 1602/1114/404 1603/1115/1192
f 1604/1115/1193 1605/1113/1194 1606/1112/406
f 1607/1116/403 1608/1117/1195 1609/1118/1196
f 1610/1115/1197 1611/1114/1198 1612/1119/403
f 1613/1120/1199 1614/1121/403 1615/1122/1200
f 1616/405/1200 1617/1123/1201 1618/1124/1199
f 1619/404/1202 1620/1125/1203 1621/1126/1204
f 1622/1126/1205 1623/405/1200 1624/404/1202
f 1625/1127/1206 1626/1128/1207 1627/1129/1208
f 1628/1129/1209 1629/1130/1210 1630/1127/1206
f 1631/1131/1211 1632/1083/1212 1633/1132/1213
f 1633/1132/1213 1634/1133/1214 1631/1131/1211
f 1635/1134/1215 1636/1125/1216 1637/1131/1217
f 1637/1131/1217 1634/1133/1214 1635/1134/1215
f 1638/1082/1218 1639/1081/1219 1640/1135/1220
f 1640/1135/1220 1641/1136/1221 1638/1082/1218
f 1642/1128/1207 1643/1068/1137 1644/1071/1137
f 1645/1071/1222 1646/1129/1209 1647/1128/1207
f 1648/1137/1223 1649/1127/1206 1650/1130/1224
f 1651/1130/1224 1652/1138/1223 1653/1137/1223
f 1654/1139/1225 1655/1140/1226 1656/1141/1227
f 1657/1142/1227 1658/1143/1228 1659/1144/1229
f 1660/1142/1230 1661/1144/1229 1662/1145/1231
f 1663/1146/1225 1664/1142/1230 1665/1145/1231
f 1666/1147/1232 1667/1146/1225 1668/1145/1231
f 1669/1148/1233 1670/1149/1234 1671/1150/1235
f 1672/1150/1235 1673/1151/1236 1674/1148/1233
f 1675/1152/1237 1676/1126/1238 1677/1153/1239
f 1678/1153/1239 1679/1154/1240 1680/1152/1241
f 1681/1150/1235 1682/1155/1242 1683/1156/1243
f 1684/1156/1244 1685/1157/1245 1686/1158/1246
f 1687/1150/1247 1688/1156/1248 1689/1158/1249
f 1690/1150/1247 1691/1158/1246 1692/1159/1250
f 1693/1151/1251 1694/1150/1247 1695/1159/1250
f 1696/1160/1252 1697/1161/1253 1698/1079/1148
f 1699/1079/1148 1700/1078/1147 1701/1160/1254
f 1702/1162/1255 1703/1163/1256 1704/1161/1257
f 1705/1161/1258 1706/1160/1259 1707/1162/1260
f 1708/1164/1261 1709/1080/1262 1710/1165/1263
f 1711/1166/1264 1712/1135/1220 1713/1081/1265
f 1713/1081/1265 1714/1080/1266 1711/1166/1264
f 1641/1136/1221 1715/1132/1213 1632/1083/1212
f 1632/1083/1212 1716/1082/1267 1641/1136/1221
f 1717/1125/1268 1718/1134/1269 1719/1153/1239
f 1719/1153/1239 1676/1126/1238 1717/1125/1268
f 1720/1131/1270 1721/407/1271 1722/409/1157
f 1533/409/1157 1532/1083/1156 1723/1131/1270
f 1620/1125/1203 1619/404/1202 1724/407/1271
f 1721/407/1271 1720/1131/1270 1725/1125/1216
f 1726/411/1154 1527/304/1153 1526/1081/1152
f 1727/1081/1152 1530/1082/1155 1529/411/1154
f 1728/1164/1261 1729/1167/1272 1730/1166/1264
f 1731/1166/1264 1714/1080/1273 1732/1164/1261
f 1733/1152/1237 1734/1123/1274 1735/1126/1238
f 1736/1123/1275 1623/405/1200 1622/1126/1205
f 1737/302/1150 1738/1168/1276 1739/1169/1277
f 1740/1169/1278 1741/1170/1279 1742/1171/1280
f 1743/302/1150 1744/1169/1281 1745/1171/1282
f 1524/1080/1151 1523/302/1150 1746/1171/1283
f 1747/1080/1262 1748/1171/1283 1749/1165/1263
f 1750/1172/1284 1751/1173/1285 1752/1174/1286
f 1752/1174/1286 1753/1175/1287 1750/1172/1284
f 1754/1173/1285 1755/1176/1288 1756/1177/1289
f 1756/1177/1289 1757/1174/1290 1754/1173/1285
f 1758/1176/1288 1759/1178/1291 1760/1179/1291
f 1761/1179/1291 1762/1177/1289 1763/1176/1288
s 0
f 1764/1180/1292 1765/1181/1292 1766/1182/1292
f 1766/1182/1292 1767/1183/1292 1764/1180/1292
s 1
f 1768/1184/1293 1769/1185/1294 1770/1186/1295
f 1770/1186/1295 1771/1187/1293 1768/1184/1293
f 1772/1185/1294 1773/1103/265 1774/1188/1296
f 1774/1188/1296 1775/1186/1295 1772/1185/1294
f 1776/1103/1179 1777/1102/1178 1778/1189/1297
f 1778/1189/1297 1779/1188/1298 1776/1103/1179
f 1780/1102/1178 1781/1190/1299 1782/1191/1300
f 1783/1191/1301 1784/1189/1297 1785/1102/1302
f 1786/1190/1303 1787/1104/1304 1788/1192/1305
f 1789/1192/1305 1790/1191/1300 1791/1190/1303
f 1792/1104/1180 1793/1107/1306 1794/1193/1307
f 1794/1193/1307 1795/1192/1305 1792/1104/1180
f 1796/1194/1308 1797/1195/1309 1798/1196/1310
f 1799/1196/1310 1800/1197/1311 1801/1194/1312
f 1802/1195/1309 1803/1172/1284 1804/1175/1313
f 1804/1175/1313 1805/1196/1310 1802/1195/1309
s 0
f 1806/1198/1314 1807/1199/1314 1808/1200/1314
s 1
f 1808/1200/1314 1809/1201/1314 1806/1198/1314
s 0
f 1810/1202/1315 1811/1203/1315 1812/1204/1315
f 1812/1204/1315 1813/1205/1315 1810/1202/1315
s 1
f 1814/1206/1316 1815/1207/1317 1816/1208/1318
f 1816/1208/1318 1817/1209/1319 1814/1206/1316
s 0
f 1818/1210/1320 1819/1211/1320 1820/1212/1320
f 1820/1212/1320 1821/1213/1320 1818/1210/1320
s 1
f 1822/1214/1321 1823/1215/1322 1824/1216/1323
f 1824/1216/1323 1825/1217/1324 1822/1214/1321
s 0
f 1826/1218/1325 1827/1219/1325 1828/1220/1325
f 1828/1220/1325 1829/1221/1325 1826/1218/1325
f 1830/1222/1326 1831/1223/1326 1832/1224/1326
f 1832/1224/1326 1833/1225/1326 1830/1222/1326
f 1834/1226/633 1835/1227/633 1836/1228/633
f 1836/1228/633 1837/1229/633 1834/1226/633
f 1838/1230/1327 1839/1231/1327 1840/1232/1327
f 1840/1232/1327 1841/1233/1327 1838/1230/1327
f 1842/1234/1328 1843/1235/1328 1844/1236/1328
f 1844/1236/1328 1845/1237/1328 1842/1234/1328
s 1
f 1846/2/1329 1847/1/1330 1848/3/1331
f 1849/4/1332 1848/3/1331 1847/1/1330
f 1850/6/1333 1851/5/1334 1852/7/1335
f 1853/9/1336 1854/8/1337 1851/5/1334
f 1852/7/1335 1851/5/1334 1854/8/1337
f 1853/9/1336 1855/10/1338 1854/8/1337
f 1856/12/1339 1857/11/1340 1858/13/1341
f 1859/14/1342 1858/13/1341 1857/11/1340
f 1860/15/1343 1848/3/1331 1861/16/1344
f 1849/4/1332 1861/16/1344 1848/3/1331
f 1859/14/1342 1860/15/1343 1858/13/1341
f 1861/16/1344 1858/13/1341 1860/15/1343
f 1862/18/1345 1863/17/1346 1864/19/1336
f 1855/10/1338 1853/9/1336 1865/20/1346
f 1866/22/1347 1867/21/1348 1868/23/1349
f 1869/24/1350 1868/23/1349 1870/25/1351
f 1871/26/1352 1869/24/1350 1872/27/1353
f 1870/25/1351 1872/27/1353 1869/24/1350
f 1873/29/1354 1874/28/1355 1875/30/1356
f 1872/27/1353 1876/31/1357 1871/26/1352
f 1877/32/1358 1873/29/1354 1878/33/1359
f 1875/30/1356 1878/33/1359 1873/29/1354
f 1868/23/1349 1867/21/1348 1870/25/1351
f 1873/29/1354 1879/34/1360 1874/28/1355
f 1850/6/1333 1880/35/1361 1851/5/1334
f 1881/36/1362 1851/5/1334 1880/35/1361
f 1880/35/1361 1847/1/1330 1881/36/1362
f 1846/2/1329 1881/36/1362 1847/1/1330
f 1882/37/1363 1863/17/1346 1862/18/1345
f 1883/39/1364 1884/38/1365 1885/40/1366
f 1883/39/1364 1885/40/1366 1886/41/1367
f 1887/43/1368 1888/42/1369 1889/44/1370
f 1890/45/1371 1889/44/1370 1888/42/1369
f 1891/46/1372 1889/44/1370 1892/47/1373
f 1890/45/1371 1892/47/1373 1889/44/1370
f 1893/49/1374 1894/48/1375 1879/34/1360
f 1879/34/1360 1873/29/1354 1893/49/1374
f 1877/32/1358 1893/49/1374 1873/29/1354
f 1895/51/1376 1896/50/1377 1897/52/1378
f 1898/53/1379 1899/50/1380 1900/54/1381
f 1901/51/1376 1900/54/1381 1899/50/1380
f 1900/54/1381 1901/51/1376 1893/49/1374
f 1894/48/1375 1893/49/1374 1901/51/1376
f 1902/55/1382 1891/46/1372 1892/47/1373
f 1903/56/1383 1891/46/1372 1902/55/1382
f 1903/56/1383 1902/55/1382 1904/57/1384
f 1905/58/1385 1891/46/1372 1906/59/1386
f 1903/56/1383 1906/59/1386 1891/46/1372
f 1898/53/1379 1907/60/1387 1899/50/1380
f 1896/50/1377 1908/60/1388 1909/61/1389
f 1896/50/1377 1909/61/1389 1897/52/1378
f 1910/62/1390 1897/52/1378 1909/61/1389
f 1887/43/1368 1867/21/1348 1888/42/1369
f 1866/22/1347 1888/42/1369 1867/21/1348
f 1911/63/1391 1912/11/1392 1913/64/1393
f 1856/12/1339 1914/65/1394 1857/11/1340
f 1915/64/1388 1857/11/1340 1914/65/1394
f 1915/64/1388 1914/65/1394 1916/66/1395
f 1917/67/1396 1916/66/1395 1914/65/1394
f 1883/39/1364 1886/41/1367 1918/68/1397
f 1914/65/1394 1919/69/1398 1917/67/1396
f 1918/68/1397 1920/70/1399 1921/71/1390
f 1922/72/1400 1923/9/1336 1924/73/1401
f 1925/75/1402 1926/74/1403 1927/76/1404
f 1923/9/1336 1926/74/1403 1924/73/1401
f 1928/77/1405 1924/73/1401 1926/74/1403
f 1925/75/1402 1928/77/1405 1926/74/1403
f 1929/78/1406 1923/9/1336 1922/72/1400
f 1930/80/1407 1931/79/1408 1932/81/1409
f 1933/83/1403 1934/82/1410 1935/84/1411
f 1936/86/1412 1937/85/1413 1938/87/1414
f 1939/89/1415 1940/88/1416 1941/90/1417
f 1942/92/1418 1943/91/1419 1944/93/1420
f 1945/94/1421 1944/93/1420 1943/91/1419
f 1946/96/1422 1947/95/1423 1948/97/1424
f 1949/98/1425 1945/94/1421 1950/99/1426
f 1951/101/1427 1952/100/1428 1953/102/1429
f 1954/103/1430 1953/102/1429 1952/100/1428
f 1952/100/1428 1934/82/1410 1954/103/1430
f 1933/83/1403 1954/103/1430 1934/82/1410
f 1955/105/1431 1956/104/1432 1942/92/1418
f 1943/91/1419 1942/92/1418 1956/104/1432
f 1957/107/1432 1958/106/1433 1946/96/1422
f 1947/95/1423 1946/96/1422 1958/106/1433
f 1959/109/1434 1960/108/1435 1951/101/1427
f 1952/100/1428 1951/101/1427 1960/108/1435
f 1960/108/1435 1961/110/1436 1952/100/1428
f 1934/82/1410 1952/100/1428 1961/110/1436
f 1962/112/1437 1963/111/1438 1964/113/1439
f 1955/105/1431 1964/113/1439 1963/111/1438
f 1963/111/1438 1965/114/1440 1955/105/1431
f 1956/104/1432 1955/105/1431 1965/114/1440
f 1966/116/1441 1967/115/1442 1957/107/1432
f 1958/106/1433 1957/107/1432 1967/115/1442
f 1968/118/1442 1969/117/1443 1959/109/1434
f 1960/108/1435 1959/109/1434 1969/117/1443
f 1969/117/1443 1970/119/1444 1960/108/1435
f 1961/110/1436 1960/108/1435 1970/119/1444
f 1971/121/1445 1972/120/1446 1962/112/1437
f 1963/111/1438 1962/112/1437 1972/120/1446
f 1972/120/1446 1973/122/1447 1963/111/1438
f 1965/114/1440 1963/111/1438 1973/122/1447
f 1973/122/1447 1974/123/1448 1965/114/1440
f 1967/115/1442 1966/116/1441 1975/124/1448
f 1976/126/1449 1977/125/1450 1968/118/1442
f 1969/117/1443 1968/118/1442 1977/125/1450
f 1977/125/1450 1978/127/1451 1969/117/1443
f 1970/119/1444 1969/117/1443 1978/127/1451
f 1978/127/1451 1979/128/1452 1970/119/1444
f 1980/129/1453 1970/119/1444 1979/128/1452
f 1981/131/1454 1982/130/1455 1971/121/1445
f 1972/120/1446 1971/121/1445 1982/130/1455
f 1982/130/1455 1983/132/1456 1972/120/1446
f 1973/122/1447 1972/120/1446 1983/132/1456
f 1984/134/1457 1985/133/1458 1986/135/1459
f 1974/123/1448 1973/122/1447 1987/136/1460
f 1988/138/1460 1989/137/1461 1976/126/1449
f 1977/125/1450 1976/126/1449 1989/137/1461
f 1989/137/1461 1990/139/134 1977/125/1450
f 1978/127/1451 1977/125/1450 1990/139/134
f 1990/139/134 1991/140/1462 1978/127/1451
f 1979/128/1452 1978/127/1451 1991/140/1462
f 1991/140/1462 1992/141/1463 1979/128/1452
f 1993/142/1464 1979/128/1452 1992/141/1463
f 1994/144/1465 1995/143/1466 1981/131/1454
f 1982/130/1455 1981/131/1454 1995/143/1466
f 1995/143/1466 1996/145/1467 1982/130/1455
f 1983/132/1456 1982/130/1455 1996/145/1467
f 1997/147/1468 1998/146/1469 1984/134/1457
f 1985/133/1458 1984/134/1457 1998/146/1469
f 1999/149/1469 2000/148/1470 1988/138/1460
f 1989/137/1461 1988/138/1460 2000/148/1470
f 2000/148/1470 2001/150/1471 1989/137/1461
f 1990/139/134 1989/137/1461 2001/150/1471
f 2001/150/1471 2002/151/1472 1990/139/134
f 1991/140/1462 1990/139/134 2002/151/1472
f 2002/151/1472 2003/152/1473 1991/140/1462
f 1992/141/1463 1991/140/1462 2003/152/1473
f 2003/152/1473 2004/153/1474 1992/141/1463
f 2005/154/1475 1992/141/1463 2004/153/1474
f 2006/156/1476 2007/155/1477 1994/144/1465
f 1995/143/1466 1994/144/1465 2007/155/1477
f 2007/155/1477 2008/157/1478 1995/143/1466
f 1996/145/1467 1995/143/1466 2008/157/1478
f 2009/159/1479 2010/158/1480 1997/147/1468
f 1998/146/1469 1997/147/1468 2010/158/1480
f 2011/161/1481 2012/160/1482 1999/149/1469
f 2000/148/1470 1999/149/1469 2012/160/1482
f 2012/160/1482 2013/162/1483 2000/148/1470
f 2001/150/1471 2000/148/1470 2013/162/1483
f 2013/162/1483 2014/163/1484 2001/150/1471
f 2002/151/1472 2001/150/1471 2014/163/1484
f 2014/163/1484 2015/164/1485 2002/151/1472
f 2003/152/1473 2002/151/1472 2015/164/1485
f 2016/166/1486 2017/165/1487 2018/167/1488
f 2004/153/1474 2003/152/1473 2019/168/1489
f 2020/169/1490 2004/153/1474 2019/168/1489
f 2021/171/1491 2022/170/1490 2017/165/1487
f 2020/169/1490 2023/172/1492 2004/153/1474
f 2024/173/1493 2004/153/1474 2023/172/1492
f 2023/172/1492 2020/169/1490 2025/174/1494
f 2026/176/1495 2027/175/1496 2028/177/1497
f 2029/178/1498 2028/177/1497 2027/175/1496
f 2030/180/1499 2031/179/1500 2028/177/1497
f 2032/182/1501 2033/181/1502 2034/183/1503
f 2035/184/1504 2034/183/1503 2033/181/1502
f 2032/182/1501 2036/185/1505 2033/181/1502
f 2037/186/1506 2006/156/1476 2038/187/1507
f 2038/187/1507 2006/156/1476 1994/144/1465
f 2038/187/1507 1994/144/1465 2039/188/1508
f 1964/113/1439 1942/92/1418 2040/189/1509
f 1944/93/1420 2040/189/1509 1942/92/1418
f 1964/113/1439 1955/105/1431 1942/92/1418
f 2041/191/1510 2042/190/1511 2043/192/1512
f 2044/193/1513 2043/192/1512 2042/190/1511
f 1938/87/1414 2039/188/1508 1936/86/1412
f 2045/194/1514 1936/86/1412 2039/188/1508
f 2046/195/1515 1938/87/1414 2047/196/1516
f 1937/85/1413 2047/196/1516 1938/87/1414
f 2048/197/1517 2038/187/1507 2039/188/1508
f 2048/197/1517 2039/188/1508 2046/195/1515
f 1938/87/1414 2046/195/1515 2039/188/1508
f 2049/199/1518 2050/198/1519 2051/200/1520
f 2052/201/1521 2051/200/1520 2050/198/1519
f 2053/203/1522 2054/202/1523 2055/204/1524
f 2056/205/1503 2055/204/1524 2054/202/1523
f 2053/203/1522 2057/206/1525 2054/202/1523
f 2058/207/1526 2054/202/1523 2057/206/1525
f 2052/201/1521 2059/208/1526 2051/200/1520
f 2060/209/1527 2051/200/1520 2059/208/1526
f 2041/191/1510 2061/210/1528 2042/190/1511
f 2049/199/1518 2042/190/1511 2061/210/1528
f 2037/186/1506 2038/187/1507 2062/211/1529
f 1961/110/1436 1970/119/1444 1980/129/1453
f 1993/142/1464 1980/129/1453 1979/128/1452
f 1992/141/1463 2005/154/1475 1993/142/1464
f 2005/154/1475 2004/153/1474 2063/212/1530
f 2021/171/1491 2017/165/1487 2064/213/1499
f 2021/171/1491 2064/213/1499 2065/214/1497
f 2066/216/1531 2067/215/1505 2026/176/1495
f 2031/179/1500 2026/176/1495 2028/177/1497
f 2068/218/1532 2069/217/1415 2070/219/1533
f 1941/90/1417 2059/208/1526 1939/89/1415
f 2071/221/1534 2072/220/1535 2073/222/1536
f 2074/224/1537 2075/223/1536 2076/225/1538
f 2077/227/1539 2078/226/1540 2079/228/1516
f 2075/223/1536 2080/229/1516 2081/230/1540
f 2049/199/1518 2051/200/1520 2042/190/1511
f 2082/231/1541 2042/190/1511 2051/200/1520
f 2082/231/1541 2051/200/1520 2060/209/1527
f 2044/193/1513 2042/190/1511 2083/232/1542
f 2082/231/1541 2083/232/1542 2042/190/1511
f 2062/211/1529 2038/187/1507 2084/233/1543
f 2059/208/1526 1941/90/1417 2060/209/1527
f 2085/234/1544 2076/225/1538 2086/235/1529
f 2076/225/1538 2085/234/1544 2074/224/1537
f 2038/187/1507 2048/197/1517 2084/233/1543
f 2087/236/1545 2025/174/1494 2088/237/1491
f 2020/169/1490 2088/237/1491 2025/174/1494
f 2089/239/1546 2090/238/1547 2049/199/1518
f 2050/198/1519 2049/199/1518 2090/238/1547
f 2067/215/1505 2090/238/1547 2089/239/1546
f 2026/176/1495 2089/239/1546 2061/210/1528
f 2049/199/1518 2061/210/1528 2089/239/1546
f 2091/241/1545 2092/240/1491 2028/177/1497
f 2091/241/1545 2028/177/1497 2029/178/1498
f 2039/188/1508 1994/144/1465 2045/194/1514
f 1981/131/1454 2045/194/1514 1994/144/1465
f 2093/242/226 2061/210/1528 2094/243/227
f 2041/191/1510 2094/243/227 2061/210/1528
f 2094/243/227 2041/191/1510 2095/244/1548
f 2043/192/1512 2095/244/1548 2041/191/1510
f 2026/176/1495 2061/210/1528 2027/175/1496
f 2093/242/226 2027/175/1496 2061/210/1528
f 1953/102/1429 1954/103/1430 2096/245/1549
f 1933/83/1403 2097/246/1550 1954/103/1430
f 2096/245/1549 1954/103/1430 2097/246/1550
f 2098/248/1551 2099/247/1552 2100/249/1553
f 2101/250/1554 2100/249/1553 2099/247/1552
f 1945/94/1421 2102/251/1555 1944/93/1420
f 2103/252/1556 1944/93/1420 2102/251/1555
f 2104/254/1557 2105/253/1558 2106/255/1559
f 2107/256/1560 2106/255/1559 2105/253/1558
f 2108/257/1561 2104/254/1557 2109/258/1562
f 2110/259/1563 2109/258/1562 2104/254/1557
f 2110/259/1563 2104/254/1557 2106/255/1559
f 2111/261/1564 2112/260/1565 2105/253/1558
f 2107/256/1560 2105/253/1558 2112/260/1565
f 2040/189/1509 2113/262/1566 2111/261/1564
f 2112/260/1565 2111/261/1564 2113/262/1566
f 2103/252/1556 2113/262/1566 1944/93/1420
f 2040/189/1509 1944/93/1420 2113/262/1566
f 2097/246/1550 2098/248/1551 2096/245/1549
f 2100/249/1553 2096/245/1549 2098/248/1551
f 2114/263/1567 1923/9/1336 2115/264/1568
f 2116/265/1569 1923/9/1336 2114/263/1567
f 2117/266/1570 1923/9/1336 2116/265/1569
f 1926/74/1403 1923/9/1336 2117/266/1570
f 1926/74/1403 2117/266/1570 2118/267/1571
f 1926/74/1403 2118/267/1571 2119/268/1572
f 1926/74/1403 2119/268/1572 2120/269/1550
f 2121/270/1573 2120/269/1550 2119/268/1572
f 2120/269/1550 2121/270/1573 2122/271/1574
f 2123/272/1575 2122/271/1574 2121/270/1573
f 2124/273/1576 2125/5/1334 2126/274/1577
f 2127/275/1578 2126/274/1577 2125/5/1334
f 2127/275/1578 2125/5/1334 2128/276/1579
f 2129/277/1552 2128/276/1579 2125/5/1334
f 2130/278/1580 2128/276/1579 2129/277/1552
f 2130/278/1580 2129/277/1552 2131/279/1581
f 2132/280/1582 2131/279/1581 2129/277/1552
f 2132/280/1582 2129/277/1552 2122/271/1574
f 2132/280/1582 2122/271/1574 2123/272/1575
f 2133/281/1583 1949/98/1425 2134/282/1584
f 2096/245/1549 2100/249/1553 1953/102/1429
f 2101/250/1554 2135/283/1583 2100/249/1553
f 1945/94/1421 1949/98/1425 2102/251/1555
f 2133/281/1583 2102/251/1555 1949/98/1425
f 2136/285/1585 2137/284/264 2138/286/1586
f 2139/287/267 2138/286/1586 2137/284/264
f 2138/286/1586 2139/287/267 2140/288/268
f 2141/289/269 2140/288/268 2139/287/267
f 2142/291/271 2143/290/270 2144/292/272
f 2145/293/273 2144/292/272 2143/290/270
f 2144/292/272 2145/293/273 2146/294/274
f 2147/295/275 2146/294/274 2145/293/273
f 2148/297/277 2149/296/276 2150/298/278
f 2151/299/279 2150/298/278 2149/296/276
f 2151/299/279 2152/300/280 2150/298/278
f 2153/301/281 2150/298/278 2152/300/280
f 2154/302/1587 2153/301/281 2155/303/283
f 2152/300/280 2155/303/283 2153/301/281
f 1923/9/1336 2125/5/1334 2115/264/1568
f 2124/273/1576 2115/264/1568 2125/5/1334
f 2156/305/285 2157/304/1588 2155/303/283
f 2154/302/1587 2155/303/283 2157/304/1588
f 2158/307/287 2159/306/286 2160/308/1589
f 2161/309/1590 2160/308/1589 2159/306/286
f 2162/310/290 2158/307/287 2163/311/1591
f 2160/308/1589 2163/311/1591 2158/307/287
f 2164/312/292 2162/310/290 2165/313/1592
f 2163/311/1591 2165/313/1592 2162/310/290
f 2166/314/294 2164/312/292 2167/315/1593
f 2165/313/1592 2167/315/1593 2164/312/292
f 2168/316/296 2166/314/294 2169/317/1594
f 2167/315/1593 2169/317/1594 2166/314/294
f 2156/305/285 2170/318/298 2157/304/1588
f 2171/319/1594 2157/304/1588 2170/318/298
f 2136/285/1585 2172/320/1590 2137/284/264
f 2173/321/1595 2137/284/264 2172/320/1590
f 2174/322/1596 2175/14/1597 2176/323/1598
f 2177/15/1343 2175/14/1597 2178/324/1599
f 2174/322/1596 2178/324/1599 2175/14/1597
f 2125/5/1334 2179/325/1600 2129/277/1552
f 2180/327/1601 2181/326/1602 2182/63/1603
f 2183/328/1604 2180/327/1601 2182/63/1603
f 2184/330/1605 2185/329/1606 2129/277/1552
f 2186/331/1607 2184/330/1605 2129/277/1552
f 2187/332/1608 2186/331/1607 2129/277/1552
f 2188/333/1609 2179/325/1600 2125/5/1334
f 2189/334/1610 2188/333/1609 2125/5/1334
f 2190/335/1611 2189/334/1610 2125/5/1334
f 2191/3/1331 2192/336/1612 2193/2/1329
f 2194/337/1613 2193/2/1329 2192/336/1612
f 2190/335/1611 2125/5/1334 2195/338/1614
f 2196/36/1362 2195/338/1614 2125/5/1334
f 2195/338/1614 2196/36/1362 2194/337/1613
f 2193/2/1329 2194/337/1613 2196/36/1362
f 2178/324/1599 2192/336/1612 2177/15/1343
f 2191/3/1331 2177/15/1343 2192/336/1612
f 2197/339/1615 2176/323/1598 2198/11/1392
f 2175/14/1597 2198/11/1392 2176/323/1598
f 2107/256/1560 2112/260/1565 2199/340/1616
f 2200/341/1617 2199/340/1616 2112/260/1565
f 2106/255/1559 2107/256/1560 2201/342/1618
f 2199/340/1616 2201/342/1618 2107/256/1560
f 2110/259/1563 2106/255/1559 2201/342/1618
f 2110/259/1563 2201/342/1618 2202/343/1619
f 2110/259/1563 2202/343/1619 2109/258/1562
f 2200/341/1617 2112/260/1565 2203/344/1620
f 2113/262/1566 2203/344/1620 2112/260/1565
f 2102/251/1555 2133/281/1583 2204/345/1621
f 2205/346/1622 2204/345/1621 2133/281/1583
f 2185/329/1606 2183/328/1604 2182/63/1603
f 2185/329/1606 2182/63/1603 2129/277/1552
f 2101/250/1554 2099/247/1552 2206/347/1623
f 2207/348/1624 2206/347/1623 2099/247/1552
f 2135/283/1583 2101/250/1554 2208/349/1625
f 2209/350/1623 2205/346/1626 2210/351/1627
f 2129/277/1552 2179/325/1600 2187/332/1608
f 2211/352/1628 2203/344/1629 2212/353/1630
f 2212/353/1630 2213/354/1631 2211/352/1628
f 2214/355/1632 2211/352/1628 2213/354/1631
f 2213/354/1631 2215/356/1633 2214/355/1632
f 2216/357/1634 2214/355/1632 2215/356/1633
f 2217/359/1630 2218/358/1620 2219/360/1635
f 2220/362/1635 2221/361/1636 2222/363/1637
f 2223/364/1638 2222/363/1637 2221/361/1636
f 2221/361/1636 2224/365/1639 2223/364/1638
f 2225/366/1640 2223/364/1638 2224/365/1639
f 2226/367/1641 2203/344/1629 2211/352/1628
f 2214/355/1632 2216/357/1634 2227/368/1642
f 2228/369/1643 2227/368/1642 2216/357/1634
f 2211/352/1628 2214/355/1632 2226/367/1641
f 2227/368/1642 2226/367/1641 2214/355/1632
f 2229/371/1644 2230/370/1645 2231/372/1646
f 2232/373/1647 2231/372/1646 2230/370/1645
f 2231/372/1646 2232/373/1647 2233/374/1648
f 2234/375/1649 2233/374/1648 2232/373/1647
f 2235/376/1650 2234/375/1649 2232/373/1647
f 2236/377/1651 2234/375/1649 2235/376/1650
f 2230/370/1645 2237/378/1652 2238/379/1653
f 2234/375/1649 2227/368/1642 2233/374/1648
f 2228/369/1643 2233/374/1648 2227/368/1642
f 2229/371/1644 2239/380/1654 2237/378/1652
f 2229/371/1644 2237/378/1652 2230/370/1645
f 2230/370/1645 2240/381/1655 2241/382/1656
f 2232/373/1647 2230/370/1645 2235/376/1650
f 2242/383/1657 2235/376/1650 2230/370/1645
f 2241/382/1656 2242/383/1657 2230/370/1645
f 2226/367/1641 2227/368/1642 2236/377/1651
f 2234/375/1649 2236/377/1651 2227/368/1642
f 2243/384/1658 2204/345/1621 2244/385/1659
f 2102/251/1555 2204/345/1621 2243/384/1658
f 2245/252/1556 2102/251/1555 2243/384/1658
f 2246/344/1629 2247/367/1641 2248/341/1660
f 2249/377/1661 2248/341/1660 2247/367/1641
f 2248/341/1660 2249/377/1661 2250/340/1662
f 2251/376/1663 2250/340/1662 2249/377/1661
f 2250/340/1662 2251/376/1663 2252/342/1664
f 2253/383/1657 2252/342/1664 2251/376/1663
f 2254/343/1619 2252/342/1664 2253/383/1657
f 2255/11/1392 2256/63/1665 2257/339/1615
f 2258/326/1602 2259/339/1615 2260/63/1665
f 2261/387/373 2262/386/1666 2263/388/374
f 2264/389/1667 2263/388/374 2262/386/1666
f 2263/388/374 2264/389/1667 2265/390/376
f 2266/391/1668 2265/390/376 2264/389/1667
f 2267/393/378 2268/392/1669 2269/394/379
f 2270/395/1670 2269/394/379 2268/392/1669
f 2269/394/379 2270/395/1670 2271/396/381
f 2272/397/1671 2271/396/381 2270/395/1670
f 2273/399/384 2274/398/1672 2275/400/385
f 2276/401/1673 2275/400/385 2274/398/1672
f 2275/400/385 2276/401/1673 2261/387/373
f 2262/386/1666 2261/387/373 2276/401/1673
f 2277/403/388 2278/402/387 2279/404/1674
f 2280/405/1675 2279/404/1674 2278/402/387
f 2281/406/391 2277/403/388 2282/407/1676
f 2279/404/1674 2282/407/1676 2277/403/388
f 2283/408/393 2281/406/391 2284/409/1677
f 2282/407/1676 2284/409/1677 2281/406/391
f 2285/410/395 2283/408/393 2286/411/1678
f 2284/409/1677 2286/411/1678 2283/408/393
f 2287/412/397 2285/410/395 2288/413/1679
f 2286/411/1678 2288/413/1679 2285/410/395
f 2273/399/384 2289/414/399 2274/398/1672
f 2290/415/1680 2274/398/1672 2289/414/399
f 2291/416/1681 2280/405/1675 2292/417/402
f 2278/402/387 2292/417/402 2280/405/1675
f 2293/419/1682 2294/418/1681 2295/420/1683
f 2296/421/402 2295/420/1683 2294/418/1681
f 2297/422/1684 2293/419/1682 2298/423/407
f 2295/420/1683 2298/423/407 2293/419/1682
f 2299/424/1685 2297/422/1684 2300/425/409
f 2298/423/407 2300/425/409 2297/422/1684
f 2301/427/1686 2302/426/1687 2303/428/412
f 2304/429/413 2303/428/412 2302/426/1687
f 2272/397/1671 2301/427/1686 2271/396/381
f 2303/428/412 2271/396/381 2301/427/1686
f 2204/345/1621 2305/430/1688 2244/385/1659
f 2306/431/1689 2244/385/1659 2305/430/1688
f 2305/430/1688 2307/432/1690 2306/431/1689
f 2308/433/1691 2306/431/1689 2307/432/1690
f 2307/432/1690 2309/434/1692 2308/433/1691
f 2310/435/1693 2308/433/1691 2309/434/1692
f 2309/434/1692 2311/436/1694 2310/435/1693
f 2312/437/1695 2310/435/1693 2311/436/1694
f 2311/436/1694 2313/438/1696 2312/437/1695
f 2314/439/1697 2312/437/1695 2313/438/1696
f 2205/346/1622 2315/440/1698 2204/345/1621
f 2305/430/1688 2204/345/1621 2315/440/1698
f 2315/440/1698 2316/441/1699 2305/430/1688
f 2307/432/1690 2305/430/1688 2316/441/1699
f 2316/441/1699 2317/442/1700 2307/432/1690
f 2309/434/1692 2307/432/1690 2317/442/1700
f 2317/442/1700 2318/443/1701 2309/434/1692
f 2311/436/1694 2309/434/1692 2318/443/1701
f 2318/443/1701 2319/444/1702 2311/436/1694
f 2313/438/1696 2311/436/1694 2319/444/1702
f 2313/438/1696 2319/444/1702 2320/445/1703
f 2321/447/1704 2322/446/1705 2316/441/1699
f 2317/442/1700 2316/441/1699 2322/446/1705
f 2322/446/1705 2323/448/1706 2317/442/1700
f 2318/443/1701 2317/442/1700 2323/448/1706
f 2323/448/1706 2324/449/1707 2318/443/1701
f 2319/444/1702 2318/443/1701 2324/449/1707
f 2324/449/1707 2325/450/1708 2319/444/1702
f 2320/445/1703 2319/444/1702 2325/450/1708
f 2326/348/1709 1908/60/1710 2327/347/1623
f 2328/451/1711 2327/347/1623 1908/60/1710
f 1908/60/1710 2329/53/1712 2328/451/1711
f 2330/452/1704 2328/451/1711 2329/53/1712
f 2329/53/1712 2331/54/1713 2330/452/1704
f 2332/453/1705 2330/452/1704 2331/54/1713
f 2331/54/1713 2333/49/1374 2332/453/1705
f 2334/454/1714 2332/453/1705 2333/49/1374
f 2333/49/1374 2335/32/1715 2334/454/1714
f 2336/455/1707 2334/454/1714 2335/32/1715
f 2335/32/1715 2337/33/1716 2336/455/1707
f 2338/456/1717 2336/455/1707 2337/33/1716
f 2339/458/1718 2340/457/1719 2341/459/1720
f 2342/460/1721 2341/459/1720 2340/457/1719
f 2343/461/1722 2339/458/1718 2344/462/1723
f 2341/459/1720 2344/462/1723 2339/458/1718
f 2345/463/1724 2231/372/1646 2346/464/1725
f 2233/374/1648 2346/464/1725 2231/372/1646
f 2347/465/1726 2345/463/1724 2348/466/1727
f 2346/464/1725 2348/466/1727 2345/463/1724
f 2349/467/1728 2347/465/1726 2350/468/1729
f 2348/466/1727 2350/468/1729 2347/465/1726
f 2351/469/1730 2349/467/1728 2352/470/1731
f 2350/468/1729 2352/470/1731 2349/467/1728
f 2346/464/1725 2233/374/1648 2353/471/1732
f 2228/369/1643 2353/471/1732 2233/374/1648
f 2348/466/1727 2346/464/1725 2354/472/1733
f 2353/471/1732 2354/472/1733 2346/464/1725
f 2350/468/1729 2348/466/1727 2355/473/1734
f 2354/472/1733 2355/473/1734 2348/466/1727
f 2352/470/1731 2350/468/1729 2356/474/1735
f 2355/473/1734 2356/474/1735 2350/468/1729
f 2356/474/1735 2357/475/1736 2352/470/1731
f 2353/471/1732 2228/369/1643 2358/476/1737
f 2216/357/1634 2358/476/1737 2228/369/1643
f 2354/472/1733 2353/471/1732 2359/477/1738
f 2358/476/1737 2359/477/1738 2353/471/1732
f 2355/473/1734 2354/472/1733 2360/478/1739
f 2359/477/1738 2360/478/1739 2354/472/1733
f 2356/474/1735 2355/473/1734 2361/479/1740
f 2360/478/1739 2361/479/1740 2355/473/1734
f 2357/475/1736 2356/474/1735 2362/480/1741
f 2361/479/1740 2362/480/1741 2356/474/1735
f 2363/481/1742 2357/475/1736 2364/482/1743
f 2362/480/1741 2364/482/1743 2357/475/1736
f 2358/476/1737 2216/357/1634 2365/483/1744
f 2215/356/1633 2365/483/1744 2216/357/1634
f 2359/477/1738 2358/476/1737 2366/484/1745
f 2365/483/1744 2366/484/1745 2358/476/1737
f 2360/478/1739 2359/477/1738 2367/485/1746
f 2366/484/1745 2367/485/1746 2359/477/1738
f 2361/479/1740 2360/478/1739 2368/486/1747
f 2367/485/1746 2368/486/1747 2360/478/1739
f 2362/480/1741 2361/479/1740 2369/487/1748
f 2368/486/1747 2369/487/1748 2361/479/1740
f 2364/482/1743 2362/480/1741 2370/488/1749
f 2369/487/1748 2370/488/1749 2362/480/1741
f 2371/489/1744 2225/366/1640 2372/490/1750
f 2224/365/1639 2372/490/1750 2225/366/1640
f 2366/484/1745 2365/483/1744 2373/433/1751
f 2372/490/1750 2374/491/1752 2371/489/1744
f 2367/485/1746 2366/484/1745 2375/435/1753
f 2373/433/1751 2375/435/1753 2366/484/1745
f 2368/486/1747 2367/485/1746 2376/437/1754
f 2375/435/1753 2376/437/1754 2367/485/1746
f 2369/487/1748 2368/486/1747 2377/439/1755
f 2376/437/1754 2377/439/1755 2368/486/1747
f 2370/488/1749 2369/487/1748 2378/492/1756
f 2377/439/1755 2378/492/1756 2369/487/1748
f 2357/475/1736 2363/481/1742 2341/459/1720
f 2344/462/1723 2341/459/1720 2363/481/1742
f 2379/494/1757 2380/493/1758 2381/495/1759
f 2382/496/1760 2381/495/1759 2380/493/1758
f 2383/498/1761 2384/497/1762 2385/499/1763
f 2386/501/1764 2387/500/1763 2388/502/1762
f 2352/470/1731 2357/475/1736 2351/469/1730
f 2341/459/1720 2351/469/1730 2357/475/1736
f 2389/503/1765 2390/380/1766 2391/504/1767
f 2392/505/1768 2391/504/1767 2390/380/1766
f 2391/504/1767 2392/505/1768 2393/506/1769
f 2394/507/1770 2393/506/1769 2392/505/1768
f 2395/509/1771 2396/508/1772 2397/510/1773
f 2398/511/1774 2397/510/1773 2396/508/1772
f 2399/513/1775 2400/512/1776 2401/514/1777
f 2402/515/1778 2401/514/1777 2400/512/1776
f 2403/517/1779 2404/516/1780 2405/518/1781
f 2406/519/1782 2405/518/1781 2404/516/1780
f 2405/518/1781 2406/519/1782 2407/520/1783
f 2408/521/1784 2407/520/1783 2406/519/1782
f 2409/523/1785 2410/522/1786 2411/524/1787
f 2412/525/1788 2411/524/1787 2410/522/1786
f 2413/527/1789 2414/526/1790 2415/528/1791
f 2416/529/1792 2415/528/1791 2414/526/1790
f 2417/519/1793 2418/516/1794 2419/504/1795
f 2420/503/1796 2419/504/1795 2418/516/1794
f 2421/521/1797 2417/519/1793 2422/506/1798
f 2419/504/1795 2422/506/1798 2417/519/1793
f 2423/525/1788 2424/522/1786 2425/510/1799
f 2426/509/1771 2425/510/1799 2424/522/1786
f 2427/529/1792 2428/526/1800 2429/514/1801
f 2430/513/1802 2429/514/1801 2428/526/1800
f 2231/372/1646 2345/463/1724 2229/371/1644
f 2239/380/1654 2229/371/1644 2431/505/1803
f 2345/463/1724 2431/505/1803 2229/371/1644
f 2394/507/1770 2396/508/1772 2393/506/1769
f 2395/509/1771 2393/506/1769 2396/508/1772
f 2421/521/1797 2422/506/1798 2424/522/1786
f 2426/509/1771 2424/522/1786 2422/506/1798
f 2407/520/1783 2408/521/1784 2409/523/1785
f 2410/522/1786 2409/523/1785 2408/521/1784
f 2345/463/1724 2347/465/1726 2431/505/1803
f 2432/507/1804 2431/505/1803 2347/465/1726
f 2347/465/1726 2433/508/1805 2432/507/1804
f 2434/511/1806 2433/508/1805 2349/467/1728
f 2433/508/1805 2347/465/1726 2349/467/1728
f 2342/460/1721 2351/469/1730 2341/459/1720
f 2342/460/1721 2435/512/1776 2351/469/1730
f 2349/467/1728 2351/469/1730 2435/512/1776
f 2436/515/1778 2435/512/1776 2342/460/1721
f 2436/515/1778 2342/460/1721 2437/530/1807
f 2340/457/1719 2437/530/1807 2342/460/1721
f 2438/531/1808 2415/528/1791 2416/529/1792
f 2439/531/1809 2427/529/1792 2440/532/1810
f 2429/514/1801 2440/532/1810 2427/529/1792
f 2441/532/1811 2401/514/1777 2442/530/1807
f 2402/515/1778 2442/530/1807 2401/514/1777
f 2443/533/1812 2321/447/1704 2315/440/1698
f 2316/441/1699 2315/440/1698 2321/447/1704
f 2444/350/1623 2443/533/1812 2205/346/1622
f 2315/440/1698 2205/346/1622 2443/533/1812
f 2398/511/1774 2400/512/1776 2397/510/1773
f 2399/513/1775 2397/510/1773 2400/512/1776
f 2425/510/1799 2430/513/1802 2423/525/1788
f 2428/526/1800 2423/525/1788 2430/513/1802
f 2412/525/1788 2414/526/1790 2411/524/1787
f 2413/527/1789 2411/524/1787 2414/526/1790
f 2349/467/1728 2435/512/1776 2434/511/1806
f 2108/257/1561 2109/258/1562 2445/534/1813
f 2446/535/1814 2445/534/1813 2109/258/1562
f 2447/382/1815 2448/536/1816 2449/537/1817
f 2450/538/1818 2404/516/1780 2451/539/1819
f 2403/517/1779 2451/539/1819 2404/516/1780
f 2452/540/1820 2447/382/1815 2453/541/1821
f 2454/540/1822 2455/541/1823 2456/542/1824
f 2454/540/1822 2456/542/1824 2457/543/1825
f 2458/545/1826 2459/544/1827 2460/546/1828
f 2461/547/1829 2460/546/1828 2459/544/1827
f 2462/548/1830 2463/537/1817 2464/549/1831
f 2465/536/1832 2464/549/1831 2463/537/1817
f 2466/550/1833 2467/548/1834 2468/551/1835
f 2469/549/1836 2468/551/1835 2467/548/1834
f 2470/552/1837 2471/379/1838 2472/553/1839
f 2473/378/1840 2472/553/1839 2471/379/1838
f 2474/538/1841 2475/545/1842 2476/553/1843
f 2477/552/1837 2476/553/1843 2475/545/1842
f 2447/382/1815 2478/381/1844 2448/536/1816
f 2479/554/1845 2448/536/1816 2478/381/1844
f 2465/536/1832 2480/554/1846 2464/549/1831
f 2481/546/1847 2464/549/1831 2480/554/1846
f 2469/549/1836 2460/546/1828 2468/551/1835
f 2461/547/1829 2468/551/1835 2460/546/1828
f 2473/378/1840 2390/380/1766 2472/553/1839
f 2389/503/1765 2472/553/1839 2390/380/1766
f 2476/553/1843 2420/503/1796 2474/538/1841
f 2418/516/1794 2474/538/1841 2420/503/1796
f 1936/86/1412 2482/555/1848 1937/85/1413
f 2343/461/1722 2483/556/1849 2339/458/1718
f 2484/557/1850 2339/458/1718 2483/556/1849
f 2339/458/1718 2484/557/1850 2340/457/1719
f 2485/558/1851 2340/457/1719 2484/557/1850
f 2340/457/1719 2485/558/1851 2437/530/1807
f 2486/559/1852 2437/530/1807 2485/558/1851
f 2441/532/1811 2442/530/1807 2487/559/1853
f 2488/560/1854 1929/78/1406 1922/72/1400
f 2488/560/1854 1922/72/1400 2489/561/1855
f 2313/438/1696 2320/445/1703 2490/492/1756
f 2313/438/1696 2490/492/1756 2314/439/1697
f 2491/563/1856 2492/562/1857 2493/564/1763
f 2363/481/1742 2491/563/1856 2344/462/1723
f 2492/562/1857 2491/563/1856 2363/481/1742
f 2494/493/1858 2495/565/1859 2496/496/1860
f 2497/566/1386 2496/496/1860 2495/565/1859
f 2445/534/1813 2498/567/1861 2108/257/1561
f 2254/343/1619 2253/383/1657 2447/382/1815
f 2499/569/1862 2500/568/1863 2501/570/1864
f 2502/572/1865 2503/571/1866 2504/573/1867
f 2505/574/1868 2504/573/1867 2503/571/1866
f 2506/576/1851 2507/575/1869 2508/577/1870
f 2509/578/1871 2508/577/1870 2507/575/1869
f 2506/576/1851 2510/579/1850 2511/580/1872
f 2512/581/1873 2511/580/1872 2513/582/1874
f 2510/579/1850 2513/582/1874 2511/580/1872
f 2514/584/1875 2515/583/1876 2509/578/1871
f 2508/577/1870 2509/578/1871 2515/583/1876
f 2516/586/1877 2517/585/1878 2518/587/1879
f 2519/588/1880 2518/587/1879 2517/585/1878
f 2520/590/1881 2521/589/1882 2522/591/1883
f 2523/592/610 2522/591/1883 2521/589/1882
f 2524/594/1884 2525/593/1885 2526/595/1886
f 2523/592/610 2527/596/614 2522/591/1883
f 2528/597/1887 2522/591/1883 2527/596/614
f 2529/599/617 2530/598/1888 2531/600/618
f 2532/601/1889 2531/600/618 2530/598/1888
f 2533/602/1890 2524/594/1884 2526/595/1886
f 2526/595/1886 2534/603/1891 2533/602/1890
f 2535/605/623 2536/604/1892 2529/599/617
f 2530/598/1888 2529/599/617 2536/604/1892
f 2537/607/1893 2538/606/1894 2535/605/623
f 2536/604/1892 2535/605/623 2538/606/1894
f 2517/585/1878 2516/586/1877 2539/608/1895
f 2540/609/1894 2539/608/1895 2516/586/1877
f 2541/610/1896 2526/595/1886 2542/611/1897
f 2543/612/1898 2526/595/1886 2541/610/1896
f 2534/603/1891 2526/595/1886 2543/612/1898
f 2499/569/1862 2504/573/1867 2500/568/1863
f 2505/574/1868 2500/568/1863 2504/573/1867
f 2500/568/1863 2505/574/1868 2544/613/1899
f 2545/615/1900 2546/614/1901 2502/572/1865
f 2503/571/1866 2502/572/1865 2546/614/1901
s 0
f 2547/617/1328 2548/616/1328 2549/618/1328
f 2550/619/1328 2549/618/1328 2548/616/1328
s 1
f 2551/621/1902 2552/620/1903 2553/622/1904
f 2554/623/1905 2553/622/1904 2552/620/1903
f 2553/622/1904 2554/623/1905 2555/624/638
f 2556/625/1906 2555/624/638 2554/623/1905
f 2557/627/641 2558/626/1907 2559/628/642
f 2560/629/1908 2559/628/642 2558/626/1907
f 2560/629/1908 2561/630/1909 2559/628/642
f 2562/631/645 2559/628/642 2561/630/1909
f 2563/632/646 2562/631/645 2564/633/1910
f 2561/630/1909 2564/633/1910 2562/631/645
f 2565/635/1911 2566/634/1912 2567/636/649
f 2568/637/1913 2567/636/649 2566/634/1912
f 2569/638/1914 2568/637/1913 2570/639/1915
f 2566/634/1912 2570/639/1915 2568/637/1913
f 2549/618/1328 2550/619/1328 2571/640/1916
f 2572/641/1917 2571/640/1916 2550/619/1328
f 2573/640/1918 2574/641/1919 2575/642/1920
f 2576/643/1921 2577/642/1922 2578/641/1919
f 2579/645/1923 2580/644/1924 2545/615/1900
f 2546/614/1901 2545/615/1900 2580/644/1924
s 0
f 2581/647/1925 2582/646/1925 2583/648/1925
s 1
f 2584/650/1413 2585/649/1513 2586/229/1926
f 2587/652/1513 2588/651/1413 2589/653/1512
f 2546/614/1901 2588/651/1413 2503/571/1866
f 2590/654/1927 2503/571/1866 2588/651/1413
f 2589/653/1512 2588/651/1413 2580/644/1924
f 2546/614/1901 2580/644/1924 2588/651/1413
f 2591/655/1928 2503/571/1866 2590/654/1927
f 2592/657/1929 2593/656/1930 2594/658/1931
f 2595/660/1932 2596/659/1933 2597/661/1881
f 2598/663/1934 2599/662/1935 2600/664/1936
f 2596/659/1933 2595/660/1932 2601/665/1937
f 2602/667/1938 2603/666/1939 2604/668/1940
f 2605/669/1941 2604/668/1940 2603/666/1939
f 2606/670/1942 2604/668/1940 2605/669/1941
f 2604/668/1940 2606/670/1942 2607/671/1883
f 2601/665/1937 2595/660/1932 2608/672/1943
f 2603/666/1939 2602/667/1938 2609/673/1944
f 2610/675/1945 2611/674/1946 2612/676/1947
f 2609/673/1944 2612/676/1947 2611/674/1946
f 2609/673/1944 2602/667/1938 2612/676/1947
f 2611/674/1946 2610/675/1945 2613/677/1948
f 2614/679/1894 2615/678/1949 2616/680/1950
f 2617/539/1819 2618/681/1951 2619/544/1952
f 2620/683/1953 2621/682/1930 2622/684/1954
f 2623/685/1955 2593/656/1930 2592/657/1929
s 0
f 2624/687/1956 2625/686/1956 2626/688/1956
s 1
f 2627/690/1957 2628/689/1958 2629/691/696
f 2630/692/1959 2629/691/696 2628/689/1958
f 2631/693/699 2632/690/1957 2633/691/700
f 2628/689/1958 2627/690/1957 2634/694/1960
f 2634/694/1960 2627/690/1957 2635/695/1961
f 2636/697/1962 2637/696/1957 2638/698/1873
f 2632/690/1957 2631/693/699 2512/581/1873
f 2511/580/1872 2512/581/1873 2631/693/699
f 2639/699/1963 2638/698/1873 2640/700/1964
f 2636/697/1962 2638/698/1873 2639/699/1963
f 2507/575/1869 2506/576/1851 2631/693/699
f 2511/580/1872 2631/693/699 2506/576/1851
f 2641/56/1965 2642/57/1384 2643/701/1966
f 2644/59/1967 2641/56/1965 2643/701/1966
f 2645/703/1968 2646/702/1386 2647/581/1873
f 2647/581/1873 2648/582/1969 2645/703/1968
f 2649/704/1970 2645/703/1968 2648/582/1969
f 2650/706/1763 2651/705/1759 2652/707/1849
f 2653/709/1971 2654/708/1972 2652/707/1969
f 2655/564/1973 2656/556/1969 2657/563/1972
f 2658/462/1723 2657/563/1856 2659/461/1974
f 2446/535/1814 2109/258/1562 2454/540/1822
f 2202/343/1619 2454/540/1822 2109/258/1562
f 2660/262/1975 2245/252/1556 2246/344/1976
f 2661/710/1635 2246/344/1976 2245/252/1556
f 2241/382/1977 2454/540/1822 2202/343/1619
f 2063/212/1530 2004/153/1474 2024/173/1493
f 2245/252/1556 2243/384/1658 2661/710/1635
f 2662/711/1978 2108/257/1561 2498/567/1861
f 2447/382/1815 2449/537/1817 2453/541/1821
f 2456/542/1824 2455/541/1823 2462/548/1830
f 2463/537/1817 2462/548/1830 2455/541/1823
f 2663/543/1979 2664/542/1980 2466/550/1833
f 2467/548/1834 2466/550/1833 2664/542/1980
f 2594/658/1931 2593/656/1930 2665/712/1931
f 2066/216/1531 2026/176/1495 2031/179/1500
f 2067/215/1505 2089/239/1546 2026/176/1495
f 2450/538/1818 2451/539/1819 2458/545/1826
f 2459/544/1827 2458/545/1826 2451/539/1819
f 2479/554/1845 2478/381/1844 2470/552/1837
f 2471/379/1838 2470/552/1837 2478/381/1844
f 2480/554/1846 2477/552/1837 2481/546/1847
f 2475/545/1842 2481/546/1847 2477/552/1837
f 2230/370/1645 2238/379/1653 2240/381/1655
f 2045/194/1514 1981/131/1454 1971/121/1445
f 2666/714/1981 2667/713/1982 2668/715/1983
f 2669/716/1984 2668/715/1983 2667/713/1982
f 2670/718/1985 2671/717/1986 2672/719/1987
f 2673/720/1988 2672/719/1987 2671/717/1986
f 2674/722/1989 2675/721/1990 2676/723/1991
f 2677/724/1992 2676/723/1991 2675/721/1990
f 2678/726/1993 2679/725/1994 2680/727/1995
f 2681/728/1996 2680/727/1995 2679/725/1994
f 2682/730/1997 2683/729/1998 2684/731/1999
f 2685/733/2000 2686/732/1999 2687/734/2001
f 2688/736/2002 2689/735/2003 2690/737/2004
f 2691/738/2005 2690/737/2004 2689/735/2003
f 2692/740/2006 2693/739/2007 2694/741/2008
f 2695/742/2009 2694/741/2008 2693/739/2007
f 2696/744/2010 2697/743/2011 2698/745/2012
f 2699/746/2013 2698/745/2012 2697/743/2011
f 2700/748/2014 2701/747/2015 2702/749/2016
f 2703/750/2017 2702/749/2016 2701/747/2015
f 2704/752/2018 2705/751/2019 2706/753/2020
f 2707/755/2021 2708/754/2020 2709/756/2022
f 2710/758/2023 2711/757/2002 2712/759/2024
f 2713/760/2004 2712/759/2024 2711/757/2002
f 2714/740/2025 2715/741/2026 2716/761/1985
f 2717/762/1986 2716/761/1985 2715/741/2026
f 2718/764/1991 2719/763/1992 2720/744/2027
f 2721/743/2011 2720/744/2027 2719/763/1992
f 2722/749/2028 2723/750/2029 2724/765/2030
f 2725/766/1994 2724/765/2030 2723/750/2029
f 2726/768/1999 2727/767/2031 2728/752/2018
f 2729/751/2022 2728/752/2018 2727/767/2031
f 2730/769/2032 2699/746/2013 2731/770/2033
f 2697/743/2011 2731/770/2033 2699/746/2013
f 2732/770/2034 2721/743/2011 2733/771/2035
f 2719/763/1992 2733/771/2035 2721/743/2011
f 2734/773/2036 2735/772/2037 2675/721/1990
f 2677/724/1992 2675/721/1990 2735/772/2037
f 2730/769/2032 2731/770/2033 2736/774/2038
f 2737/775/2039 2736/774/2038 2731/770/2033
f 2732/770/2034 2733/771/2035 2738/775/2040
f 2739/776/2041 2738/775/2040 2733/771/2035
f 2735/772/2037 2734/773/2036 2740/777/2042
f 2741/778/2043 2740/777/2042 2734/773/2036
f 2698/745/2012 2742/779/2044 2696/744/2010
f 2743/780/2045 2696/744/2010 2742/779/2044
f 2720/744/2027 2744/780/2045 2718/764/1991
f 2745/781/2046 2718/764/1991 2744/780/2045
f 2676/723/1991 2746/782/2047 2674/722/1989
f 2747/783/2048 2674/722/1989 2746/782/2047
f 2748/785/2049 2749/784/2050 2750/786/1997
f 2751/788/2051 2752/787/1997 2753/789/2052
f 2754/789/2050 2755/790/2053 2756/791/2054
f 2757/792/2055 2756/791/2054 2755/790/2053
f 2708/754/2056 2758/793/2057 2759/794/2018
f 2760/790/2053 2704/752/2058 2761/711/2059
f 2762/769/2032 1962/112/1437 2763/746/2060
f 2764/774/2061 1971/121/1445 2762/769/2032
f 1962/112/1437 2762/769/2032 1971/121/1445
f 2108/257/1561 2662/711/1978 2104/254/1557
f 2765/753/2062 2104/254/1557 2662/711/1978
f 2766/795/2063 2689/735/2003 2767/796/2064
f 2688/736/2002 2767/796/2064 2689/735/2003
f 2710/758/2023 2768/797/2065 2711/757/2002
f 2769/798/2066 2711/757/2002 2768/797/2065
f 2770/620/2067 2771/799/2068 2772/800/2069
f 2773/801/2023 2772/800/2069 2771/799/2068
f 1936/86/1412 2045/194/1514 2774/802/2070
f 2775/803/2005 2774/802/2070 2045/194/1514
f 2776/742/2009 2045/194/1514 2777/804/2071
f 1971/121/1445 2777/804/2071 2045/194/1514
f 1962/112/1437 1964/113/1439 2763/746/2060
f 2778/745/2072 2763/746/2060 1964/113/1439
f 2779/779/2073 1964/113/1439 2780/748/2074
f 2781/805/2075 2105/253/1558 2765/753/2062
f 2104/254/1557 2765/753/2062 2105/253/1558
f 1964/113/1439 2040/189/1509 2111/261/1564
f 1964/113/1439 2111/261/1564 2780/748/2074
f 2782/747/2076 2111/261/1564 2105/253/1558
f 1936/86/1412 2774/802/2070 2482/555/1848
f 2783/623/1905 2784/620/1903 2785/800/2077
f 2786/806/2078 2783/623/1905 2785/800/2077
f 2787/808/2079 2788/807/1906 2789/809/2080
f 2790/811/2081 2791/810/2082 2792/812/2083
f 2793/813/1909 2792/812/2083 2791/810/2082
f 2794/814/2084 2793/813/1909 2791/810/2082
f 2795/816/2085 2796/815/1911 2797/817/2086
f 2798/819/2087 2799/818/2088 2800/820/1912
f 2801/822/2089 2802/821/2090 2803/823/2091
f 2804/825/1906 2805/824/2092 2806/826/2093
f 2807/827/2094 2788/807/1906 2808/828/2095
f 2809/830/1912 2810/829/2096 2811/831/2097
f 2812/832/2098 2809/830/1912 2811/831/2097
f 2813/633/1911 2814/630/1909 2815/833/2099
f 2816/834/2100 2796/815/1911 2817/835/2101
f 2818/837/2102 2819/836/2103 2820/838/2104
f 2821/839/2105 2820/838/2104 2819/836/2103
f 2822/841/2106 2823/840/2107 2590/654/1927
f 2591/655/1928 2590/654/1927 2823/840/2107
f 2751/788/2051 2753/789/2052 2824/842/2108
f 2825/791/2109 2824/842/2108 2753/789/2052
f 2754/789/2050 2726/768/1999 2755/790/2053
f 2728/752/2018 2755/790/2053 2726/768/1999
f 2760/790/2053 2761/711/2059 2826/792/2110
f 2827/567/1861 2826/792/2110 2761/711/2059
f 2828/843/2111 2801/822/2089 2803/823/2091
f 2829/845/2112 2830/844/1986 2831/846/2113
f 2832/848/2114 2833/847/2113 2671/717/1986
f 2694/741/2008 2695/742/2009 2834/849/2115
f 2835/804/2116 2834/849/2115 2695/742/2009
f 2717/762/1986 2715/741/2026 2836/850/2114
f 2837/849/2117 2836/850/2114 2715/741/2026
f 2668/715/1983 2669/716/1984 2672/719/1987
f 2670/718/1985 2672/719/1987 2669/716/1984
f 2838/852/2004 2839/851/2005 2840/853/2006
f 2841/854/2007 2840/853/2006 2839/851/2005
f 2712/759/2024 2713/760/2004 2716/761/1985
f 2714/740/2025 2716/761/1985 2713/760/2004
f 2842/739/2118 2775/803/2005 2045/194/1514
f 2842/739/2118 2045/194/1514 2776/742/2009
f 2736/774/2038 2737/775/2039 2835/804/2116
f 2834/849/2115 2835/804/2116 2737/775/2039
f 2739/776/2041 2836/850/2114 2738/775/2040
f 2837/849/2117 2738/775/2040 2836/850/2114
f 2741/778/2043 2843/855/2113 2740/777/2042
f 2844/856/2119 2740/777/2042 2843/855/2113
f 2777/804/2071 1971/121/1445 2764/774/2061
f 2742/779/2044 2700/748/2014 2743/780/2045
f 2702/749/2016 2743/780/2045 2700/748/2014
f 2744/780/2045 2722/749/2028 2745/781/2046
f 2724/765/2030 2745/781/2046 2722/749/2028
f 2747/783/2048 2746/782/2047 2845/857/1995
f 2846/858/2030 2845/857/1995 2746/782/2047
f 2679/725/1994 2847/859/2031 2681/728/1996
f 2683/729/2120 2681/728/1996 2847/859/2031
f 2848/860/2121 2707/755/2021 2849/861/2122
f 2709/756/2022 2849/861/2122 2707/755/2021
f 2723/750/2029 2729/751/2022 2725/766/1994
f 2727/767/2031 2725/766/1994 2729/751/2022
f 2781/805/2075 2782/747/2076 2105/253/1558
f 2780/748/2074 2111/261/1564 2782/747/2076
f 2778/745/2072 1964/113/1439 2779/779/2073
f 2792/812/2083 2788/807/1906 2787/808/2079
f 2790/811/2081 2792/812/2083 2787/808/2079
f 2789/809/2080 2788/807/1906 2807/827/2094
f 2806/826/2093 2805/824/2092 2850/862/2078
f 2811/831/2097 2810/829/2096 2851/863/2123
f 2797/817/2086 2796/815/1911 2816/834/2100
f 2506/576/1851 2508/577/1870 2852/864/1853
f 2515/583/1876 2514/584/1875 2501/570/1864
f 2499/569/1862 2501/570/1864 2514/584/1875
f 2515/583/1876 2501/570/1864 2853/865/2124
f 2515/583/1876 2853/865/2124 2854/866/1825
f 2855/868/2125 2856/867/2126 2857/869/2127
f 2858/870/2128 2859/869/2127 2860/871/2129
f 2861/869/2130 2862/867/2126 2863/871/2129
f 2864/872/2128 2860/871/2129 2865/873/2131
f 2866/874/2132 2867/873/2131 2868/875/2133
f 2869/873/2131 2870/871/2129 2871/875/2134
f 2872/876/2135 2873/875/2133 2874/877/2136
f 2875/878/2137 2876/877/2138 2877/879/2139
f 2878/877/2136 2879/875/2133 2880/879/2140
f 2881/875/2133 2882/871/2129 2883/879/2140
f 2884/871/2141 2885/867/2126 2886/879/2140
f 2887/880/2142 2888/879/2139 2889/881/2143
f 2890/882/2144 2891/881/2145 2892/883/2146
f 2893/881/2147 2894/879/2140 2895/883/2146
f 2896/879/2140 2897/867/2126 2898/883/2146
f 2899/867/2126 2900/884/2148 2901/883/2146
f 2902/884/2149 2903/885/2150 2904/883/2146
f 2905/887/2151 2906/886/2152 2907/888/2153
f 2908/889/2154 2909/888/2153 2910/886/2152
f 2911/891/2155 2912/890/2156 2913/892/2157
f 2914/893/2158 2915/892/2157 2916/890/2156
f 2917/892/2159 2918/893/2160 2919/894/2161
f 2920/895/2162 2921/894/2163 2922/893/2160
f 2923/894/2163 2924/895/2164 2925/896/2165
f 2926/897/2166 2927/896/2165 2928/895/2167
f 2929/896/2168 2930/897/2169 2931/898/2170
f 2932/899/2171 2933/898/2172 2934/897/2169
f 2935/901/2172 2936/900/2171 2937/902/2173
f 2938/903/2174 2939/902/2173 2940/900/2171
f 2941/902/2173 2942/903/2175 2943/904/2176
f 2944/905/2177 2945/904/2176 2946/903/2175
f 2947/904/2178 2948/905/2179 2949/906/2180
f 2950/907/2181 2951/906/2180 2952/905/2179
f 2953/906/2182 2954/907/2181 2955/908/2183
f 2956/909/2184 2957/908/2183 2958/907/2181
f 2959/908/2185 2960/909/2186 2961/910/2187
f 2962/911/2188 2963/910/2187 2964/909/2189
f 2965/913/2187 2966/912/2190 2967/914/2191
f 2968/915/2192 2969/914/2191 2970/912/2190
f 2971/917/2191 2972/916/2193 2973/918/2194
f 2974/919/2194 2975/918/2194 2976/916/2192
f 2977/918/2195 2978/919/2195 2979/920/2196
f 2980/921/2197 2981/920/2196 2982/919/2195
f 2983/920/2196 2984/921/2197 2985/922/2198
f 2986/923/2199 2987/922/2198 2988/921/2197
f 2989/922/2200 2990/923/2201 2991/924/2202
f 2992/925/2203 2993/924/2202 2994/923/2201
f 2995/927/2202 2996/926/2203 2997/928/2204
f 2998/929/2205 2999/928/2204 3000/926/2206
f 3001/931/2207 3002/930/2208 3003/932/2209
f 3004/933/2210 3005/932/2209 3006/930/2208
f 3007/932/2211 3008/933/2210 3009/934/2212
f 3010/935/2213 3011/934/2212 3012/933/2214
f 3013/934/2215 3014/935/2216 3015/887/2217
f 3016/886/2218 3017/887/2219 3018/935/2216
f 3019/937/947 3020/936/2220 3021/938/948
f 3022/940/2221 3023/939/2222 3024/941/2223
f 3025/943/2224 3026/942/2225 3027/944/2226
f 3028/941/2227 3029/939/2228 3030/945/2229
f 3031/946/2230 3032/944/2226 3033/947/959
f 3034/945/2231 3035/939/2232 3036/937/947
f 3037/937/962 3038/939/2232 3039/936/2233
f 3040/949/2221 3041/948/2234 3042/950/2235
f 3043/951/2236 3042/950/2235 3041/948/2234
f 3044/950/2235 3045/951/2236 3046/952/2237
f 3047/953/2238 3048/952/2237 3049/951/2239
f 3050/955/2240 3051/954/2241 3052/956/973
f 3053/957/975 3054/956/974 3055/954/2241
f 3056/947/959 3057/958/977 3058/946/2230
f 3059/959/2242 3060/946/2230 3061/958/977
f 3062/946/2230 3063/959/2243 3064/944/2226
f 3065/960/2244 3066/944/2226 3067/959/2243
f 3068/944/2226 3069/960/2244 3070/943/2224
f 3071/961/2245 3072/943/2246 3073/960/2244
f 3074/943/2246 3075/961/2245 3076/942/2247
f 3077/962/2248 3078/942/2225 3079/961/2245
f 3080/942/2225 3081/962/2248 3082/963/2249
f 3083/965/2223 3084/964/2250 3085/949/2251
f 3086/948/2234 3087/949/2221 3088/964/2250
f 3089/967/2252 3090/966/2253 3091/968/2254
f 3092/969/2255 3093/968/2254 3094/966/2253
f 3095/968/2256 3096/969/2255 3097/970/2257
f 3098/971/2258 3099/970/2257 3100/969/2255
f 3101/971/2258 3102/972/2259 3103/970/2257
f 3104/973/2260 3105/970/2257 3106/972/2261
f 3107/972/2259 3108/974/2262 3109/973/2263
f 3110/975/1002 3111/973/2263 3112/974/2262
f 3113/975/2264 3114/974/2262 3115/976/2265
f 3116/977/2266 3117/976/2267 3118/974/2262
f 3119/979/2268 3120/978/2269 3121/977/2266
f 3122/976/2265 3123/977/2266 3124/978/2269
f 3125/981/2270 3126/980/2271 3127/982/2272
f 3128/983/2273 3129/982/2272 3130/980/2271
f 3131/984/2274 3132/981/2270 3133/985/2275
f 3134/982/2276 3135/985/2277 3136/981/2278
f 3137/987/2279 3138/986/2280 3139/988/2281
f 3140/989/2282 3141/988/2283 3142/986/2280
f 3143/988/2284 3144/989/2282 3145/990/2285
f 3146/991/2286 3147/990/2285 3148/989/2282
f 3149/990/2285 3150/991/2286 3151/992/2287
f 3152/993/2287 3153/992/2287 3154/991/2286
f 3155/992/2287 3156/993/2287 3157/994/2288
f 3158/995/2289 3157/994/2288 3156/993/2287
f 3159/994/2290 3160/995/2289 3161/996/2291
f 3162/997/2292 3163/996/2293 3164/995/2289
f 3165/999/2294 3166/998/2295 3167/1000/2296
f 3168/1001/2297 3169/1000/2298 3170/998/2295
f 3171/1000/2296 3172/1001/2299 3173/1002/2300
f 3174/1003/2301 3175/1002/2300 3176/1001/2302
f 3177/1002/2300 3178/1003/2303 3179/1004/2304
f 3180/1005/2305 3181/1004/2306 3182/1003/2301
f 3183/1004/2306 3184/1005/2305 3185/1006/2307
f 3186/1007/2308 3187/1006/2309 3188/1005/2305
f 3189/1006/2310 3190/1007/2311 3191/1008/2312
f 3192/1009/2313 3193/1008/2312 3194/1007/2311
f 3195/1011/2314 3196/1010/2315 3197/1012/2316
f 3198/1013/2317 3199/1012/2318 3200/1010/2315
f 3201/1012/2318 3202/1013/2319 3203/1014/2320
f 3204/1015/2321 3205/1014/2322 3206/1013/2319
f 3207/1014/2323 3208/1015/2321 3209/1016/2324
f 3210/1017/2325 3211/1016/2326 3212/1015/2321
f 3213/1016/2326 3214/1017/2325 3215/1018/2327
f 3216/1019/2328 3217/1018/2327 3218/1017/2329
f 3219/1018/2327 3220/1019/2330 3221/1020/2331
f 3222/1021/2332 3223/1020/2331 3224/1019/2330
f 3225/1020/2331 3226/1021/2332 3227/1022/2333
f 3228/1023/2334 3229/1022/2333 3230/1021/2335
f 3231/1022/2336 3232/1023/2334 3233/1024/2337
f 3234/1025/2338 3235/1024/2339 3236/1023/2340
f 3237/1024/2341 3238/1025/2338 3239/987/2342
f 3240/986/2280 3241/987/2279 3242/1025/2338
f 3243/1027/2343 3244/1026/2344 3245/1028/2345
f 3246/1029/2346 3247/1028/2347 3248/1026/2344
f 3249/1028/2347 3250/1029/2348 3251/1030/2349
f 3252/1031/2350 3253/1030/2349 3254/1029/2348
f 3255/1030/2351 3256/1031/2352 3257/1032/2353
f 3258/1033/2354 3259/1032/2353 3256/1031/2352
f 3260/1032/2353 3261/1033/2354 3262/1034/2355
f 3263/1035/2356 3262/1034/2355 3261/1033/2354
f 3264/1034/2357 3265/1035/2356 3266/1036/2358
f 3267/1037/2359 3268/1036/2358 3269/1035/2356
f 3270/1036/2360 3271/1037/2361 3272/1038/2362
f 3273/1039/2363 3274/1038/2362 3275/1037/2364
f 3276/982/2365 3277/1000/2366 3278/985/2367
f 3279/1002/2368 3280/985/2369 3281/1000/2366
f 3282/985/2370 3283/1002/2371 3284/984/2372
f 3285/1004/2373 3286/984/2374 3287/1002/2371
f 3288/1041/2374 3289/1040/2375 3290/1042/2376
f 3291/1043/2377 3292/1042/2376 3293/1040/2378
f 3294/1045/2379 3295/1044/2380 3296/1046/2381
f 3297/1047/2382 3298/1046/2381 3299/1044/2383
f 3300/1046/2384 3301/1047/2385 3302/1048/2386
f 3303/1049/2387 3304/1048/2386 3305/1047/2385
f 3306/1048/2386 3307/1049/2387 3308/1050/2388
f 3309/1051/2389 3308/1050/2388 3307/1049/2387
f 3310/1050/2390 3311/1051/2391 3312/1052/2392
f 3313/1053/2393 3314/1052/2392 3315/1051/2391
f 3316/1052/2392 3317/1053/2394 3318/1054/2395
f 3319/1055/2396 3318/1054/2395 3317/1053/2394
f 3320/1054/2395 3321/1055/2397 3322/1056/2398
f 3323/1057/2399 3324/1056/2398 3325/1055/2397
f 3326/1059/2400 3327/1058/2401 3328/1060/2402
f 3329/1061/2403 3330/1060/2402 3331/1058/2401
f 3332/1063/2402 3333/1062/2403 3334/1064/2404
f 3335/1065/2405 3336/1064/2406 3337/1062/2407
f 3338/1067/2408 3339/1066/2409 3340/1027/2343
f 3341/1026/2344 3342/1027/2343 3343/1066/2405
f 3344/1069/2410 3345/1068/1137 3346/1070/2410
f 3347/1071/1137 3348/1070/1139 3349/1068/1137
f 3350/1073/2411 3351/1072/2412 3352/1074/2413
f 3353/1075/2414 3354/1074/2413 3355/1072/2415
f 3356/1077/2416 3357/1076/2417 3358/1073/2411
f 3359/1072/2412 3360/1073/2411 3361/1076/2417
f 3362/1079/2418 3363/1078/2419 3364/1077/2420
f 3365/1076/2417 3366/1077/2416 3367/1078/2419
f 3368/1080/2421 3369/302/1587 3370/1081/2422
f 3371/304/2423 3372/1081/2422 3373/302/1587
f 3374/1082/2424 3375/411/2425 3376/1083/2426
f 3377/409/2427 3378/1083/2426 3379/411/2425
f 3380/1074/2413 3381/1075/2414 3382/1084/2428
s 0
f 3383/1086/2429 3384/1085/2429 3385/1087/2429
s 1
f 3386/1089/1589 3387/1088/2430 3388/1090/2431
f 3389/1091/2432 3390/1090/2431 3391/1088/1590
f 3392/1092/2433 3393/1089/1589 3394/1093/1666
f 3395/1090/2431 3396/1093/2434 3397/1089/2435
f 3398/1095/1673 3399/1094/2436 3400/1093/1666
f 3401/1092/2437 3402/1093/1666 3403/1094/2436
f 3404/1097/2438 3405/1096/2439 3406/1095/2440
f 3407/1094/2441 3408/1095/1673 3409/1096/2439
f 3410/1098/2442 3411/1096/2443 3412/1099/1680
f 3413/1097/1672 3414/1099/1680 3415/1096/2439
f 3416/1100/2423 3417/1098/2444 3418/1101/2425
f 3419/1099/1680 3420/1101/2445 3421/1098/1594
f 3422/1091/1669 3423/1088/1590 3424/1102/2446
f 3425/1103/1585 3426/1102/2447 3427/1088/1590
f 3428/1105/1687 3429/1104/2448 3430/1106/2449
f 3431/1107/2450 3432/1106/2451 3433/1104/1686
f 3434/1109/2452 3435/1108/1184 3436/1110/2453
f 3437/1111/2454 3438/1110/2454 3439/1108/2455
f 3440/1112/2456 3441/1105/1687 3442/1113/2457
f 3443/1106/2449 3444/1113/2457 3445/1105/1687
f 3446/1114/1682 3447/1112/2456 3448/1115/2458
f 3449/1113/2459 3450/1115/2460 3451/1112/2456
f 3452/1117/2461 3453/1116/1681 3454/1118/2462
f 3455/1114/2463 3456/1115/2460 3457/1119/1681
f 3458/1121/1681 3459/1120/2464 3460/1122/1675
f 3461/1123/2465 3462/405/2466 3463/1124/2464
f 3464/1125/2467 3465/404/2468 3466/1126/2469
f 3467/405/1675 3468/1126/2470 3469/404/2468
f 3470/1128/1207 3471/1127/1206 3472/1129/1208
f 3473/1130/2471 3474/1129/1209 3475/1127/1206
f 3476/1083/2472 3477/1131/2473 3478/1132/1213
f 3479/1133/1214 3478/1132/1213 3477/1131/2473
f 3480/1125/2474 3481/1134/1215 3482/1131/2473
f 3479/1133/1214 3482/1131/2473 3481/1134/1215
f 3483/1081/2475 3484/1082/2476 3485/1135/1220
f 3486/1136/1221 3485/1135/1220 3484/1082/2476
f 3487/1068/1137 3488/1128/1207 3489/1071/1137
f 3490/1129/1209 3491/1071/1222 3492/1128/1207
f 3493/1127/1206 3494/1137/1223 3495/1130/1224
f 3496/1138/1223 3497/1130/1224 3498/1137/1223
f 3499/1140/2477 3500/1139/2478 3501/1141/2479
f 3502/1143/2480 3503/1142/2479 3504/1144/2481
f 3505/1144/2482 3506/1142/2483 3507/1145/1231
f 3508/1142/2483 3509/1146/2484 3510/1145/1231
f 3511/1146/2484 3512/1147/2485 3513/1145/1231
f 3514/1149/2486 3515/1148/1233 3516/1150/2487
f 3517/1151/2488 3518/1150/2489 3519/1148/1233
f 3520/1126/2490 3521/1152/2491 3522/1153/1239
f 3523/1154/1240 3524/1153/1239 3525/1152/2492
f 3526/1155/2493 3527/1150/2494 3528/1156/2495
f 3529/1157/2496 3530/1156/2497 3531/1158/2498
f 3532/1156/2499 3533/1150/2500 3534/1158/2501
f 3535/1158/2498 3536/1150/2500 3537/1159/1250
f 3538/1150/2500 3539/1151/2502 3540/1159/1250
f 3541/1161/2503 3542/1160/2504 3543/1079/2418
f 3544/1078/2419 3545/1079/2418 3546/1160/2504
f 3547/1163/2505 3548/1162/2506 3549/1161/2507
f 3550/1160/2508 3551/1161/2509 3552/1162/2506
f 3553/1080/2510 3554/1164/2511 3555/1165/2512
f 3556/1135/1220 3557/1166/1264 3558/1081/2513
f 3559/1080/2514 3558/1081/2513 3557/1166/1264
f 3560/1132/1213 3486/1136/1221 3476/1083/2472
f 3561/1082/2515 3476/1083/2472 3486/1136/1221
f 3562/1134/1269 3563/1125/2474 3564/1153/1239
f 3520/1126/2490 3564/1153/1239 3563/1125/2474
f 3565/407/2516 3566/1131/2517 3567/409/2427
f 3378/1083/2426 3377/409/2427 3568/1131/2517
f 3465/404/2468 3464/1125/2467 3569/407/2516
f 3566/1131/2517 3565/407/2516 3570/1125/2474
f 3371/304/2423 3571/411/2425 3372/1081/2422
f 3374/1082/2424 3572/1081/2422 3375/411/2425
f 3573/1167/1272 3574/1164/2518 3575/1166/1264
f 3559/1080/2519 3576/1166/2520 3577/1164/2518
f 3578/1123/2521 3579/1152/2491 3580/1126/2490
f 3467/405/1675 3581/1123/2522 3468/1126/2470
f 3582/1168/2523 3583/302/1587 3584/1169/2524
f 3585/1170/2525 3586/1169/2524 3587/1171/2526
f 3588/1169/2527 3589/302/1587 3590/1171/2528
f 3369/302/1587 3368/1080/2421 3591/1171/2528
f 3592/1171/2526 3593/1080/2510 3594/1165/2512
f 3595/1173/2529 3596/1172/2530 3597/1174/2531
f 3598/1175/2532 3597/1174/2531 3596/1172/2530
f 3599/1176/2533 3600/1173/2534 3601/1177/2535
f 3602/1174/2536 3601/1177/2535 3600/1173/2534
f 3603/1178/1291 3604/1176/2533 3605/1179/1291
f 3606/1177/2537 3607/1179/1291 3608/1176/2533
s 0
f 3609/1181/1292 3610/1180/1292 3611/1182/1292
f 3612/1183/1292 3611/1182/1292 3610/1180/1292
s 1
f 3613/1185/2538 3614/1184/2539 3615/1186/2540
f 3616/1187/2539 3615/1186/2540 3614/1184/2539
f 3617/1103/2541 3618/1185/2538 3619/1188/2542
f 3620/1186/2543 3619/1188/2542 3618/1185/2538
f 3621/1102/2447 3622/1103/1585 3623/1189/2544
f 3624/1188/2542 3623/1189/2544 3622/1103/1585
f 3625/1190/2545 3626/1102/2446 3627/1191/2546
f 3628/1189/2547 3629/1191/2546 3630/1102/2447
f 3631/1104/2548 3632/1190/2545 3633/1192/2549
f 3634/1191/2546 3635/1192/2549 3636/1190/2550
f 3637/1107/2551 3638/1104/2548 3639/1193/2552
f 3640/1192/2549 3639/1193/2552 3638/1104/2548
f 3641/1195/2553 3642/1194/2554 3643/1196/2555
f 3644/1197/2556 3645/1196/2555 3646/1194/2557
f 3647/1172/2530 3648/1195/2553 3649/1175/2558
f 3650/1196/2555 3649/1175/2558 3648/1195/2553
s 0
f 3651/1199/1314 3652/1198/1314 3653/1200/1314
f 3654/1201/1314 3653/1200/1314 3652/1198/1314
f 3655/1203/1315 3656/1202/1315 3657/1204/1315
f 3658/1205/1315 3657/1204/1315 3656/1202/1315
s 1
f 3659/1207/2559 3660/1206/2560 3661/1208/2561
f 3662/1209/2562 3661/1208/2561 3660/1206/2560
s 0
f 3663/1211/1320 3664/1210/1320 3665/1212/1320
f 3666/1213/1320 3665/1212/1320 3664/1210/1320
s 1
f 3667/1215/2563 3668/1214/2564 3669/1216/2565
f 3670/1217/2566 3669/1216/2565 3668/1214/2564
s 0
f 3671/1219/1325 3672/1218/1325 3673/1220/1325
f 3674/1221/1325 3673/1220/1325 3672/1218/1325
f 3675/1223/1326 3676/1222/1326 3677/1224/1326
f 3678/1225/1326 3677/1224/1326 3676/1222/1326
f 3679/1227/1328 3680/1226/1328 3681/1228/1328
f 3682/1229/1328 3681/1228/1328 3680/1226/1328
f 3683/1231/1327 3684/1230/1327 3685/1232/1327
f 3686/1233/1327 3685/1232/1327 3684/1230/1327
f 3687/1235/633 3688/1234/633 3689/1236/633
f 3690/1237/633 3689/1236/633 3688/1234/633
s 1
f 3691/1238/2567 3692/1239/2568 3693/1240/2569
f 3694/1240/2570 3695/1241/2571 3696/1238/2567
f 3697/1242/2572 3691/1238/2573 3695/1241/2571
f 3698/1241/2571 3699/1243/2574 3700/1242/2572
f 3701/1244/2575 3697/1242/2572 3699/1243/2574
f 3699/1243/2574 3702/1245/2576 3701/1244/2575
f 3703/1246/2577 3704/1247/2578 3692/1239/2579
f 3705/1239/2568 3706/1238/2580 3707/1246/2577
f 3708/1248/2581 3703/1246/2577 3691/1238/2573
f 3691/1238/2573 3697/1242/2572 3708/1248/2581
f 3709/1249/2582 3708/1248/2581 3697/1242/2572
f 3697/1242/2572 3701/1244/2575 3709/1249/2582
f 3710/1250/2583 3711/1251/2584 3712/1252/2585
f 3712/1252/2585 3704/1247/2578 3710/1250/2583
f 3713/1253/2586 3714/1254/1 3711/1251/2584
f 3711/1251/2584 3710/1250/2583 3713/1253/2586
f 3715/1255/2587 3716/1256/2588 3717/1257/2589
f 3717/1257/2589 3718/1258/2590 3715/1255/2587
f 3719/1259/2591 3715/1255/2587 3718/1258/2590
f 3718/1258/2590 3720/1260/2592 3719/1259/2591
f 3721/1261/2593 3719/1259/2591 3720/1260/2592
f 3720/1260/2592 3722/1262/2594 3721/1261/2593
f 3723/1263/2595 3721/1261/2593 3722/1262/2594
f 3722/1262/2594 3724/1264/2596 3723/1263/2595
f 3725/1265/2597 3726/1266/2598 3716/1256/2588
f 3716/1256/2588 3715/1255/2587 3725/1265/2597
f 3727/1267/2599 3728/1265/2600 3729/1255/2601
f 3715/1255/2587 3719/1259/2591 3727/1267/2602
f 3730/1268/2603 3727/1267/2602 3719/1259/2591
f 3719/1259/2591 3721/1261/2593 3730/1268/2603
f 3731/1269/2604 3730/1268/2603 3721/1261/2593
f 3721/1261/2593 3723/1263/2595 3731/1269/2604
f 3732/1270/2605 3733/1271/2606 3726/1266/2598
f 3726/1266/2598 3725/1265/2597 3732/1270/2605
f 3734/1272/2607 3732/1270/2605 3725/1265/2597
f 3725/1265/2597 3727/1267/2602 3734/1272/2607
f 3735/1273/2608 3734/1272/2607 3727/1267/2602
f 3727/1267/2602 3730/1268/2603 3735/1273/2608
f 3736/1274/2609 3735/1273/2608 3730/1268/2603
f 3730/1268/2603 3731/1269/2604 3736/1274/2609
f 3737/1275/2610 3738/17/17 3733/1271/2606
f 3733/1271/2606 3732/1270/2605 3737/1275/2610
f 3739/1276/2611 3737/1275/2610 3732/1270/2605
f 3732/1270/2605 3734/1272/2607 3739/1276/2611
f 3740/1277/2612 3739/1276/2611 3734/1272/2607
f 3734/1272/2607 3735/1273/2608 3740/1277/2612
f 3741/1278/2613 3740/1277/2612 3735/1273/2608
f 3735/1273/2608 3736/1274/2609 3741/1278/2613
f 3742/1279/2614 3743/1280/2615 3737/1275/2610
f 3737/1275/2610 3739/1276/2611 3742/1279/2614
f 3744/1281/2616 3742/1279/2614 3739/1276/2611
f 3739/1276/2611 3740/1277/2612 3744/1281/2616
f 3745/1282/2617 3744/1281/2616 3740/1277/2612
f 3740/1277/2612 3741/1278/2613 3745/1282/2617
f 3746/38/36 3747/1283/2570 3748/1284/2579
f 3749/1284/2618 3750/1285/2619 3751/38/2620
f 3752/1286/2621 3753/1287/2622 3754/700/2623
f 3754/700/2623 3755/699/2624 3752/1286/2621
f 3756/1288/2625 3757/1289/2626 3758/1290/21
f 3759/1291/2627 3760/1292/2628 3758/1290/21
f 3758/1290/21 3757/1289/2626 3759/1291/2627
f 3761/1293/2629 3762/28/26 3763/1294/2630
f 3763/1294/2630 3764/1295/2631 3761/1293/2629
f 3762/28/26 3761/1293/2629 3765/1296/2632
f 3766/1297/2633 3767/34/2634 3762/28/26
f 3762/28/26 3765/1296/2632 3766/1297/2633
f 3768/1298/2635 3769/51/2636 3770/48/2637
f 3770/48/2637 3771/1299/2638 3768/1298/2635
f 3772/52/50 3769/51/2636 3768/1298/2635
f 3773/1300/2639 3774/1301/2640 3775/1302/2641
f 3775/1302/2641 3776/1303/2642 3773/1300/2639
f 3704/1247/2578 3712/1252/2585 3777/1304/13
f 3777/1304/13 3692/1239/2579 3704/1247/2578
f 3778/1305/2643 3779/1306/2644 3780/1307/2645
f 3780/1307/2645 3781/1308/2646 3778/1305/2643
f 3781/1308/2646 3780/1307/2645 3782/1309/2647
f 3782/1309/2647 3783/1310/2648 3781/1308/2646
f 3783/1310/2648 3782/1309/2647 3784/1311/2649
f 3784/1311/2649 3785/1312/2650 3783/1310/2648
f 3786/1313/2651 3787/1314/2652 3788/1315/2653
f 3788/1315/2653 3789/1316/2654 3786/1313/2651
f 3790/1317/2655 3788/1315/2653 3787/1314/2652
f 3781/1308/2646 3761/1293/2629 3764/1295/2631
f 3783/1310/2648 3765/1296/2632 3761/1293/2629
f 3761/1293/2629 3781/1308/2646 3783/1310/2648
f 3785/1312/2650 3766/1297/2633 3765/1296/2632
f 3765/1296/2632 3783/1310/2648 3785/1312/2650
f 3789/1316/2654 3768/1298/2635 3771/1299/2638
f 3771/1299/2638 3786/1313/2651 3789/1316/2654
f 3791/1318/2656 3792/1319/2657 3793/1320/2658
f 3791/1318/2656 3793/1320/2658 3794/1321/2659
f 3795/1322/2660 3796/1323/2661 3745/1282/2617
f 3745/1282/2617 3741/1278/2613 3795/1322/2660
f 3736/1274/2609 3797/1324/2662 3795/1322/2660
f 3795/1322/2660 3741/1278/2613 3736/1274/2609
f 3798/1325/2663 3797/1324/2662 3736/1274/2609
f 3736/1274/2609 3731/1269/2604 3798/1325/2663
f 3799/1326/2664 3800/1327/2665 3723/1263/2595
f 3723/1263/2595 3724/1264/2596 3799/1326/2664
f 3801/1328/2666 3802/1329/2667 3701/1244/2575
f 3701/1244/2575 3702/1245/2576 3801/1328/2666
f 3803/1330/2668 3724/1264/2596 3722/1262/2594
f 3722/1262/2594 3804/1331/2669 3803/1330/2668
f 3805/1332/2670 3806/1330/2668 3807/1331/2669
f 3804/1331/2669 3808/1333/2671 3805/1332/2670
f 3809/1334/2672 3810/1335/2673 3808/1333/2671
f 3808/1333/2671 3804/1331/2669 3809/1334/2672
f 3720/1260/2592 3809/1334/2672 3804/1331/2669
f 3804/1331/2669 3722/1262/2594 3720/1260/2592
f 3811/1336/2674 3812/1337/2675 3718/1258/2590
f 3718/1258/2590 3717/1257/2589 3811/1336/2674
f 3809/1334/2672 3720/1260/2592 3718/1258/2590
f 3718/1258/2590 3812/1337/2675 3809/1334/2672
f 3810/1335/2673 3809/1334/2672 3812/1337/2675
f 3812/1337/2675 3713/1253/2586 3810/1335/2673
f 3811/1336/2674 3714/1254/1 3713/1253/2586
f 3713/1253/2586 3812/1337/2675 3811/1336/2674
f 3813/37/35 3737/1275/2610 3743/1280/2615
f 3737/1275/2610 3813/37/35 3738/17/17
f 3814/1338/2676 3803/1330/2668 3805/1332/2670
f 3805/1332/2670 3815/1339/2677 3814/1338/2676
f 3814/1338/2676 3799/1326/2664 3724/1264/2596
f 3724/1264/2596 3803/1330/2668 3814/1338/2676
f 3798/1325/2663 3731/1269/2604 3723/1263/2595
f 3723/1263/2595 3800/1327/2665 3798/1325/2663
f 3816/1340/2678 3815/1339/2677 3805/1332/2670
f 3805/1332/2670 3817/1341/2679 3816/1340/2678
f 3818/1342/2680 3709/1249/2582 3701/1244/2575
f 3701/1244/2575 3802/1329/2667 3818/1342/2680
f 3817/1341/2679 3805/1332/2670 3808/1333/2671
f 3808/1333/2671 3819/1343/2681 3817/1341/2679
f 3819/1343/2681 3808/1333/2671 3810/1335/2673
f 3810/1335/2673 3820/1344/2682 3819/1343/2681
f 3810/1335/2673 3713/1253/2586 3710/1250/2583
f 3710/1250/2583 3820/1344/2682 3810/1335/2673
f 3710/1250/2583 3704/1247/2578 3703/1246/2577
f 3703/1246/2577 3820/1344/2682 3710/1250/2583
f 3693/1240/2683 3821/1345/2684 3695/1241/2685
f 3821/1345/2684 3822/1346/2686 3823/1243/2574
f 3699/1243/2687 3695/1241/2685 3821/1345/2684
f 3822/1346/2688 3824/1347/2689 3702/1245/2576
f 3702/1245/2576 3699/1243/2574 3822/1346/2688
f 3702/1245/2576 3824/1347/2689 3825/1348/2690
f 3825/1348/2690 3801/1328/2666 3702/1245/2576
f 3826/1349/2691 3747/1283/2570 3827/40/2692
f 3827/40/2692 3747/1283/2570 3746/38/36
f 3828/1350/2693 3773/1300/2639 3776/1303/2642
f 3776/1303/2642 3829/1351/2694 3828/1350/2693
f 3830/1352/2695 3828/1350/2693 3829/1351/2694
f 3829/1351/2694 3831/1353/2696 3830/1352/2695
f 3776/1303/2642 3790/1317/2655 3832/1354/2697
f 3832/1354/2697 3829/1351/2694 3776/1303/2642
f 3829/1351/2694 3832/1354/2697 3833/1355/2698
f 3833/1355/2698 3831/1353/2696 3829/1351/2694
f 3832/1354/2697 3834/1356/2699 3835/1357/2700
f 3835/1357/2700 3833/1355/2698 3832/1354/2697
f 3836/1358/2701 3768/1298/2635 3789/1316/2654
f 3789/1316/2654 3837/1359/2702 3836/1358/2701
f 3837/1359/2702 3789/1316/2654 3838/1360/2703
f 3838/1360/2703 3789/1316/2654 3839/1361/2704
f 3839/1361/2704 3789/1316/2654 3788/1315/2653
f 3788/1315/2653 3775/1302/2641 3839/1361/2704
f 3775/1302/2641 3788/1315/2653 3790/1317/2655
f 3790/1317/2655 3776/1303/2642 3775/1302/2641
f 3771/1299/2638 3766/1297/2633 3785/1312/2650
f 3785/1312/2650 3786/1313/2651 3771/1299/2638
f 3786/1313/2651 3785/1312/2650 3784/1311/2649
f 3784/1311/2649 3787/1314/2652 3786/1313/2651
f 3834/1356/2699 3840/1362/2705 3841/1363/2706
f 3841/1363/2706 3835/1357/2700 3834/1356/2699
f 3832/1354/2697 3790/1317/2655 3834/1356/2699
f 3834/1356/2699 3790/1317/2655 3787/1314/2652
f 3787/1314/2652 3784/1311/2649 3840/1362/2705
f 3840/1362/2705 3834/1356/2699 3787/1314/2652
f 3784/1311/2649 3782/1309/2647 3842/1364/2707
f 3842/1364/2707 3840/1362/2705 3784/1311/2649
f 3782/1309/2647 3780/1307/2645 3843/1365/2708
f 3843/1365/2708 3842/1364/2707 3782/1309/2647
f 3842/1364/2707 3844/1366/2709 3841/1363/2706
f 3841/1363/2706 3840/1362/2705 3842/1364/2707
f 3842/1364/2707 3843/1365/2708 3845/1367/2710
f 3845/1367/2710 3844/1366/2709 3842/1364/2707
f 3843/1365/2708 3780/1307/2645 3779/1306/2644
f 3779/1306/2644 3846/1368/2711 3843/1365/2708
f 3846/1368/2711 3847/1369/2712 3845/1367/2710
f 3845/1367/2710 3843/1365/2708 3846/1368/2711
f 3848/1370/2712 3849/1371/2713 3850/1372/2714
f 3850/1372/2714 3851/1373/2715 3848/1370/2712
f 3851/1373/2715 3850/1372/2714 3852/1374/2716
f 3852/1374/2716 3853/1375/2717 3851/1373/2715
f 3853/1375/2717 3852/1374/2716 3854/1376/2718
f 3854/1376/2718 3855/1377/2719 3853/1375/2717
f 3855/1377/2719 3854/1376/2718 3856/1378/2720
f 3856/1378/2720 3857/1379/2721 3855/1377/2719
f 3858/1380/2644 3859/1381/2722 3850/1372/2714
f 3850/1372/2714 3849/1371/2713 3858/1380/2644
f 3859/1381/2722 3860/1382/2723 3852/1374/2716
f 3852/1374/2716 3850/1372/2714 3859/1381/2722
f 3861/1383/2724 3862/1384/2725 3854/1376/2718
f 3854/1376/2718 3862/1384/2725 3856/1378/2720
f 3862/1384/2725 3863/1385/701 3864/1386/694
f 3864/1386/694 3856/1378/2720 3862/1384/2725
f 3856/1378/2720 3864/1386/694 3865/1387/1959
f 3865/1387/1959 3857/1379/2721 3856/1378/2720
f 3861/1383/2724 3791/1318/2656 3862/1384/2725
f 3791/1318/2656 3794/1321/2659 3862/1384/2725
f 3794/1321/2659 3793/1320/2658 3752/1286/2621
f 3794/1321/2659 3752/1286/2621 3866/697/702
f 3866/697/702 3752/1286/2621 3755/699/2624
f 3866/697/702 3863/1385/701 3862/1384/2725
f 3862/1384/2725 3794/1321/2659 3866/697/702
f 3867/1388/2726 3868/1389/2727 3860/1382/2723
f 3860/1382/2723 3859/1381/2722 3867/1388/2726
f 3859/1381/2722 3858/1380/2644 3869/1390/2728
f 3869/1390/2728 3867/1388/2726 3859/1381/2722
f 3870/1391/2729 3871/1392/2730 3868/1389/2727
f 3868/1389/2727 3867/1388/2726 3870/1391/2729
f 3759/1291/2627 3757/1289/2626 3872/1393/2643
f 3872/1393/2643 3873/1394/2646 3759/1291/2627
f 3874/1395/2731 3870/1391/2729 3867/1388/2726
f 3867/1388/2726 3869/1390/2728 3874/1395/2731
f 3875/1396/43 3871/1392/2730 3870/1391/2729
f 3876/1391/2729 3877/1397/40 3878/1396/2732
f 3875/1396/43 3879/1398/2733 3880/1399/2734
f 3880/1399/2734 3871/1392/2730 3875/1396/43
f 3766/1297/2633 3771/1299/2638 3770/48/2637
f 3770/48/2637 3767/34/2634 3766/1297/2633
f 3772/52/50 3837/1359/2702 3838/1360/2703
f 3837/1359/2702 3772/52/50 3836/1358/2701
f 3836/1358/2701 3772/52/50 3768/1298/2635
f 3880/1399/2734 3868/1389/2727 3871/1392/2730
f 3880/1399/2734 3791/1318/2656 3868/1389/2727
f 3868/1389/2727 3791/1318/2656 3861/1383/2724
f 3861/1383/2724 3860/1382/2723 3868/1389/2727
f 3860/1382/2723 3861/1383/2724 3854/1376/2718
f 3854/1376/2718 3852/1374/2716 3860/1382/2723
f 3791/1318/2656 3880/1399/2734 3792/1319/2657
f 3881/1400/2735 3772/52/50 3838/1360/2703
f 3838/1360/2703 3839/1361/2704 3881/1400/2735
f 3839/1361/2704 3882/1302/2736 3883/1301/2640
f 3883/1301/2640 3881/1400/2735 3839/1361/2704
f 3884/1401/70 3772/52/50 3881/1400/2735
f 3885/62/71 3772/52/50 3884/1401/70
f 3886/1402/2737 3877/1397/2738 3870/1391/2729
f 3870/1391/2729 3874/1395/2731 3886/1402/2737
f 3887/1403/2739 3744/1281/2616 3745/1282/2617
f 3745/1282/2617 3888/1404/2740 3887/1403/2739
f 3889/1405/2741 3890/1406/2742 3891/1407/2743
f 3744/1281/2616 3887/1403/2739 3892/1408/2741
f 3893/1409/2744 3894/80/80 3895/79/79
f 3896/1410/2745 3897/1146/2746 3898/1411/2747
f 3898/1411/2747 3899/1412/2748 3896/1410/2745
f 3897/1146/2746 3900/1147/2749 3901/1413/2750
f 3901/1413/2750 3898/1411/2747 3897/1146/2746
f 3902/1142/2751 3896/1410/2745 3899/1412/2748
f 3899/1412/2748 3903/1414/2752 3902/1142/2751
f 3904/1415/2753 3905/1416/2751 3906/1417/2752
f 3906/1417/2752 3907/1418/2754 3904/1415/2753
f 3908/1419/2755 3904/1415/2753 3907/1418/2754
f 3907/1418/2754 3909/1420/2756 3908/1419/2755
f 3910/1421/2757 3911/1422/76 3912/1423/75
f 3912/1423/75 3913/1424/2758 3910/1421/2757
f 3914/1425/2759 3915/1426/2760 3916/1427/80
f 3917/1428/2760 3893/1409/2759 3890/1406/2742
f 3890/1406/2742 3889/1405/2741 3917/1428/2760
f 3796/1323/2661 3918/1429/2761 3888/1404/2740
f 3888/1404/2740 3745/1282/2617 3796/1323/2661
f 3919/1430/2758 3908/1419/2755 3909/1420/2756
f 3909/1420/2756 3920/1431/2762 3919/1430/2758
f 3901/1413/2750 3921/1432/2763 3922/1433/2764
f 3922/1433/2764 3898/1411/2747 3901/1413/2750
f 3898/1411/2747 3922/1433/2764 3923/1434/2765
f 3923/1434/2765 3899/1412/2748 3898/1411/2747
f 3899/1412/2748 3923/1434/2765 3924/1435/2766
f 3924/1435/2766 3903/1414/2752 3899/1412/2748
f 3925/1436/2767 3926/1437/2768 3927/1438/2769
f 3927/1438/2769 3928/1439/2770 3925/1436/2767
f 3928/1439/2770 3927/1438/2769 3929/1440/2771
f 3929/1440/2771 3930/1441/2772 3928/1439/2770
f 3930/1441/2772 3929/1440/2771 3931/82/82
f 3931/82/82 3932/84/83 3930/1441/2772
f 3924/1435/2766 3926/1437/2768 3925/1436/2767
f 3925/1436/2767 3903/1414/2752 3924/1435/2766
f 3933/1442/2773 3934/1443/2774 3935/1444/2775
f 3935/1444/2775 3936/1445/2776 3933/1442/2773
f 3934/1443/2774 3937/1446/2777 3938/1447/2778
f 3938/1447/2778 3935/1444/2775 3934/1443/2774
f 3937/1446/2777 3939/1448/2779 3940/1449/2780
f 3940/1449/2780 3938/1447/2778 3937/1446/2777
f 3941/1450/2781 3942/1451/2782 3943/1452/2783
f 3944/174/168 3945/172/166 3936/1445/2776
f 3941/1450/2781 3946/1453/2784 3947/1454/2785
f 3948/1455/2785 3949/1456/2786 3950/1457/2781
f 3935/1444/2775 3938/1447/2778 3951/1458/2787
f 3951/1458/2787 3952/1459/2788 3935/1444/2775
f 3938/1447/2778 3940/1449/2780 3953/1460/2789
f 3953/1460/2789 3951/1458/2787 3938/1447/2778
f 3954/1461/2790 3955/1462/2791 3956/178/2792
f 3956/178/2792 3957/241/222 3954/1461/2790
f 3954/1461/2790 3958/1463/2785 3959/1464/2793
f 3959/1464/2793 3955/1462/2791 3954/1461/2790
f 3958/1463/2785 3960/1465/2794 3961/1466/2795
f 3961/1466/2795 3959/1464/2793 3958/1463/2785
f 3960/1465/2794 3962/1467/2796 3963/1468/2797
f 3963/1468/2797 3961/1466/2795 3960/1465/2794
f 3955/1462/2791 3959/1464/2793 3964/1469/2798
f 3964/1469/2798 3965/1470/2799 3955/1462/2791
f 3959/1464/2793 3961/1466/2795 3966/1471/2800
f 3966/1471/2800 3964/1469/2798 3959/1464/2793
f 3961/1466/2795 3963/1468/2797 3967/1472/2801
f 3967/1472/2801 3966/1471/2800 3961/1466/2795
f 3933/1442/2773 3936/1445/2776 3945/172/166
f 3945/172/166 3968/173/2802 3933/1442/2773
f 3942/1451/2782 3969/1473/2803 3943/1452/2783
f 3955/1462/2791 3965/1470/2799 3970/175/2804
f 3970/175/2804 3956/178/2792 3955/1462/2791
f 3971/1474/2805 3972/1475/2806 3973/1476/2807
f 3973/1476/2807 3974/1477/2808 3971/1474/2805
f 3937/1446/2777 3975/1478/2809 3976/1479/2810
f 3976/1479/2810 3939/1448/2779 3937/1446/2777
f 3977/1480/2811 3978/154/2812 3979/142/2813
f 3979/142/2813 3980/1481/2814 3977/1480/2811
f 3968/173/2802 3981/212/2815 3982/1482/2816
f 3982/1482/2816 3933/1442/2773 3968/173/2802
f 3983/1483/2817 3984/1484/2818 3985/1485/2819
f 3985/1485/2819 3986/1486/2820 3983/1483/2817
f 3986/1486/2820 3985/1485/2819 3987/1487/2821
f 3987/1487/2821 3988/1488/2822 3986/1486/2820
f 3988/1488/2822 3987/1487/2821 3989/1489/2823
f 3989/1489/2823 3990/1490/2824 3988/1488/2822
f 3991/129/124 3992/110/2825 3984/1484/2818
f 3984/1484/2818 3983/1483/2817 3991/129/124
f 3931/82/82 3929/1440/2771 3992/110/2825
f 3987/1487/2821 3923/1434/2765 3922/1433/2764
f 3922/1433/2764 3989/1489/2823 3987/1487/2821
f 3987/1487/2821 3985/1485/2819 3924/1435/2766
f 3924/1435/2766 3923/1434/2765 3987/1487/2821
f 3985/1485/2819 3926/1437/2768 3924/1435/2766
f 3984/1484/2818 3927/1438/2769 3926/1437/2768
f 3926/1437/2768 3985/1485/2819 3984/1484/2818
f 3984/1484/2818 3992/110/2825 3929/1440/2771
f 3929/1440/2771 3927/1438/2769 3984/1484/2818
f 3982/1482/2816 3977/1480/2811 3993/1491/2826
f 3993/1491/2826 3994/1492/2827 3982/1482/2816
f 3977/1480/2811 3980/1481/2814 3995/1493/2828
f 3995/1493/2828 3993/1491/2826 3977/1480/2811
f 3993/1491/2826 3995/1493/2828 3972/1475/2806
f 3972/1475/2806 3971/1474/2805 3993/1491/2826
f 3994/1492/2827 3993/1491/2826 3971/1474/2805
f 3971/1474/2805 3975/1478/2809 3994/1492/2827
f 3980/1481/2814 3979/142/2813 3991/129/124
f 3991/129/124 3983/1483/2817 3980/1481/2814
f 3983/1483/2817 3986/1486/2820 3995/1493/2828
f 3995/1493/2828 3980/1481/2814 3983/1483/2817
f 3995/1493/2828 3986/1486/2820 3988/1488/2822
f 3988/1488/2822 3972/1475/2806 3995/1493/2828
f 3972/1475/2806 3988/1488/2822 3990/1490/2824
f 3990/1490/2824 3973/1476/2807 3972/1475/2806
f 3880/1399/2734 3879/1398/2733 3792/1319/2657
f 3792/1319/2657 3879/1398/2733 3752/1286/2621
f 3752/1286/2621 3793/1320/2658 3792/1319/2657
f 3879/1398/2733 3753/1287/2622 3752/1286/2621
f 3816/1340/2678 3817/1341/2679 3709/1249/2582
f 3709/1249/2582 3818/1342/2680 3816/1340/2678
f 3709/1249/2582 3817/1341/2679 3819/1343/2681
f 3819/1343/2681 3708/1248/2581 3709/1249/2582
f 3708/1248/2581 3819/1343/2681 3820/1344/2682
f 3820/1344/2682 3703/1246/2577 3708/1248/2581
f 3975/1478/2809 3971/1474/2805 3974/1477/2808
f 3974/1477/2808 3976/1479/2810 3975/1478/2809
f 3981/212/2815 3978/154/2812 3977/1480/2811
f 3977/1480/2811 3982/1482/2816 3981/212/2815
f 3994/1492/2827 3934/1443/2774 3933/1442/2773
f 3933/1442/2773 3982/1482/2816 3994/1492/2827
f 3975/1478/2809 3937/1446/2777 3934/1443/2774
f 3934/1443/2774 3994/1492/2827 3975/1478/2809
f 3939/1448/2779 3996/1494/2829 3997/1495/2830
f 3997/1495/2830 3940/1449/2780 3939/1448/2779
f 3940/1449/2780 3997/1495/2830 3998/1496/2831
f 3998/1496/2831 3953/1460/2789 3940/1449/2780
f 3962/1467/2796 3999/1497/2832 4000/1498/2833
f 4000/1498/2833 3963/1468/2797 3962/1467/2796
f 3963/1468/2797 4000/1498/2833 4001/1499/2834
f 4001/1499/2834 3967/1472/2801 3963/1468/2797
f 3974/1477/2808 3973/1476/2807 4002/1500/2835
f 4002/1500/2835 4003/1501/2836 3974/1477/2808
f 3939/1448/2779 3976/1479/2810 4004/1502/2837
f 4004/1502/2837 3996/1494/2829 3939/1448/2779
f 3990/1490/2824 3989/1489/2823 4005/1503/2838
f 4005/1503/2838 4006/1504/2839 3990/1490/2824
f 3989/1489/2823 3922/1433/2764 3921/1432/2763
f 3921/1432/2763 4005/1503/2838 3989/1489/2823
f 3973/1476/2807 3990/1490/2824 4006/1504/2839
f 4006/1504/2839 4002/1500/2835 3973/1476/2807
f 3976/1479/2810 3974/1477/2808 4003/1501/2836
f 4003/1501/2836 4004/1502/2837 3976/1479/2810
f 4007/1505/2840 4008/1506/2841 4009/1507/2842
f 4009/1507/2842 4010/1508/2843 4007/1505/2840
f 4011/1509/2844 4012/1510/2845 4008/1506/2841
f 4008/1506/2841 4007/1505/2840 4011/1509/2844
f 4013/1511/2846 4014/1512/2847 4012/1510/2845
f 4012/1510/2845 4011/1509/2844 4013/1511/2846
f 4015/1513/2848 4007/1505/2840 4010/1508/2843
f 4010/1508/2843 4016/1514/2849 4015/1513/2848
f 4017/1515/2850 4011/1509/2844 4007/1505/2840
f 4007/1505/2840 4015/1513/2848 4017/1515/2850
f 4018/1516/2851 4013/1511/2846 4011/1509/2844
f 4011/1509/2844 4017/1515/2850 4018/1516/2851
f 4019/1517/2852 4016/1514/2849 4020/1518/2853
f 4020/1518/2853 4021/1519/2854 4019/1517/2852
f 4022/1520/2855 4019/1517/2852 4021/1519/2854
f 4021/1519/2854 4023/1521/1330 4022/1520/2855
f 4024/1522/2856 4025/1523/2857 4026/1524/2858
f 4026/1524/2858 4027/1525/2859 4024/1522/2856
f 4028/1526/2860 4029/1527/2861 4025/1523/2857
f 4025/1523/2857 4024/1522/2856 4028/1526/2860
f 4030/1528/2862 4031/1529/2863 4029/1527/2861
f 4029/1527/2861 4028/1526/2860 4030/1528/2862
f 4032/1530/2864 4033/1531/2865 4031/1529/2863
f 4031/1529/2863 4030/1528/2862 4032/1530/2864
f 4034/1532/2866 4024/1522/2856 4027/1525/2859
f 4027/1525/2859 4035/1533/2867 4034/1532/2866
f 4036/1534/2868 4028/1526/2860 4024/1522/2856
f 4024/1522/2856 4034/1532/2866 4036/1534/2868
f 4037/1535/2869 4030/1528/2862 4028/1526/2860
f 4028/1526/2860 4036/1534/2868 4037/1535/2869
f 4038/1536/2870 4032/1530/2864 4030/1528/2862
f 4030/1528/2862 4037/1535/2869 4038/1536/2870
f 4039/1537/2871 4034/1532/2866 4035/1533/2867
f 4035/1533/2867 4040/1538/2872 4039/1537/2871
f 4041/1539/2873 4036/1534/2868 4034/1532/2866
f 4034/1532/2866 4039/1537/2871 4041/1539/2873
f 4042/1540/2874 4037/1535/2869 4036/1534/2868
f 4036/1534/2868 4041/1539/2873 4042/1540/2874
f 4043/1541/2875 4038/1536/2870 4037/1535/2869
f 4037/1535/2869 4042/1540/2874 4043/1541/2875
f 4044/1542/2876 4039/1537/2871 4040/1538/2872
f 4040/1538/2872 4045/1543/1346 4044/1542/2876
f 4046/1544/2877 4041/1539/2873 4039/1537/2871
f 4039/1537/2871 4044/1542/2876 4046/1544/2877
f 4047/1545/2878 4042/1540/2874 4041/1539/2873
f 4041/1539/2873 4046/1544/2877 4047/1545/2878
f 4048/1546/2879 4043/1541/2875 4042/1540/2874
f 4042/1540/2874 4047/1545/2878 4048/1546/2879
f 4049/1547/2880 4046/1544/2877 4044/1542/2876
f 4044/1542/2876 4050/1548/2881 4049/1547/2880
f 4051/1549/2882 4047/1545/2878 4046/1544/2877
f 4046/1544/2877 4049/1547/2880 4051/1549/2882
f 4052/1550/2883 4048/1546/2879 4047/1545/2878
f 4047/1545/2878 4051/1549/2882 4052/1550/2883
f 4053/1551/2884 4054/1552/2885 4055/1553/2886
f 4055/1553/2886 4056/1554/2887 4053/1551/2884
f 4057/1555/2888 4058/1556/2889 4059/1557/1964
f 4059/1557/1964 4060/1558/1382 4057/1555/2888
f 4061/1559/2890 4062/1560/2891 4063/1561/2892
f 4064/1562/2893 4063/1561/2892 4062/1560/2891
f 4062/1560/2891 4065/1563/2894 4064/1562/2893
f 4066/1564/2895 4067/1565/2896 4068/1566/2897
f 4068/1566/2897 4069/1567/1355 4066/1564/2895
f 4069/1567/1355 4070/1568/2898 4066/1564/2895
f 4071/1569/2899 4070/1568/2898 4069/1567/1355
f 4069/1567/1355 4072/1570/2900 4071/1569/2899
f 4073/1571/2901 4074/1572/2902 4075/1573/2903
f 4075/1573/2903 4076/1574/2904 4073/1571/2901
f 4077/1575/2905 4073/1571/2901 4076/1574/2904
f 4078/1576/2906 4079/1577/2907 4080/1578/2908
f 4080/1578/2908 4081/1579/2909 4078/1576/2906
f 4016/1514/2849 4010/1508/2843 4082/1580/2885
f 4082/1580/2885 4020/1518/2853 4016/1514/2849
f 4083/1581/2910 4084/1582/2911 4085/1583/2912
f 4085/1583/2912 4086/1584/2913 4083/1581/2910
f 4084/1582/2911 4087/1585/2914 4088/1586/2915
f 4088/1586/2915 4085/1583/2912 4084/1582/2911
f 4087/1585/2914 4089/1587/2916 4090/1588/2917
f 4090/1588/2917 4088/1586/2915 4087/1585/2914
f 4091/1589/2918 4092/1590/2919 4093/1591/2920
f 4093/1591/2920 4094/1592/2921 4091/1589/2918
f 4095/1593/2922 4094/1592/2921 4093/1591/2920
f 4084/1582/2911 4067/1565/2896 4066/1564/2895
f 4087/1585/2914 4084/1582/2911 4066/1564/2895
f 4066/1564/2895 4070/1568/2898 4087/1585/2914
f 4089/1587/2916 4087/1585/2914 4070/1568/2898
f 4070/1568/2898 4071/1569/2899 4089/1587/2916
f 4092/1590/2919 4091/1589/2918 4074/1572/2902
f 4074/1572/2902 4073/1571/2901 4092/1590/2919
f 4096/1594/2923 4097/1595/2924 4098/1596/2925
f 4096/1594/2923 4099/1597/2926 4097/1595/2924
f 3795/1322/2660 4048/1546/2879 4052/1550/2883
f 4052/1550/2883 3796/1323/2661 3795/1322/2660
f 4043/1541/2875 4048/1546/2879 3795/1322/2660
f 3795/1322/2660 3797/1324/2662 4043/1541/2875
f 3798/1325/2663 4038/1536/2870 4043/1541/2875
f 4043/1541/2875 3797/1324/2662 3798/1325/2663
f 3799/1326/2664 4033/1531/2865 4032/1530/2864
f 4032/1530/2864 3800/1327/2665 3799/1326/2664
f 3801/1328/2666 4014/1512/2847 4013/1511/2846
f 4013/1511/2846 3802/1329/2667 3801/1328/2666
f 4100/1598/2927 4101/1599/2928 4031/1529/2863
f 4031/1529/2863 4033/1531/2865 4100/1598/2927
f 4102/1600/2929 4103/1601/2930 4101/1599/2928
f 4101/1599/2928 4100/1598/2927 4102/1600/2929
f 4104/1602/2931 4101/1599/2928 4103/1601/2930
f 4103/1601/2930 4105/1603/2932 4104/1602/2931
f 4029/1527/2861 4031/1529/2863 4101/1599/2928
f 4101/1599/2928 4104/1602/2931 4029/1527/2861
f 4106/1604/2933 4026/1524/2858 4025/1523/2857
f 4025/1523/2857 4107/1605/2934 4106/1604/2933
f 4104/1602/2931 4107/1605/2934 4025/1523/2857
f 4025/1523/2857 4029/1527/2861 4104/1602/2931
f 4105/1603/2932 4022/1520/2855 4107/1605/2934
f 4107/1605/2934 4104/1602/2931 4105/1603/2932
f 4106/1604/2933 4107/1605/2934 4022/1520/2855
f 4022/1520/2855 4023/1521/1330 4106/1604/2933
f 4108/1606/1363 4050/1548/2881 4044/1542/2876
f 4044/1542/2876 4045/1543/1346 4108/1606/1363
f 3814/1338/2676 3815/1339/2677 4102/1600/2929
f 4102/1600/2929 4100/1598/2927 3814/1338/2676
f 3814/1338/2676 4100/1598/2927 4033/1531/2865
f 4033/1531/2865 3799/1326/2664 3814/1338/2676
f 3798/1325/2663 3800/1327/2665 4032/1530/2864
f 4032/1530/2864 4038/1536/2870 3798/1325/2663
f 3816/1340/2678 4109/1607/2935 4102/1600/2929
f 4102/1600/2929 3815/1339/2677 3816/1340/2678
f 3818/1342/2680 3802/1329/2667 4013/1511/2846
f 4013/1511/2846 4018/1516/2851 3818/1342/2680
f 4109/1607/2935 4110/1608/2936 4103/1601/2930
f 4103/1601/2930 4102/1600/2929 4109/1607/2935
f 4110/1608/2936 4111/1609/2937 4105/1603/2932
f 4105/1603/2932 4103/1601/2930 4110/1608/2936
f 4105/1603/2932 4111/1609/2937 4019/1517/2852
f 4019/1517/2852 4022/1520/2855 4105/1603/2932
f 4019/1517/2852 4111/1609/2937 4015/1513/2848
f 4015/1513/2848 4016/1514/2849 4019/1517/2852
f 4009/1507/2842 4008/1506/2841 4112/1610/2938
f 4112/1610/2938 4008/1506/2841 4012/1510/2845
f 4012/1510/2845 4113/1611/2939 4112/1610/2938
f 4113/1611/2939 4012/1510/2845 4014/1512/2847
f 4014/1512/2847 4114/1612/2940 4113/1611/2939
f 4014/1512/2847 3801/1328/2666 3825/1348/2690
f 3825/1348/2690 4114/1612/2940 4014/1512/2847
f 4115/1613/2938 4116/1614/2941 4056/1554/2887
f 4116/1614/2941 4053/1551/2884 4056/1554/2887
f 4117/1615/2942 4118/1616/2943 4079/1577/2907
f 4079/1577/2907 4078/1576/2906 4117/1615/2942
f 3830/1352/2695 3831/1353/2696 4118/1616/2943
f 4118/1616/2943 4117/1615/2942 3830/1352/2695
f 4079/1577/2907 4118/1616/2943 4119/1617/2944
f 4119/1617/2944 4095/1593/2922 4079/1577/2907
f 4118/1616/2943 3831/1353/2696 3833/1355/2698
f 3833/1355/2698 4119/1617/2944 4118/1616/2943
f 4119/1617/2944 3833/1355/2698 3835/1357/2700
f 3835/1357/2700 4120/1618/2945 4119/1617/2944
f 4121/1619/2946 4092/1590/2919 4073/1571/2901
f 4092/1590/2919 4121/1619/2946 4122/1620/2947
f 4122/1620/2947 4123/1621/2948 4092/1590/2919
f 4123/1621/2948 4124/1622/2949 4092/1590/2919
f 4124/1622/2949 4080/1578/2908 4093/1591/2920
f 4093/1591/2920 4092/1590/2919 4124/1622/2949
f 4080/1578/2908 4079/1577/2907 4095/1593/2922
f 4095/1593/2922 4093/1591/2920 4080/1578/2908
f 4074/1572/2902 4091/1589/2918 4089/1587/2916
f 4089/1587/2916 4071/1569/2899 4074/1572/2902
f 4091/1589/2918 4094/1592/2921 4090/1588/2917
f 4090/1588/2917 4089/1587/2916 4091/1589/2918
f 4120/1618/2945 3835/1357/2700 3841/1363/2706
f 3841/1363/2706 4125/1623/2950 4120/1618/2945
f 4119/1617/2944 4120/1618/2945 4095/1593/2922
f 4120/1618/2945 4094/1592/2921 4095/1593/2922
f 4094/1592/2921 4120/1618/2945 4125/1623/2950
f 4125/1623/2950 4090/1588/2917 4094/1592/2921
f 4090/1588/2917 4125/1623/2950 4126/1624/2951
f 4126/1624/2951 4088/1586/2915 4090/1588/2917
f 4088/1586/2915 4126/1624/2951 4127/1625/2952
f 4127/1625/2952 4085/1583/2912 4088/1586/2915
f 4126/1624/2951 4125/1623/2950 3841/1363/2706
f 3841/1363/2706 3844/1366/2709 4126/1624/2951
f 4126/1624/2951 3844/1366/2709 3845/1367/2710
f 3845/1367/2710 4127/1625/2952 4126/1624/2951
f 4127/1625/2952 4128/1626/2953 4086/1584/2913
f 4086/1584/2913 4085/1583/2912 4127/1625/2952
f 4128/1626/2953 4127/1625/2952 3845/1367/2710
f 3845/1367/2710 3847/1369/2712 4128/1626/2953
f 3848/1370/2712 3851/1373/2715 4129/1627/2954
f 4129/1627/2954 4130/1628/2955 3848/1370/2712
f 3851/1373/2715 3853/1375/2717 4131/1629/2956
f 4131/1629/2956 4129/1627/2954 3851/1373/2715
f 3853/1375/2717 3855/1377/2719 4132/1630/2957
f 4132/1630/2957 4131/1629/2956 3853/1375/2717
f 3855/1377/2719 3857/1379/2721 4133/1631/2958
f 4133/1631/2958 4132/1630/2957 3855/1377/2719
f 4134/1632/2959 4130/1628/2955 4129/1627/2954
f 4129/1627/2954 4135/1633/2960 4134/1632/2959
f 4135/1633/2960 4129/1627/2954 4131/1629/2956
f 4131/1629/2956 4136/1634/2961 4135/1633/2960
f 4137/1635/2962 4132/1630/2957 4138/1636/2963
f 4132/1630/2957 4133/1631/2958 4138/1636/2963
f 4138/1636/2963 4133/1631/2958 4139/1637/1958
f 4139/1637/1958 4140/1638/1960 4138/1636/2963
f 4133/1631/2958 3857/1379/2721 3865/1387/1959
f 3865/1387/1959 4139/1637/1958 4133/1631/2958
f 4137/1635/2962 4138/1636/2963 4096/1594/2923
f 4096/1594/2923 4138/1636/2963 4099/1597/2926
f 4099/1597/2926 4057/1555/2888 4097/1595/2924
f 4099/1597/2926 4141/1639/1961 4057/1555/2888
f 4141/1639/1961 4058/1556/2889 4057/1555/2888
f 4141/1639/1961 4099/1597/2926 4138/1636/2963
f 4138/1636/2963 4140/1638/1960 4141/1639/1961
f 4142/1640/2964 4135/1633/2960 4136/1634/2961
f 4136/1634/2961 4143/1641/2965 4142/1640/2964
f 4135/1633/2960 4142/1640/2964 4144/1642/2966
f 4144/1642/2966 4134/1632/2959 4135/1633/2960
f 4145/1643/2967 4142/1640/2964 4143/1641/2965
f 4143/1641/2965 4146/1644/2968 4145/1643/2967
f 4064/1562/2893 4147/1645/2911 4148/1646/2966
f 4148/1646/2966 4063/1561/2892 4064/1562/2893
f 4149/1647/2969 4144/1642/2966 4142/1640/2964
f 4142/1640/2964 4145/1643/2967 4149/1647/2969
f 4150/1648/1371 4151/1649/2970 4145/1643/2967
f 4145/1643/2967 4146/1644/2968 4150/1648/1371
f 4150/1648/1371 4146/1644/2968 4152/1650/2971
f 4152/1650/2971 4153/1651/2972 4150/1648/1371
f 4071/1569/2899 4072/1570/2900 4075/1573/2903
f 4075/1573/2903 4074/1572/2902 4071/1569/2899
f 4077/1575/2905 4123/1621/2948 4122/1620/2947
f 4122/1620/2947 4121/1619/2946 4077/1575/2905
f 4121/1619/2946 4073/1571/2901 4077/1575/2905
f 4152/1650/2971 4146/1644/2968 4143/1641/2965
f 4152/1650/2971 4143/1641/2965 4096/1594/2923
f 4143/1641/2965 4136/1634/2961 4137/1635/2962
f 4137/1635/2962 4096/1594/2923 4143/1641/2965
f 4136/1634/2961 4131/1629/2956 4132/1630/2957
f 4132/1630/2957 4137/1635/2962 4136/1634/2961
f 4096/1594/2923 4098/1596/2925 4152/1650/2971
f 4154/1652/2973 4123/1621/2948 4077/1575/2905
f 4123/1621/2948 4154/1652/2973 4124/1622/2949
f 4124/1622/2949 4154/1652/2973 4081/1579/2909
f 4081/1579/2909 4080/1578/2908 4124/1622/2949
f 4155/1653/1399 4154/1652/2973 4077/1575/2905
f 4156/1654/2974 4155/1653/1399 4077/1575/2905
f 4157/1655/2890 4145/1643/2967 4151/1649/2970
f 4145/1643/2967 4157/1655/2890 4149/1647/2969
f 4158/1656/2975 4159/1657/2976 4052/1550/2883
f 4052/1550/2883 4051/1549/2882 4158/1656/2975
f 4160/1658/2977 4158/1656/2975 4051/1549/2882
f 4161/1659/2978 4162/1660/2979 4163/1661/2980
f 4164/1662/2881 4165/1663/1854 4166/1664/1407
f 4167/1665/2981 4168/1666/2982 4169/1667/2983
f 4169/1667/2983 4170/1668/2984 4167/1665/2981
f 4170/1668/2984 4169/1667/2983 3901/1413/2750
f 3901/1413/2750 3900/1147/2749 4170/1668/2984
f 4171/1669/2985 4172/1670/2986 4168/1666/2982
f 4168/1666/2982 4167/1665/2981 4171/1669/2985
f 4173/1671/2987 4174/1672/2988 4175/1673/2986
f 4175/1673/2986 4176/1674/2985 4173/1671/2987
f 4177/1675/2989 4178/1676/2990 4174/1672/2988
f 4174/1672/2988 4173/1671/2987 4177/1675/2989
f 4179/1677/2991 4180/1678/2992 4181/1679/1402
f 4181/1679/1402 4182/1680/1404 4179/1677/2991
f 4183/1681/2881 4184/1682/1407 4185/1683/2993
f 4186/1684/2993 4163/1661/2980 4162/1660/2979
f 4162/1660/2979 4187/1685/2881 4186/1684/2993
f 3796/1323/2661 4052/1550/2883 4159/1657/2976
f 4159/1657/2976 3918/1429/2761 3796/1323/2661
f 4180/1678/2992 4179/1677/2991 4188/1686/2990
f 4188/1686/2990 4189/1687/2989 4180/1678/2992
f 3901/1413/2750 4169/1667/2983 4190/1688/2994
f 4190/1688/2994 3921/1432/2763 3901/1413/2750
f 4169/1667/2983 4168/1666/2982 4191/1689/2995
f 4191/1689/2995 4190/1688/2994 4169/1667/2983
f 4168/1666/2982 4172/1670/2986 4192/1690/2996
f 4192/1690/2996 4191/1689/2995 4168/1666/2982
f 4193/1691/2997 4194/1692/2998 4195/1693/2999
f 4195/1693/2999 4196/1694/3000 4193/1691/2997
f 4194/1692/2998 4197/1695/3001 4198/1696/3002
f 4198/1696/3002 4195/1693/2999 4194/1692/2998
f 4197/1695/3001 4199/1697/1411 4200/1698/1410
f 4200/1698/1410 4198/1696/3002 4197/1695/3001
f 4192/1690/2996 4172/1670/2986 4193/1691/2997
f 4193/1691/2997 4196/1694/3000 4192/1690/2996
f 4201/1699/3003 4202/1700/3004 4203/1701/3005
f 4203/1701/3005 4204/1702/3006 4201/1699/3003
f 4204/1702/3006 4203/1701/3005 4205/1703/3007
f 4205/1703/3007 4206/1704/3008 4204/1702/3006
f 4206/1704/3008 4205/1703/3007 4207/1705/3009
f 4207/1705/3009 4208/1706/3010 4206/1704/3008
f 4202/1700/3004 4209/1707/1492 4210/1708/1494
f 4211/1709/3011 4212/1710/3012 4213/1711/3013
f 4214/1712/3013 4215/1713/3014 4216/1714/3015
f 4217/1715/3015 4218/1716/3016 4213/1711/3013
f 4203/1701/3005 4219/1717/3015 4220/1718/3017
f 4220/1718/3017 4205/1703/3007 4203/1701/3005
f 4205/1703/3007 4220/1718/3017 4221/1719/3018
f 4221/1719/3018 4207/1705/3009 4205/1703/3007
f 4222/1720/3019 4223/1721/1545 4224/1722/3020
f 4224/1722/3020 4225/1723/3021 4222/1720/3019
f 4222/1720/3019 4225/1723/3021 4226/1724/3022
f 4226/1724/3022 4227/1725/3015 4222/1720/3019
f 4227/1725/3015 4226/1724/3022 4228/1726/3023
f 4228/1726/3023 4229/1727/3024 4227/1725/3015
f 4229/1727/3024 4228/1726/3023 4230/1728/3025
f 4230/1728/3025 4231/1729/3026 4229/1727/3024
f 4225/1723/3021 4232/1730/3027 4233/1731/3028
f 4233/1731/3028 4226/1724/3022 4225/1723/3021
f 4226/1724/3022 4233/1731/3028 4234/1732/3029
f 4234/1732/3029 4228/1726/3023 4226/1724/3022
f 4228/1726/3023 4234/1732/3029 4235/1733/3030
f 4235/1733/3030 4230/1728/3025 4228/1726/3023
f 4201/1699/3003 4236/1734/1493 4209/1707/1492
f 4209/1707/1492 4202/1700/3004 4201/1699/3003
f 4212/1710/3012 4211/1709/3011 4237/1735/3031
f 4225/1723/3021 4224/1722/3020 4238/1736/1496
f 4238/1736/1496 4232/1730/3027 4225/1723/3021
f 4239/1737/3032 4240/1738/3033 4241/1739/3034
f 4241/1739/3034 4242/1740/3035 4239/1737/3032
f 4206/1704/3008 4208/1706/3010 4243/1741/3036
f 4243/1741/3036 4244/1742/3037 4206/1704/3008
f 4245/1743/3038 4246/1744/3039 4247/1745/3040
f 4247/1745/3040 4248/1746/3041 4245/1743/3038
f 4236/1734/1493 4201/1699/3003 4249/1747/3042
f 4249/1747/3042 4250/1748/3043 4236/1734/1493
f 4251/1749/3044 4252/1750/3045 4253/1751/3046
f 4253/1751/3046 4254/1752/3047 4251/1749/3044
f 4252/1750/3045 4255/1753/3048 4256/1754/3049
f 4256/1754/3049 4253/1751/3046 4252/1750/3045
f 4255/1753/3048 4257/1755/3050 4258/1756/3051
f 4259/1756/3051 4260/1754/3052 4261/1753/3053
f 4262/1757/1453 4251/1749/3044 4263/1752/3054
f 4263/1752/3054 4264/1758/3055 4262/1757/1453
f 4200/1698/1410 4264/1758/3056 4198/1696/3002
f 4256/1754/3052 4258/1756/3051 4190/1688/2994
f 4190/1688/2994 4191/1689/2995 4256/1754/3052
f 4256/1754/3049 4265/1690/2996 4253/1751/3046
f 4192/1690/2996 4256/1754/3052 4191/1689/2995
f 4253/1751/3046 4192/1690/2996 4196/1694/3000
f 4254/1752/3047 4196/1694/3000 4195/1693/2999
f 4196/1694/3000 4254/1752/3047 4253/1751/3046
f 4254/1752/3047 4195/1693/2999 4198/1696/3002
f 4198/1696/3002 4264/1758/3056 4254/1752/3047
f 4249/1747/3042 4266/1759/3057 4267/1760/3058
f 4267/1760/3058 4245/1743/3038 4249/1747/3042
f 4245/1743/3038 4267/1760/3058 4268/1761/3059
f 4268/1761/3059 4246/1744/3039 4245/1743/3038
f 4267/1760/3058 4239/1737/3032 4242/1740/3035
f 4242/1740/3035 4268/1761/3059 4267/1760/3058
f 4266/1759/3057 4244/1742/3037 4239/1737/3032
f 4239/1737/3032 4267/1760/3058 4266/1759/3057
f 4246/1744/3039 4251/1749/3044 4262/1757/1453
f 4262/1757/1453 4247/1745/3040 4246/1744/3039
f 4251/1749/3044 4246/1744/3039 4268/1761/3059
f 4268/1761/3059 4252/1750/3045 4251/1749/3044
f 4268/1761/3059 4242/1740/3035 4255/1753/3048
f 4255/1753/3048 4252/1750/3045 4268/1761/3059
f 4242/1740/3035 4241/1739/3034 4257/1755/3050
f 4257/1755/3050 4255/1753/3048 4242/1740/3035
f 4152/1650/2971 4098/1596/2925 4153/1651/2972
f 4098/1596/2925 4097/1595/2924 4057/1555/2888
f 4057/1555/2888 4153/1651/2972 4098/1596/2925
f 4153/1651/2972 4057/1555/2888 4060/1558/1382
f 3816/1340/2678 3818/1342/2680 4018/1516/2851
f 4018/1516/2851 4109/1607/2935 3816/1340/2678
f 4018/1516/2851 4017/1515/2850 4110/1608/2936
f 4110/1608/2936 4109/1607/2935 4018/1516/2851
f 4017/1515/2850 4015/1513/2848 4111/1609/2937
f 4111/1609/2937 4110/1608/2936 4017/1515/2850
f 4244/1742/3037 4243/1741/3036 4240/1738/3033
f 4240/1738/3033 4239/1737/3032 4244/1742/3037
f 4250/1748/3043 4249/1747/3042 4245/1743/3038
f 4245/1743/3038 4248/1746/3041 4250/1748/3043
f 4266/1759/3057 4249/1747/3042 4201/1699/3003
f 4201/1699/3003 4204/1702/3006 4266/1759/3057
f 4244/1742/3037 4266/1759/3057 4204/1702/3006
f 4204/1702/3006 4206/1704/3008 4244/1742/3037
f 4208/1706/3010 4207/1705/3009 3997/1495/2830
f 3997/1495/2830 3996/1494/2829 4208/1706/3010
f 4207/1705/3009 4221/1719/3018 3998/1496/2831
f 3998/1496/2831 3997/1495/2830 4207/1705/3009
f 4231/1729/3026 4230/1728/3025 4000/1498/2833
f 4000/1498/2833 3999/1497/2832 4231/1729/3026
f 4230/1728/3025 4235/1733/3030 4001/1499/2834
f 4001/1499/2834 4000/1498/2833 4230/1728/3025
f 4240/1738/3033 4003/1501/2836 4002/1500/2835
f 4002/1500/2835 4241/1739/3034 4240/1738/3033
f 4208/1706/3010 3996/1494/2829 4004/1502/2837
f 4004/1502/2837 4243/1741/3036 4208/1706/3010
f 4257/1755/3050 4006/1504/2839 4005/1503/2838
f 4005/1503/2838 4258/1756/3051 4257/1755/3050
f 4258/1756/3051 4005/1503/2838 3921/1432/2763
f 3921/1432/2763 4190/1688/2994 4258/1756/3051
f 4241/1739/3034 4002/1500/2835 4006/1504/2839
f 4006/1504/2839 4257/1755/3050 4241/1739/3034
f 4243/1741/3036 4004/1502/2837 4003/1501/2836
f 4003/1501/2836 4240/1738/3033 4243/1741/3036
f 4269/1762/3060 4270/1763/3061 4271/1764/3061
f 4271/1764/3061 4272/1765/3060 4269/1762/3060
f 4273/1766/3061 4274/1767/3062 4275/1768/3062
f 4275/1768/3062 4276/1769/3061 4273/1766/3061
f 4274/1767/3062 4277/1770/3063 4278/1771/3063
f 4278/1771/3063 4275/1768/3062 4274/1767/3062
f 4277/1770/3063 4279/1772/3064 4280/1773/3064
f 4280/1773/3064 4278/1771/3063 4277/1770/3063
f 4281/1774/3065 4282/1775/3066 4283/1776/3066
f 4283/1776/3066 4284/1777/3064 4281/1774/3065
f 4282/1775/3066 4285/1778/3067 4286/1779/3067
f 4286/1779/3067 4283/1776/3066 4282/1775/3066
f 4287/1780/3067 4288/1781/3068 4289/1782/3068
f 4289/1782/3068 4290/1783/3067 4287/1780/3067
f 4288/1781/3068 4291/1784/3069 4292/1785/3069
f 4292/1785/3069 4289/1782/3068 4288/1781/3068
f 4291/1784/3069 4293/1786/3070 4294/1787/3070
f 4294/1787/3070 4292/1785/3069 4291/1784/3069
f 4295/1788/3071 4269/1762/3060 4272/1765/3060
f 4272/1765/3060 4296/1789/3070 4295/1788/3071
s 0
f 4297/1790/1328 4298/1791/1328 4299/1792/1328
f 4299/1792/1328 4300/1793/1328 4301/1794/1328
f 4301/1794/1328 4302/1795/1328 4303/1796/1328
f 4303/1796/1328 4304/1797/1328 4305/1798/1328
f 4301/1794/1328 4303/1796/1328 4305/1798/1328
f 4299/1792/1328 4301/1794/1328 4305/1798/1328
f 4297/1790/1328 4299/1792/1328 4305/1798/1328
f 4306/1799/1328 4297/1790/1328 4305/1798/1328
f 4307/1800/633 4308/1801/633 4309/1802/633
f 4309/1802/633 4310/1803/633 4311/1804/633
f 4311/1804/633 4312/1805/633 4313/1806/633
f 4313/1806/633 4314/1807/633 4315/1808/633
f 4311/1804/633 4313/1806/633 4315/1808/633
f 4309/1802/633 4311/1804/633 4315/1808/633
f 4307/1800/633 4309/1802/633 4315/1808/633
f 4316/1809/633 4307/1800/633 4315/1808/633
f 4317/1810/633 4318/1811/633 4319/1812/633
f 4319/1812/633 4320/1813/633 4317/1810/633
f 4318/1811/633 4321/1814/633 4322/1815/633
f 4322/1815/633 4319/1812/633 4318/1811/633
f 4321/1814/633 4323/1816/633 4324/1817/633
f 4324/1817/633 4322/1815/633 4321/1814/633
f 4323/1816/633 4325/1818/633 4326/1819/633
f 4326/1819/633 4324/1817/633 4323/1816/633
f 4325/1818/633 4327/1820/633 4328/1821/633
f 4328/1821/633 4326/1819/633 4325/1818/633
f 4327/1820/633 4329/1822/633 4330/1823/633
f 4330/1823/633 4328/1821/633 4327/1820/633
f 4329/1822/633 4331/1824/633 4332/1825/633
f 4332/1825/633 4330/1823/633 4329/1822/633
f 4331/1824/633 4333/1826/633 4334/1827/633
f 4334/1827/633 4332/1825/633 4331/1824/633
f 4333/1826/633 4335/1828/633 4336/1829/633
f 4336/1829/633 4334/1827/633 4333/1826/633
f 4335/1828/633 4317/1810/633 4320/1813/633
f 4320/1813/633 4336/1829/633 4335/1828/633
s 1
f 4337/1830/3072 4338/1831/3073 4339/1832/3074
f 4339/1832/3074 4340/1833/3072 4337/1830/3072
f 4341/1834/3073 4342/1835/3075 4343/1836/3075
f 4343/1836/3075 4344/1837/3074 4341/1834/3073
f 4345/1835/3076 4346/1838/3077 4347/1839/3077
f 4347/1839/3077 4348/1836/3078 4345/1835/3076
f 4349/1838/3079 4350/1840/3080 4351/1841/3080
f 4351/1841/3080 4352/1839/3081 4349/1838/3079
f 4353/1842/3080 4354/1843/3082 4355/1844/3082
f 4355/1844/3082 4356/1845/3083 4353/1842/3080
f 4357/1843/3082 4358/1846/3084 4359/1847/3084
f 4359/1847/3084 4360/1844/3082 4357/1843/3082
f 4361/1848/3084 4362/1849/3085 4363/1850/3086
f 4363/1850/3086 4364/1851/3084 4361/1848/3084
f 4365/1849/3087 4366/1852/3088 4367/1853/3089
f 4367/1853/3089 4368/1850/3087 4365/1849/3087
f 4369/1852/3090 4370/1854/3091 4371/1855/3091
f 4371/1855/3091 4372/1853/3092 4369/1852/3090
f 4373/1856/3091 4374/1830/3072 4375/1833/3072
f 4375/1833/3072 4376/1857/3093 4373/1856/3091
f 4377/1763/3094 4378/1762/3095 4379/1764/3096
f 4380/1765/3095 4379/1764/3096 4378/1762/3095
f 4381/1767/3097 4382/1766/3096 4383/1768/3097
f 4384/1769/3096 4383/1768/3097 4382/1766/3096
f 4385/1770/3098 4381/1767/3097 4386/1771/3098
f 4383/1768/3097 4386/1771/3098 4381/1767/3097
f 4387/1772/3099 4385/1770/3098 4388/1773/3099
f 4386/1771/3098 4388/1773/3099 4385/1770/3098
f 4389/1775/3100 4390/1774/3099 4391/1776/3100
f 4392/1777/3099 4391/1776/3100 4390/1774/3099
f 4393/1778/3101 4389/1775/3100 4394/1779/3102
f 4391/1776/3100 4394/1779/3102 4389/1775/3100
f 4395/1781/3103 4396/1780/3102 4397/1782/3103
f 4398/1783/3102 4397/1782/3103 4396/1780/3102
f 4399/1784/3104 4395/1781/3103 4400/1785/3104
f 4397/1782/3103 4400/1785/3104 4395/1781/3103
f 4401/1786/3105 4399/1784/3104 4402/1787/3105
f 4400/1785/3104 4402/1787/3105 4399/1784/3104
f 4378/1762/3095 4403/1788/3105 4380/1765/3095
f 4404/1789/3105 4380/1765/3095 4403/1788/3105
s 0
f 4405/1791/633 4406/1790/633 4407/1792/633
f 4408/1793/633 4407/1792/633 4409/1794/633
f 4410/1795/633 4409/1794/633 4411/1796/633
f 4412/1797/633 4411/1796/633 4413/1798/633
f 4411/1796/633 4409/1794/633 4413/1798/633
f 4409/1794/633 4407/1792/633 4413/1798/633
f 4407/1792/633 4406/1790/633 4413/1798/633
f 4406/1790/633 4414/1799/633 4413/1798/633
f 4415/1801/1328 4416/1800/1328 4417/1802/1328
f 4418/1803/1328 4417/1802/1328 4419/1804/1328
f 4420/1805/1328 4419/1804/1328 4421/1806/1328
f 4422/1807/1328 4421/1806/1328 4423/1808/1328
f 4421/1806/1328 4419/1804/1328 4423/1808/1328
f 4419/1804/1328 4417/1802/1328 4423/1808/1328
f 4417/1802/1328 4416/1800/1328 4423/1808/1328
f 4416/1800/1328 4424/1809/1328 4423/1808/1328
f 4425/1811/1328 4426/1810/1328 4427/1812/1328
f 4428/1813/1328 4427/1812/1328 4426/1810/1328
f 4429/1814/1328 4425/1811/1328 4430/1815/1328
f 4427/1812/1328 4430/1815/1328 4425/1811/1328
f 4431/1816/1328 4429/1814/1328 4432/1817/1328
f 4430/1815/1328 4432/1817/1328 4429/1814/1328
f 4433/1818/1328 4431/1816/1328 4434/1819/1328
f 4432/1817/1328 4434/1819/1328 4431/1816/1328
f 4435/1820/1328 4433/1818/1328 4436/1821/1328
f 4434/1819/1328 4436/1821/1328 4433/1818/1328
f 4437/1822/1328 4435/1820/1328 4438/1823/1328
f 4436/1821/1328 4438/1823/1328 4435/1820/1328
f 4439/1824/1328 4437/1822/1328 4440/1825/1328
f 4438/1823/1328 4440/1825/1328 4437/1822/1328
f 4441/1826/1328 4439/1824/1328 4442/1827/1328
f 4440/1825/1328 4442/1827/1328 4439/1824/1328
f 4443/1828/1328 4441/1826/1328 4444/1829/1328
f 4442/1827/1328 4444/1829/1328 4441/1826/1328
f 4426/1810/1328 4443/1828/1328 4428/1813/1328
f 4444/1829/1328 4428/1813/1328 4443/1828/1328
s 1
f 4445/1831/3106 4446/1830/3107 4447/1832/3106
f 4448/1833/3107 4447/1832/3106 4446/1830/3107
f 4449/1835/3108 4450/1834/3106 4451/1836/3109
f 4452/1837/3106 4451/1836/3109 4450/1834/3106
f 4453/1838/3110 4454/1835/3111 4455/1839/3112
f 4456/1836/3111 4455/1839/3112 4454/1835/3111
f 4457/1840/3113 4458/1838/3114 4459/1841/3115
f 4460/1839/3114 4459/1841/3115 4458/1838/3114
f 4461/1843/3116 4462/1842/3113 4463/1844/3117
f 4464/1845/3113 4463/1844/3117 4462/1842/3113
f 4465/1846/3118 4466/1843/3116 4467/1847/3119
f 4468/1844/3116 4467/1847/3119 4466/1843/3116
f 4469/1849/3120 4470/1848/3118 4471/1850/3120
f 4472/1851/3118 4471/1850/3120 4470/1848/3118
f 4473/1852/3121 4474/1849/3122 4475/1853/3121
f 4476/1850/3122 4475/1853/3121 4474/1849/3122
f 4477/1854/3123 4478/1852/3124 4479/1855/3125
f 4480/1853/3124 4479/1855/3125 4478/1852/3124
f 4481/1830/3107 4482/1856/3123 4483/1833/3107
f 4484/1857/3123 4483/1833/3107 4482/1856/3123
f 4485/1762/3100 4486/1763/3099 4487/1764/3099
f 4487/1764/3099 4488/1765/3100 4485/1762/3100
f 4489/1766/3099 4490/1767/3098 4491/1768/3098
f 4491/1768/3098 4492/1769/3099 4489/1766/3099
f 4490/1767/3098 4493/1770/3097 4494/1771/3097
f 4494/1771/3097 4491/1768/3098 4490/1767/3098
f 4493/1770/3097 4495/1772/3096 4496/1773/3096
f 4496/1773/3096 4494/1771/3097 4493/1770/3097
f 4497/1774/3094 4498/1775/3095 4499/1776/3095
f 4499/1776/3095 4500/1777/3096 4497/1774/3094
f 4498/1775/3095 4501/1778/3105 4502/1779/3105
f 4502/1779/3105 4499/1776/3095 4498/1775/3095
f 4503/1780/3105 4504/1781/3104 4505/1782/3104
f 4505/1782/3104 4506/1783/3105 4503/1780/3105
f 4504/1781/3104 4507/1784/3103 4508/1785/3103
f 4508/1785/3103 4505/1782/3104 4504/1781/3104
f 4507/1784/3103 4509/1786/3102 4510/1787/3102
f 4510/1787/3102 4508/1785/3103 4507/1784/3103
f 4511/1788/3101 4485/1762/3100 4488/1765/3100
f 4488/1765/3100 4512/1789/3102 4511/1788/3101
s 0
f 4513/1790/633 4514/1791/633 4515/1792/633
f 4515/1792/633 4516/1793/633 4517/1794/633
f 4517/1794/633 4518/1795/633 4519/1796/633
f 4519/1796/633 4520/1797/633 4521/1798/633
f 4517/1794/633 4519/1796/633 4521/1798/633
f 4515/1792/633 4517/1794/633 4521/1798/633
f 4513/1790/633 4515/1792/633 4521/1798/633
f 4522/1799/633 4513/1790/633 4521/1798/633
f 4523/1800/1328 4524/1801/1328 4525/1802/1328
f 4525/1802/1328 4526/1803/1328 4527/1804/1328
f 4527/1804/1328 4528/1805/1328 4529/1806/1328
f 4529/1806/1328 4530/1807/1328 4531/1808/1328
f 4527/1804/1328 4529/1806/1328 4531/1808/1328
f 4525/1802/1328 4527/1804/1328 4531/1808/1328
f 4523/1800/1328 4525/1802/1328 4531/1808/1328
f 4532/1809/1328 4523/1800/1328 4531/1808/1328
f 4533/1810/1328 4534/1811/1328 4535/1812/1328
f 4535/1812/1328 4536/1813/1328 4533/1810/1328
f 4534/1811/1328 4537/1814/1328 4538/1815/1328
f 4538/1815/1328 4535/1812/1328 4534/1811/1328
f 4537/1814/1328 4539/1816/1328 4540/1817/1328
f 4540/1817/1328 4538/1815/1328 4537/1814/1328
f 4539/1816/1328 4541/1818/1328 4542/1819/1328
f 4542/1819/1328 4540/1817/1328 4539/1816/1328
f 4541/1818/1328 4543/1820/1328 4544/1821/1328
f 4544/1821/1328 4542/1819/1328 4541/1818/1328
f 4543/1820/1328 4545/1822/1328 4546/1823/1328
f 4546/1823/1328 4544/1821/1328 4543/1820/1328
f 4545/1822/1328 4547/1824/1328 4548/1825/1328
f 4548/1825/1328 4546/1823/1328 4545/1822/1328
f 4547/1824/1328 4549/1826/1328 4550/1827/1328
f 4550/1827/1328 4548/1825/1328 4547/1824/1328
f 4549/1826/1328 4551/1828/1328 4552/1829/1328
f 4552/1829/1328 4550/1827/1328 4549/1826/1328
f 4551/1828/1328 4533/1810/1328 4536/1813/1328
f 4536/1813/1328 4552/1829/1328 4551/1828/1328
s 1
f 4553/1830/3116 4554/1831/3113 4555/1832/3113
f 4555/1832/3113 4556/1833/3117 4553/1830/3116
f 4557/1834/3113 4558/1835/3114 4559/1836/3114
f 4559/1836/3114 4560/1837/3113 4557/1834/3113
f 4561/1835/3110 4562/1838/3111 4563/1839/3111
f 4563/1839/3111 4564/1836/3112 4561/1835/3110
f 4565/1838/3108 4566/1840/3106 4567/1841/3106
f 4567/1841/3106 4568/1839/3109 4565/1838/3108
f 4569/1842/3106 4570/1843/3107 4571/1844/3107
f 4571/1844/3107 4572/1845/3126 4569/1842/3106
f 4573/1843/3107 4574/1846/3123 4575/1847/3123
f 4575/1847/3123 4576/1844/3107 4573/1843/3107
f 4577/1848/3123 4578/1849/3124 4579/1850/3124
f 4579/1850/3124 4580/1851/3123 4577/1848/3123
f 4581/1849/3121 4582/1852/3122 4583/1853/3127
f 4583/1853/3127 4584/1850/3121 4581/1849/3121
f 4585/1852/3120 4586/1854/3118 4587/1855/3118
f 4587/1855/3118 4588/1853/3128 4585/1852/3120
f 4589/1856/3118 4590/1830/3116 4591/1833/3116
f 4591/1833/3116 4592/1857/3118 4589/1856/3118
f 4593/1763/3065 4594/1762/3066 4595/1764/3064
f 4596/1765/3066 4595/1764/3064 4594/1762/3066
f 4597/1767/3063 4598/1766/3064 4599/1768/3063
f 4600/1769/3064 4599/1768/3063 4598/1766/3064
f 4601/1770/3062 4597/1767/3063 4602/1771/3062
f 4599/1768/3063 4602/1771/3062 4597/1767/3063
f 4603/1772/3061 4601/1770/3062 4604/1773/3061
f 4602/1771/3062 4604/1773/3061 4601/1770/3062
f 4605/1775/3060 4606/1774/3061 4607/1776/3060
f 4608/1777/3129 4607/1776/3060 4606/1774/3061
f 4609/1778/3071 4605/1775/3060 4610/1779/3070
f 4607/1776/3060 4610/1779/3070 4605/1775/3060
f 4611/1781/3069 4612/1780/3070 4613/1782/3069
f 4614/1783/3070 4613/1782/3069 4612/1780/3070
f 4615/1784/3068 4611/1781/3069 4616/1785/3068
f 4613/1782/3069 4616/1785/3068 4611/1781/3069
f 4617/1786/3067 4615/1784/3068 4618/1787/3067
f 4616/1785/3068 4618/1787/3067 4615/1784/3068
f 4594/1762/3066 4619/1788/3067 4596/1765/3066
f 4620/1789/3067 4596/1765/3066 4619/1788/3067
s 0
f 4621/1791/1328 4622/1790/1328 4623/1792/1328
f 4624/1793/1328 4623/1792/1328 4625/1794/1328
f 4626/1795/1328 4625/1794/1328 4627/1796/1328
f 4628/1797/1328 4627/1796/1328 4629/1798/1328
f 4627/1796/1328 4625/1794/1328 4629/1798/1328
f 4625/1794/1328 4623/1792/1328 4629/1798/1328
f 4623/1792/1328 4622/1790/1328 4629/1798/1328
f 4622/1790/1328 4630/1799/1328 4629/1798/1328
f 4631/1801/633 4632/1800/633 4633/1802/633
f 4634/1803/633 4633/1802/633 4635/1804/633
f 4636/1805/633 4635/1804/633 4637/1806/633
f 4638/1807/633 4637/1806/633 4639/1808/633
f 4637/1806/633 4635/1804/633 4639/1808/633
f 4635/1804/633 4633/1802/633 4639/1808/633
f 4633/1802/633 4632/1800/633 4639/1808/633
f 4632/1800/633 4640/1809/633 4639/1808/633
f 4641/1811/633 4642/1810/633 4643/1812/633
f 4644/1813/633 4643/1812/633 4642/1810/633
f 4645/1814/633 4641/1811/633 4646/1815/633
f 4643/1812/633 4646/1815/633 4641/1811/633
f 4647/1816/633 4645/1814/633 4648/1817/633
f 4646/1815/633 4648/1817/633 4645/1814/633
f 4649/1818/633 4647/1816/633 4650/1819/633
f 4648/1817/633 4650/1819/633 4647/1816/633
f 4651/1820/633 4649/1818/633 4652/1821/633
f 4650/1819/633 4652/1821/633 4649/1818/633
f 4653/1822/633 4651/1820/633 4654/1823/633
f 4652/1821/633 4654/1823/633 4651/1820/633
f 4655/1824/633 4653/1822/633 4656/1825/633
f 4654/1823/633 4656/1825/633 4653/1822/633
f 4657/1826/633 4655/1824/633 4658/1827/633
f 4656/1825/633 4658/1827/633 4655/1824/633
f 4659/1828/633 4657/1826/633 4660/1829/633
f 4658/1827/633 4660/1829/633 4657/1826/633
f 4642/1810/633 4659/1828/633 4644/1813/633
f 4660/1829/633 4644/1813/633 4659/1828/633
s 1
f 4661/1831/3080 4662/1830/3082 4663/1832/3083
f 4664/1833/3082 4663/1832/3083 4662/1830/3082
f 4665/1835/3079 4666/1834/3080 4667/1836/3081
f 4668/1837/3080 4667/1836/3081 4666/1834/3080
f 4669/1838/3076 4670/1835/3077 4671/1839/3078
f 4672/1836/3077 4671/1839/3078 4670/1835/3077
f 4673/1840/3073 4674/1838/3075 4675/1841/3074
f 4676/1839/3075 4675/1841/3074 4674/1838/3075
f 4677/1843/3072 4678/1842/3073 4679/1844/3072
f 4680/1845/3074 4679/1844/3072 4678/1842/3073
f 4681/1846/3091 4682/1843/3072 4683/1847/3091
f 4684/1844/3072 4683/1847/3091 4682/1843/3072
f 4685/1849/3090 4686/1848/3091 4687/1850/3092
f 4688/1851/3091 4687/1850/3092 4686/1848/3091
f 4689/1852/3087 4690/1849/3088 4691/1853/3087
f 4692/1850/3088 4691/1853/3087 4690/1849/3088
f 4693/1854/3084 4694/1852/3085 4695/1855/3130
f 4696/1853/3085 4695/1855/3130 4694/1852/3085
f 4697/1830/3082 4698/1856/3084 4699/1833/3082
f 4700/1857/3084 4699/1833/3082 4698/1856/3084
s 0
f 4701/1858/3131 4702/1859/3131 4703/1860/3131
f 4703/1860/3131 4704/1861/3131 4701/1858/3131
s 1
f 4705/1862/3132 4706/1863/3132 4707/1864/3133
f 4707/1864/3133 4708/1865/3133 4705/1862/3132
s 0
f 4709/1866/1328 4710/1867/1328 4711/1868/1328
f 4711/1868/1328 4712/1869/1328 4709/1866/1328
s 1
f 4713/1870/3134 4714/1871/3134 4715/1872/3135
f 4715/1872/3135 4716/1873/3135 4713/1870/3134
s 0
f 4717/1874/633 4718/1875/633 4719/1876/633
f 4719/1876/633 4720/1877/633 4717/1874/633
s 1
f 4721/1878/3132 4722/1879/3132 4723/1880/3133
f 4723/1880/3133 4724/1881/3133 4721/1878/3132
s 0
f 4725/1882/1328 4726/1883/1328 4727/1884/1328
f 4727/1884/1328 4728/1885/1328 4725/1882/1328
s 1
f 4729/1886/3134 4730/1887/3134 4731/1888/3135
f 4731/1888/3135 4732/1889/3135 4729/1886/3134
s 0
f 4733/1890/633 4734/1891/633 4735/1892/633
f 4735/1892/633 4736/1893/633 4733/1890/633
f 4737/1859/1325 4738/1858/1325 4739/1860/1325
f 4740/1861/1325 4739/1860/1325 4738/1858/1325
s 1
f 4741/1863/3132 4742/1862/3132 4743/1864/1326
f 4744/1865/1326 4743/1864/1326 4742/1862/3132
s 0
f 4745/1867/1328 4746/1866/1328 4747/1868/1328
f 4748/1869/1328 4747/1868/1328 4746/1866/1328
s 1
f 4749/1871/3134 4750/1870/3134 4751/1872/1327
f 4752/1873/1327 4751/1872/1327 4750/1870/3134
s 0
f 4753/1875/633 4754/1874/633 4755/1876/633
f 4756/1877/633 4755/1876/633 4754/1874/633
s 1
f 4757/1879/3132 4758/1878/3132 4759/1880/1326
f 4760/1881/1326 4759/1880/1326 4758/1878/3132
s 0
f 4761/1883/1328 4762/1882/1328 4763/1884/1328
f 4764/1885/1328 4763/1884/1328 4762/1882/1328
s 1
f 4765/1887/3134 4766/1886/3134 4767/1888/1327
f 4768/1889/1327 4767/1888/1327 4766/1886/3134
s 0
f 4769/1891/633 4770/1890/633 4771/1892/633
f 4772/1893/633 4771/1892/633 4770/1890/633
f 4773/1858/633 4774/1859/633 4775/1860/633
f 4775/1860/633 4776/1861/633 4773/1858/633
f 4777/1862/1326 4778/1863/1326 4779/1864/1326
f 4779/1864/1326 4780/1865/1326 4777/1862/1326
f 4781/1866/3131 4782/1867/3131 4783/1868/3131
f 4783/1868/3131 4784/1869/3131 4781/1866/3131
f 4785/1870/1327 4786/1871/1327 4787/1872/1327
f 4787/1872/1327 4788/1873/1327 4785/1870/1327
f 4789/1874/1325 4790/1875/1325 4791/1876/1325
f 4791/1876/1325 4792/1877/1325 4789/1874/1325
f 4793/1878/1326 4794/1879/1326 4795/1880/1326
f 4795/1880/1326 4796/1881/1326 4793/1878/1326
f 4797/1882/3131 4798/1883/3131 4799/1884/3131
f 4799/1884/3131 4800/1885/3131 4797/1882/3131
f 4801/1886/1327 4802/1887/1327 4803/1888/1327
f 4803/1888/1327 4804/1889/1327 4801/1886/1327
f 4805/1890/1325 4806/1891/1325 4807/1892/1325
f 4807/1892/1325 4808/1893/1325 4805/1890/1325
f 4809/1859/1328 4810/1858/1328 4811/1860/1328
f 4812/1861/1328 4811/1860/1328 4810/1858/1328
f 4813/1863/1326 4814/1862/1326 4815/1864/1326
f 4816/1865/1326 4815/1864/1326 4814/1862/1326
f 4817/1867/3131 4818/1866/3131 4819/1868/3131
f 4820/1869/3131 4819/1868/3131 4818/1866/3131
f 4821/1871/1327 4822/1870/1327 4823/1872/1327
f 4824/1873/1327 4823/1872/1327 4822/1870/1327
f 4825/1875/1325 4826/1874/1325 4827/1876/1325
f 4828/1877/1325 4827/1876/1325 4826/1874/1325
f 4829/1879/1326 4830/1878/1326 4831/1880/1326
f 4832/1881/1326 4831/1880/1326 4830/1878/1326
f 4833/1883/3131 4834/1882/3131 4835/1884/3131
f 4836/1885/3131 4835/1884/3131 4834/1882/3131
f 4837/1887/1327 4838/1886/1327 4839/1888/1327
f 4840/1889/1327 4839/1888/1327 4838/1886/1327
f 4841/1891/1325 4842/1890/1325 4843/1892/1325
f 4844/1893/1325 4843/1892/1325 4842/1890/1325
